consumo_kwh,uso_horario_pico,quantidade_equipamentos,tipo_imovel,horas_alto_consumo,categoria,score_referencia,tipo_cenario,caso_fronteira,caso_raro,outlier_plausivel,lote_geracao
207.630000,False,8,CASA,3,EFICIENTE,11,TIPICO,False,False,False,energiai-v2-seed-42-size-5000
217.670000,False,9,CASA,2,EFICIENTE,11,TIPICO,False,False,False,energiai-v2-seed-42-size-5000
542.120000,True,27,COMERCIO,11,INEFICIENTE,97,TIPICO,False,False,False,energiai-v2-seed-42-size-5000
292.550000,False,20,COMERCIO,2,EFICIENTE,18,TIPICO,False,False,False,energiai-v2-seed-42-size-5000
403.880000,True,12,CASA,10,INEFICIENTE,70,TIPICO,False,False,False,energiai-v2-seed-42-size-5000
281.740000,False,5,CASA,10,MODERADO,31,TIPICO,False,False,False,energiai-v2-seed-42-size-5000
250.800000,False,11,APARTAMENTO,8,MODERADO,48,TIPICO,False,False,False,energiai-v2-seed-42-size-5000
288.280000,False,8,COMERCIO,4,EFICIENTE,11,TIPICO,False,False,False,energiai-v2-seed-42-size-5000
213.850000,False,13,APARTAMENTO,2,EFICIENTE,26,TIPICO,False,False,False,energiai-v2-seed-42-size-5000
257.290000,False,9,APARTAMENTO,10,MODERADO,52,TIPICO,False,False,False,energiai-v2-seed-42-size-5000
325.730000,False,6,COMERCIO,12,EFICIENTE,30,FRONTEIRA,True,False,False,energiai-v2-seed-42-size-5000
331.160000,False,25,COMERCIO,2,EFICIENTE,27,TIPICO,False,False,False,energiai-v2-seed-42-size-5000
246.280000,False,10,CASA,2,EFICIENTE,15,TIPICO,False,False,False,energiai-v2-seed-42-size-5000
201.700000,False,5,ESCRITORIO,4,EFICIENTE,2,TIPICO,False,False,False,energiai-v2-seed-42-size-5000
372.990000,False,17,CASA,9,INEFICIENTE,61,TIPICO,False,False,False,energiai-v2-seed-42-size-5000
279.490000,False,9,CASA,6,EFICIENTE,28,TIPICO,False,False,False,energiai-v2-seed-42-size-5000
477.820000,True,19,CASA,11,INEFICIENTE,96,TIPICO,False,False,False,energiai-v2-seed-42-size-5000
325.200000,False,25,COMERCIO,2,EFICIENTE,26,TIPICO,False,False,False,energiai-v2-seed-42-size-5000
162.300000,False,3,APARTAMENTO,3,EFICIENTE,6,TIPICO,False,False,False,energiai-v2-seed-42-size-5000
380.470000,True,9,OUTRO,5,MODERADO,35,TIPICO,False,False,False,energiai-v2-seed-42-size-5000
289.560000,True,12,APARTAMENTO,8,INEFICIENTE,67,TIPICO,False,False,False,energiai-v2-seed-42-size-5000
193.210000,True,3,APARTAMENTO,5,EFICIENTE,25,TIPICO,False,False,False,energiai-v2-seed-42-size-5000
532.880000,False,16,INDUSTRIA,10,EFICIENTE,20,TIPICO,False,False,False,energiai-v2-seed-42-size-5000
408.800000,True,16,COMERCIO,7,MODERADO,51,TIPICO,False,False,False,energiai-v2-seed-42-size-5000
298.010000,False,20,CASA,2,MODERADO,33,TIPICO,False,False,False,energiai-v2-seed-42-size-5000
159.770000,False,7,APARTAMENTO,1,EFICIENTE,7,TIPICO,False,False,False,energiai-v2-seed-42-size-5000
354.430000,True,21,CASA,3,MODERADO,53,TIPICO,False,False,False,energiai-v2-seed-42-size-5000
367.190000,True,16,APARTAMENTO,11,INEFICIENTE,100,TIPICO,False,False,False,energiai-v2-seed-42-size-5000
265.460000,True,10,APARTAMENTO,6,MODERADO,52,TIPICO,False,False,False,energiai-v2-seed-42-size-5000
412.300000,True,14,ESCRITORIO,10,MODERADO,49,TIPICO,False,False,False,energiai-v2-seed-42-size-5000
264.000000,False,5,CASA,7,EFICIENTE,22,TIPICO,False,False,False,energiai-v2-seed-42-size-5000
239.000000,True,12,APARTAMENTO,2,MODERADO,38,TIPICO,False,False,False,energiai-v2-seed-42-size-5000
390.000000,True,18,APARTAMENTO,11,INEFICIENTE,100,TIPICO,False,False,False,energiai-v2-seed-42-size-5000
230.170000,False,6,APARTAMENTO,10,MODERADO,41,TIPICO,False,False,False,energiai-v2-seed-42-size-5000
535.670000,False,11,INDUSTRIA,16,EFICIENTE,26,TIPICO,False,False,False,energiai-v2-seed-42-size-5000
308.020000,False,11,CASA,20,MODERADO,50,RARO_EXTREMO,False,True,True,energiai-v2-seed-42-size-5000
195.710000,False,16,APARTAMENTO,1,EFICIENTE,25,TIPICO,False,False,False,energiai-v2-seed-42-size-5000
380.770000,True,16,OUTRO,4,MODERADO,38,TIPICO,False,False,False,energiai-v2-seed-42-size-5000
326.000000,False,28,COMERCIO,2,EFICIENTE,29,TIPICO,False,False,False,energiai-v2-seed-42-size-5000
195.640000,False,5,CASA,1,EFICIENTE,2,TIPICO,False,False,False,energiai-v2-seed-42-size-5000
456.080000,True,25,ESCRITORIO,6,MODERADO,51,TIPICO,False,False,False,energiai-v2-seed-42-size-5000
278.660000,False,7,COMERCIO,7,EFICIENTE,15,TIPICO,False,False,False,energiai-v2-seed-42-size-5000
659.130000,True,31,ESCRITORIO,14,INEFICIENTE,100,TIPICO,False,False,False,energiai-v2-seed-42-size-5000
312.510000,False,8,COMERCIO,9,EFICIENTE,24,TIPICO,False,False,False,energiai-v2-seed-42-size-5000
239.470000,True,15,APARTAMENTO,2,MODERADO,42,TIPICO,False,False,False,energiai-v2-seed-42-size-5000
219.860000,True,9,APARTAMENTO,2,MODERADO,31,TIPICO,False,False,False,energiai-v2-seed-42-size-5000
406.410000,False,20,CASA,8,INEFICIENTE,67,TIPICO,False,False,False,energiai-v2-seed-42-size-5000
193.800000,False,6,CASA,1,EFICIENTE,3,TIPICO,False,False,False,energiai-v2-seed-42-size-5000
416.790000,False,19,ESCRITORIO,12,MODERADO,51,TIPICO,False,False,False,energiai-v2-seed-42-size-5000
416.600000,False,10,OUTRO,15,MODERADO,48,TIPICO,False,False,False,energiai-v2-seed-42-size-5000
375.660000,True,23,COMERCIO,3,MODERADO,43,TIPICO,False,False,False,energiai-v2-seed-42-size-5000
220.900000,False,9,ESCRITORIO,8,EFICIENTE,15,TIPICO,False,False,False,energiai-v2-seed-42-size-5000
204.680000,False,7,APARTAMENTO,4,EFICIENTE,22,TIPICO,False,False,False,energiai-v2-seed-42-size-5000
196.610000,False,7,APARTAMENTO,5,EFICIENTE,23,TIPICO,False,False,False,energiai-v2-seed-42-size-5000
420.820000,True,20,CASA,6,INEFICIENTE,71,TIPICO,False,False,False,energiai-v2-seed-42-size-5000
381.250000,True,14,CASA,7,MODERADO,60,TIPICO,False,False,False,energiai-v2-seed-42-size-5000
228.080000,False,9,APARTAMENTO,8,MODERADO,40,TIPICO,False,False,False,energiai-v2-seed-42-size-5000
196.070000,False,9,OUTRO,1,EFICIENTE,8,TIPICO,False,False,False,energiai-v2-seed-42-size-5000
414.120000,True,21,CASA,7,INEFICIENTE,75,TIPICO,False,False,False,energiai-v2-seed-42-size-5000
541.820000,True,25,COMERCIO,14,INEFICIENTE,100,TIPICO,False,False,False,energiai-v2-seed-42-size-5000
398.550000,True,12,CASA,11,INEFICIENTE,72,TIPICO,False,False,False,energiai-v2-seed-42-size-5000
300.600000,False,27,ESCRITORIO,5,EFICIENTE,28,TIPICO,False,False,False,energiai-v2-seed-42-size-5000
278.090000,True,3,OUTRO,1,EFICIENTE,17,TIPICO,False,False,False,energiai-v2-seed-42-size-5000
344.210000,False,21,CASA,5,MODERADO,49,TIPICO,False,False,False,energiai-v2-seed-42-size-5000
418.030000,False,24,ESCRITORIO,9,MODERADO,47,TIPICO,False,False,False,energiai-v2-seed-42-size-5000
879.280000,True,18,INDUSTRIA,15,MODERADO,53,TIPICO,False,False,False,energiai-v2-seed-42-size-5000
281.590000,False,13,APARTAMENTO,9,INEFICIENTE,61,TIPICO,False,False,False,energiai-v2-seed-42-size-5000
485.970000,True,28,COMERCIO,8,INEFICIENTE,79,TIPICO,False,False,False,energiai-v2-seed-42-size-5000
518.020000,True,23,COMERCIO,13,INEFICIENTE,95,TIPICO,False,False,False,energiai-v2-seed-42-size-5000
359.550000,False,18,CASA,6,MODERADO,51,TIPICO,False,False,False,energiai-v2-seed-42-size-5000
236.270000,False,13,CASA,1,EFICIENTE,15,TIPICO,False,False,False,energiai-v2-seed-42-size-5000
310.690000,True,15,CASA,2,MODERADO,38,TIPICO,False,False,False,energiai-v2-seed-42-size-5000
688.020000,True,33,ESCRITORIO,14,INEFICIENTE,100,TIPICO,False,False,False,energiai-v2-seed-42-size-5000
675.080000,True,33,ESCRITORIO,14,INEFICIENTE,100,TIPICO,False,False,False,energiai-v2-seed-42-size-5000
282.940000,True,10,APARTAMENTO,7,MODERADO,59,TIPICO,False,False,False,energiai-v2-seed-42-size-5000
185.260000,False,5,APARTAMENTO,5,EFICIENTE,18,TIPICO,False,False,False,energiai-v2-seed-42-size-5000
377.480000,True,18,APARTAMENTO,11,INEFICIENTE,100,TIPICO,False,False,False,energiai-v2-seed-42-size-5000
389.400000,False,14,CASA,11,INEFICIENTE,65,TIPICO,False,False,False,energiai-v2-seed-42-size-5000
456.720000,True,25,COMERCIO,9,INEFICIENTE,74,TIPICO,False,False,False,energiai-v2-seed-42-size-5000
343.370000,False,13,CASA,9,MODERADO,50,TIPICO,False,False,False,energiai-v2-seed-42-size-5000
671.390000,False,10,INDUSTRIA,19,MODERADO,36,TIPICO,False,False,False,energiai-v2-seed-42-size-5000
210.110000,False,9,APARTAMENTO,5,EFICIENTE,28,TIPICO,False,False,False,energiai-v2-seed-42-size-5000
356.810000,True,7,COMERCIO,10,MODERADO,41,TIPICO,False,False,False,energiai-v2-seed-42-size-5000
530.460000,True,32,ESCRITORIO,9,INEFICIENTE,73,TIPICO,False,False,False,energiai-v2-seed-42-size-5000
380.450000,False,11,COMERCIO,12,MODERADO,45,TIPICO,False,False,False,energiai-v2-seed-42-size-5000
268.790000,False,17,APARTAMENTO,5,MODERADO,52,TIPICO,False,False,False,energiai-v2-seed-42-size-5000
198.380000,False,6,APARTAMENTO,5,EFICIENTE,22,TIPICO,False,False,False,energiai-v2-seed-42-size-5000
231.660000,False,7,APARTAMENTO,11,MODERADO,46,TIPICO,False,False,False,energiai-v2-seed-42-size-5000
403.230000,True,14,CASA,8,INEFICIENTE,67,TIPICO,False,False,False,energiai-v2-seed-42-size-5000
358.370000,True,15,APARTAMENTO,11,INEFICIENTE,99,TIPICO,False,False,False,energiai-v2-seed-42-size-5000
621.050000,False,37,INDUSTRIA,6,EFICIENTE,27,TIPICO,False,False,False,energiai-v2-seed-42-size-5000
834.800000,True,25,INDUSTRIA,12,MODERADO,50,TIPICO,False,False,False,energiai-v2-seed-42-size-5000
294.230000,True,7,APARTAMENTO,11,INEFICIENTE,68,TIPICO,False,False,False,energiai-v2-seed-42-size-5000
251.780000,False,14,CASA,1,EFICIENTE,18,TIPICO,False,False,False,energiai-v2-seed-42-size-5000
346.820000,True,17,APARTAMENTO,7,INEFICIENTE,84,TIPICO,False,False,False,energiai-v2-seed-42-size-5000
270.680000,False,3,CASA,4,EFICIENTE,15,RARO_EXTREMO,False,True,False,energiai-v2-seed-42-size-5000
383.030000,True,25,ESCRITORIO,4,MODERADO,39,TIPICO,False,False,False,energiai-v2-seed-42-size-5000
251.750000,False,9,APARTAMENTO,8,MODERADO,45,TIPICO,False,False,False,energiai-v2-seed-42-size-5000
243.160000,True,10,APARTAMENTO,5,MODERADO,45,TIPICO,False,False,False,energiai-v2-seed-42-size-5000
149.680000,False,3,APARTAMENTO,1,EFICIENTE,0,TIPICO,False,False,False,energiai-v2-seed-42-size-5000
225.630000,False,9,APARTAMENTO,7,MODERADO,37,TIPICO,False,False,False,energiai-v2-seed-42-size-5000
318.930000,True,8,CASA,7,MODERADO,43,TIPICO,False,False,False,energiai-v2-seed-42-size-5000
232.090000,False,7,APARTAMENTO,9,MODERADO,40,TIPICO,False,False,False,energiai-v2-seed-42-size-5000
337.560000,False,20,COMERCIO,4,EFICIENTE,28,TIPICO,False,False,False,energiai-v2-seed-42-size-5000
471.850000,True,29,ESCRITORIO,7,MODERADO,59,TIPICO,False,False,False,energiai-v2-seed-42-size-5000
334.050000,True,22,CASA,2,MODERADO,49,TIPICO,False,False,False,energiai-v2-seed-42-size-5000
360.460000,True,10,CASA,9,MODERADO,57,TIPICO,False,False,False,energiai-v2-seed-42-size-5000
187.520000,False,11,APARTAMENTO,2,EFICIENTE,19,TIPICO,False,False,False,energiai-v2-seed-42-size-5000
341.840000,False,18,APARTAMENTO,10,INEFICIENTE,88,TIPICO,False,False,False,energiai-v2-seed-42-size-5000
799.100000,True,9,ESCRITORIO,10,INEFICIENTE,74,RARO_EXTREMO,False,True,True,energiai-v2-seed-42-size-5000
306.140000,True,4,CASA,9,MODERADO,40,TIPICO,False,False,False,energiai-v2-seed-42-size-5000
298.720000,False,26,ESCRITORIO,4,EFICIENTE,24,TIPICO,False,False,False,energiai-v2-seed-42-size-5000
504.050000,True,26,ESCRITORIO,10,INEFICIENTE,69,TIPICO,False,False,False,energiai-v2-seed-42-size-5000
415.690000,True,11,COMERCIO,13,INEFICIENTE,62,TIPICO,False,False,False,energiai-v2-seed-42-size-5000
423.340000,True,16,CASA,9,INEFICIENTE,76,TIPICO,False,False,False,energiai-v2-seed-42-size-5000
354.820000,True,7,ESCRITORIO,9,MODERADO,36,TIPICO,False,False,False,energiai-v2-seed-42-size-5000
194.450000,False,3,APARTAMENTO,6,EFICIENTE,18,TIPICO,False,False,False,energiai-v2-seed-42-size-5000
297.280000,True,16,APARTAMENTO,6,INEFICIENTE,68,TIPICO,False,False,False,energiai-v2-seed-42-size-5000
273.660000,False,9,CASA,5,EFICIENTE,24,TIPICO,False,False,False,energiai-v2-seed-42-size-5000
519.040000,True,23,OUTRO,8,INEFICIENTE,62,TIPICO,False,False,False,energiai-v2-seed-42-size-5000
419.780000,True,8,COMERCIO,14,INEFICIENTE,61,TIPICO,False,False,False,energiai-v2-seed-42-size-5000
306.090000,True,9,APARTAMENTO,10,INEFICIENTE,72,TIPICO,False,False,False,energiai-v2-seed-42-size-5000
398.720000,False,33,ESCRITORIO,7,MODERADO,46,TIPICO,False,False,False,energiai-v2-seed-42-size-5000
544.150000,True,27,COMERCIO,14,INEFICIENTE,100,TIPICO,False,False,False,energiai-v2-seed-42-size-5000
239.940000,True,11,APARTAMENTO,3,MODERADO,40,TIPICO,False,False,False,energiai-v2-seed-42-size-5000
371.660000,False,11,COMERCIO,13,MODERADO,46,TIPICO,False,False,False,energiai-v2-seed-42-size-5000
324.810000,True,10,APARTAMENTO,11,INEFICIENTE,81,TIPICO,False,False,False,energiai-v2-seed-42-size-5000
493.950000,True,19,CASA,12,INEFICIENTE,100,TIPICO,False,False,False,energiai-v2-seed-42-size-5000
193.920000,False,10,APARTAMENTO,2,EFICIENTE,19,TIPICO,False,False,False,energiai-v2-seed-42-size-5000
343.240000,False,9,INDUSTRIA,6,EFICIENTE,4,TIPICO,False,False,False,energiai-v2-seed-42-size-5000
344.760000,True,16,APARTAMENTO,9,INEFICIENTE,90,TIPICO,False,False,False,energiai-v2-seed-42-size-5000
382.990000,True,18,APARTAMENTO,10,INEFICIENTE,100,TIPICO,False,False,False,energiai-v2-seed-42-size-5000
638.890000,False,27,INDUSTRIA,10,EFICIENTE,30,FRONTEIRA,True,False,False,energiai-v2-seed-42-size-5000
339.080000,False,22,CASA,4,MODERADO,47,TIPICO,False,False,False,energiai-v2-seed-42-size-5000
323.530000,False,18,APARTAMENTO,8,INEFICIENTE,76,TIPICO,False,False,False,energiai-v2-seed-42-size-5000
700.000000,True,35,ESCRITORIO,14,INEFICIENTE,100,TIPICO,False,False,False,energiai-v2-seed-42-size-5000
424.050000,True,16,CASA,8,INEFICIENTE,73,TIPICO,False,False,False,energiai-v2-seed-42-size-5000
238.460000,False,4,CASA,7,EFICIENTE,18,TIPICO,False,False,False,energiai-v2-seed-42-size-5000
288.540000,False,13,CASA,6,MODERADO,34,TIPICO,False,False,False,energiai-v2-seed-42-size-5000
313.070000,True,7,CASA,6,MODERADO,38,TIPICO,False,False,False,energiai-v2-seed-42-size-5000
398.950000,False,13,COMERCIO,13,MODERADO,53,TIPICO,False,False,False,energiai-v2-seed-42-size-5000
173.830000,False,12,APARTAMENTO,1,EFICIENTE,16,TIPICO,False,False,False,energiai-v2-seed-42-size-5000
267.390000,False,8,OUTRO,4,EFICIENTE,16,TIPICO,False,False,False,energiai-v2-seed-42-size-5000
292.600000,False,14,APARTAMENTO,8,INEFICIENTE,62,TIPICO,False,False,False,energiai-v2-seed-42-size-5000
338.380000,True,18,APARTAMENTO,7,INEFICIENTE,84,TIPICO,False,False,False,energiai-v2-seed-42-size-5000
390.000000,True,17,APARTAMENTO,11,INEFICIENTE,100,TIPICO,False,False,False,energiai-v2-seed-42-size-5000
448.700000,True,16,CASA,12,INEFICIENTE,90,TIPICO,False,False,False,energiai-v2-seed-42-size-5000
285.810000,False,4,OUTRO,12,EFICIENTE,27,TIPICO,False,False,False,energiai-v2-seed-42-size-5000
448.380000,True,11,ESCRITORIO,14,INEFICIENTE,61,FRONTEIRA,True,False,False,energiai-v2-seed-42-size-5000
413.840000,True,17,CASA,20,INEFICIENTE,86,RARO_EXTREMO,False,True,True,energiai-v2-seed-42-size-5000
408.340000,True,12,CASA,12,INEFICIENTE,77,TIPICO,False,False,False,energiai-v2-seed-42-size-5000
221.850000,False,18,APARTAMENTO,3,MODERADO,38,TIPICO,False,False,False,energiai-v2-seed-42-size-5000
403.390000,True,9,CASA,12,INEFICIENTE,71,TIPICO,False,False,False,energiai-v2-seed-42-size-5000
154.640000,False,3,APARTAMENTO,3,EFICIENTE,5,TIPICO,False,False,False,energiai-v2-seed-42-size-5000
699.480000,False,19,INDUSTRIA,15,MODERADO,37,TIPICO,False,False,False,energiai-v2-seed-42-size-5000
466.380000,False,27,COMERCIO,11,INEFICIENTE,75,TIPICO,False,False,False,energiai-v2-seed-42-size-5000
388.990000,True,8,CASA,12,INEFICIENTE,67,TIPICO,False,False,False,energiai-v2-seed-42-size-5000
240.380000,False,16,ESCRITORIO,3,EFICIENTE,11,TIPICO,False,False,False,energiai-v2-seed-42-size-5000
157.660000,False,3,APARTAMENTO,4,EFICIENTE,8,TIPICO,False,False,False,energiai-v2-seed-42-size-5000
320.150000,False,17,ESCRITORIO,7,EFICIENTE,27,TIPICO,False,False,False,energiai-v2-seed-42-size-5000
279.640000,False,12,APARTAMENTO,10,INEFICIENTE,63,TIPICO,False,False,False,energiai-v2-seed-42-size-5000
284.250000,False,9,COMERCIO,4,EFICIENTE,11,TIPICO,False,False,False,energiai-v2-seed-42-size-5000
215.110000,False,7,CASA,3,EFICIENTE,10,TIPICO,False,False,False,energiai-v2-seed-42-size-5000
465.450000,False,26,COMERCIO,12,INEFICIENTE,77,TIPICO,False,False,False,energiai-v2-seed-42-size-5000
512.500000,True,27,COMERCIO,12,INEFICIENTE,95,TIPICO,False,False,False,energiai-v2-seed-42-size-5000
350.580000,False,21,CASA,6,MODERADO,53,TIPICO,False,False,False,energiai-v2-seed-42-size-5000
455.020000,True,25,COMERCIO,8,INEFICIENTE,71,TIPICO,False,False,False,energiai-v2-seed-42-size-5000
856.750000,True,4,OUTRO,12,INEFICIENTE,76,RARO_EXTREMO,False,True,True,energiai-v2-seed-42-size-5000
204.870000,False,4,APARTAMENTO,11,MODERADO,34,TIPICO,False,False,False,energiai-v2-seed-42-size-5000
807.160000,False,31,INDUSTRIA,14,MODERADO,47,TIPICO,False,False,False,energiai-v2-seed-42-size-5000
373.320000,False,10,INDUSTRIA,6,EFICIENTE,5,TIPICO,False,False,False,energiai-v2-seed-42-size-5000
390.950000,False,16,CASA,12,INEFICIENTE,71,TIPICO,False,False,False,energiai-v2-seed-42-size-5000
369.170000,True,16,APARTAMENTO,11,INEFICIENTE,100,TIPICO,False,False,False,energiai-v2-seed-42-size-5000
419.370000,False,20,COMERCIO,10,MODERADO,56,TIPICO,False,False,False,energiai-v2-seed-42-size-5000
272.260000,True,15,APARTAMENTO,4,MODERADO,55,TIPICO,False,False,False,energiai-v2-seed-42-size-5000
506.730000,True,24,COMERCIO,12,INEFICIENTE,91,TIPICO,False,False,False,energiai-v2-seed-42-size-5000
196.950000,False,5,APARTAMENTO,8,EFICIENTE,27,TIPICO,False,False,False,energiai-v2-seed-42-size-5000
565.510000,True,30,ESCRITORIO,11,INEFICIENTE,82,TIPICO,False,False,False,energiai-v2-seed-42-size-5000
322.160000,False,42,COMERCIO,3,MODERADO,31,RARO_EXTREMO,False,True,True,energiai-v2-seed-42-size-5000
222.780000,False,7,ESCRITORIO,4,EFICIENTE,5,TIPICO,False,False,False,energiai-v2-seed-42-size-5000
236.650000,True,5,APARTAMENTO,8,MODERADO,44,TIPICO,False,False,False,energiai-v2-seed-42-size-5000
249.890000,False,16,CASA,2,EFICIENTE,23,TIPICO,False,False,False,energiai-v2-seed-42-size-5000
176.460000,False,4,APARTAMENTO,4,EFICIENTE,12,TIPICO,False,False,False,energiai-v2-seed-42-size-5000
348.210000,False,16,COMERCIO,8,MODERADO,36,TIPICO,False,False,False,energiai-v2-seed-42-size-5000
310.990000,False,10,CASA,9,MODERADO,41,TIPICO,False,False,False,energiai-v2-seed-42-size-5000
413.290000,True,26,OUTRO,1,MODERADO,42,TIPICO,False,False,False,energiai-v2-seed-42-size-5000
240.030000,False,8,APARTAMENTO,9,MODERADO,44,TIPICO,False,False,False,energiai-v2-seed-42-size-5000
305.640000,False,16,APARTAMENTO,8,INEFICIENTE,68,TIPICO,False,False,False,energiai-v2-seed-42-size-5000
236.550000,True,6,CASA,2,EFICIENTE,18,TIPICO,False,False,False,energiai-v2-seed-42-size-5000
221.540000,False,8,ESCRITORIO,5,EFICIENTE,8,TIPICO,False,False,False,energiai-v2-seed-42-size-5000
208.970000,False,7,APARTAMENTO,4,EFICIENTE,22,TIPICO,False,False,False,energiai-v2-seed-42-size-5000
268.810000,True,14,APARTAMENTO,4,MODERADO,53,TIPICO,False,False,False,energiai-v2-seed-42-size-5000
505.590000,True,13,ESCRITORIO,13,INEFICIENTE,66,TIPICO,False,False,False,energiai-v2-seed-42-size-5000
552.820000,True,20,OUTRO,10,INEFICIENTE,67,TIPICO,False,False,False,energiai-v2-seed-42-size-5000
325.190000,False,13,COMERCIO,6,EFICIENTE,25,TIPICO,False,False,False,energiai-v2-seed-42-size-5000
218.870000,False,7,CASA,4,EFICIENTE,13,TIPICO,False,False,False,energiai-v2-seed-42-size-5000
228.000000,True,11,APARTAMENTO,2,MODERADO,35,TIPICO,False,False,False,energiai-v2-seed-42-size-5000
251.520000,True,12,APARTAMENTO,5,MODERADO,50,TIPICO,False,False,False,energiai-v2-seed-42-size-5000
179.640000,False,3,APARTAMENTO,9,EFICIENTE,23,TIPICO,False,False,False,energiai-v2-seed-42-size-5000
245.960000,False,10,CASA,5,EFICIENTE,22,TIPICO,False,False,False,energiai-v2-seed-42-size-5000
294.740000,True,13,APARTAMENTO,7,INEFICIENTE,66,TIPICO,False,False,False,energiai-v2-seed-42-size-5000
209.210000,False,10,APARTAMENTO,5,EFICIENTE,30,FRONTEIRA,True,False,False,energiai-v2-seed-42-size-5000
434.980000,True,14,CASA,11,INEFICIENTE,81,TIPICO,False,False,False,energiai-v2-seed-42-size-5000
426.750000,False,9,INDUSTRIA,12,EFICIENTE,15,TIPICO,False,False,False,energiai-v2-seed-42-size-5000
338.540000,True,8,OUTRO,4,EFICIENTE,29,TIPICO,False,False,False,energiai-v2-seed-42-size-5000
231.210000,False,5,APARTAMENTO,19,MODERADO,42,RARO_EXTREMO,False,True,True,energiai-v2-seed-42-size-5000
764.560000,True,24,INDUSTRIA,8,MODERADO,39,TIPICO,False,False,False,energiai-v2-seed-42-size-5000
222.210000,False,11,APARTAMENTO,4,MODERADO,31,FRONTEIRA,True,False,False,energiai-v2-seed-42-size-5000
328.790000,True,13,CASA,20,INEFICIENTE,65,RARO_EXTREMO,False,True,True,energiai-v2-seed-42-size-5000
495.980000,True,21,CASA,9,INEFICIENTE,95,TIPICO,False,False,False,energiai-v2-seed-42-size-5000
352.860000,True,20,CASA,3,MODERADO,52,TIPICO,False,False,False,energiai-v2-seed-42-size-5000
204.940000,False,12,APARTAMENTO,3,EFICIENTE,26,TIPICO,False,False,False,energiai-v2-seed-42-size-5000
235.390000,False,13,OUTRO,4,EFICIENTE,18,TIPICO,False,False,False,energiai-v2-seed-42-size-5000
301.680000,False,25,COMERCIO,2,EFICIENTE,24,TIPICO,False,False,False,energiai-v2-seed-42-size-5000
268.440000,False,21,CASA,2,MODERADO,31,TIPICO,False,False,False,energiai-v2-seed-42-size-5000
566.280000,False,35,ESCRITORIO,12,INEFICIENTE,81,TIPICO,False,False,False,energiai-v2-seed-42-size-5000
164.080000,False,4,APARTAMENTO,3,EFICIENTE,8,TIPICO,False,False,False,energiai-v2-seed-42-size-5000
214.290000,False,11,APARTAMENTO,5,MODERADO,32,TIPICO,False,False,False,energiai-v2-seed-42-size-5000
263.890000,False,8,APARTAMENTO,11,MODERADO,55,TIPICO,False,False,False,energiai-v2-seed-42-size-5000
504.110000,True,22,CASA,11,INEFICIENTE,100,TIPICO,False,False,False,energiai-v2-seed-42-size-5000
461.530000,True,17,CASA,12,INEFICIENTE,94,TIPICO,False,False,False,energiai-v2-seed-42-size-5000
300.010000,False,9,COMERCIO,7,EFICIENTE,19,TIPICO,False,False,False,energiai-v2-seed-42-size-5000
430.720000,True,17,CASA,11,INEFICIENTE,85,TIPICO,False,False,False,energiai-v2-seed-42-size-5000
335.100000,True,7,CASA,11,MODERADO,54,TIPICO,False,False,False,energiai-v2-seed-42-size-5000
661.640000,True,21,OUTRO,15,INEFICIENTE,88,TIPICO,False,False,False,energiai-v2-seed-42-size-5000
254.170000,False,8,CASA,3,EFICIENTE,16,TIPICO,False,False,False,energiai-v2-seed-42-size-5000
386.950000,False,24,OUTRO,5,MODERADO,38,TIPICO,False,False,False,energiai-v2-seed-42-size-5000
347.340000,False,14,CASA,10,MODERADO,55,TIPICO,False,False,False,energiai-v2-seed-42-size-5000
308.850000,False,22,CASA,3,MODERADO,40,TIPICO,False,False,False,energiai-v2-seed-42-size-5000
670.140000,True,14,OUTRO,16,INEFICIENTE,84,TIPICO,False,False,False,energiai-v2-seed-42-size-5000
302.330000,True,12,ESCRITORIO,3,EFICIENTE,21,TIPICO,False,False,False,energiai-v2-seed-42-size-5000
399.080000,True,12,CASA,10,INEFICIENTE,69,TIPICO,False,False,False,energiai-v2-seed-42-size-5000
588.420000,True,24,ESCRITORIO,14,INEFICIENTE,89,TIPICO,False,False,False,energiai-v2-seed-42-size-5000
295.360000,True,15,APARTAMENTO,7,INEFICIENTE,70,TIPICO,False,False,False,energiai-v2-seed-42-size-5000
210.440000,False,2,OUTRO,6,EFICIENTE,11,TIPICO,False,False,False,energiai-v2-seed-42-size-5000
296.470000,True,11,APARTAMENTO,8,INEFICIENTE,67,TIPICO,False,False,False,energiai-v2-seed-42-size-5000
245.060000,False,4,CASA,10,EFICIENTE,25,TIPICO,False,False,False,energiai-v2-seed-42-size-5000
640.400000,False,42,INDUSTRIA,5,EFICIENTE,29,TIPICO,False,False,False,energiai-v2-seed-42-size-5000
217.400000,False,3,APARTAMENTO,10,MODERADO,32,TIPICO,False,False,False,energiai-v2-seed-42-size-5000
314.640000,True,10,CASA,5,MODERADO,40,TIPICO,False,False,False,energiai-v2-seed-42-size-5000
237.750000,False,7,CASA,6,EFICIENTE,19,TIPICO,False,False,False,energiai-v2-seed-42-size-5000
338.500000,True,15,COMERCIO,4,MODERADO,33,TIPICO,False,False,False,energiai-v2-seed-42-size-5000
183.690000,False,7,APARTAMENTO,6,EFICIENTE,23,TIPICO,False,False,False,energiai-v2-seed-42-size-5000
183.340000,False,4,CASA,2,EFICIENTE,1,TIPICO,False,False,False,energiai-v2-seed-42-size-5000
279.910000,True,12,APARTAMENTO,7,INEFICIENTE,62,TIPICO,False,False,False,energiai-v2-seed-42-size-5000
426.140000,True,20,COMERCIO,7,MODERADO,58,TIPICO,False,False,False,energiai-v2-seed-42-size-5000
283.230000,False,6,CASA,12,MODERADO,38,TIPICO,False,False,False,energiai-v2-seed-42-size-5000
365.400000,True,10,CASA,9,MODERADO,58,TIPICO,False,False,False,energiai-v2-seed-42-size-5000
397.000000,False,22,COMERCIO,8,MODERADO,49,TIPICO,False,False,False,energiai-v2-seed-42-size-5000
465.360000,True,21,CASA,9,INEFICIENTE,90,TIPICO,False,False,False,energiai-v2-seed-42-size-5000
320.380000,True,6,CASA,8,MODERADO,43,TIPICO,False,False,False,energiai-v2-seed-42-size-5000
222.620000,True,9,APARTAMENTO,2,MODERADO,31,FRONTEIRA,True,False,False,energiai-v2-seed-42-size-5000
190.520000,False,7,APARTAMENTO,4,EFICIENTE,19,TIPICO,False,False,False,energiai-v2-seed-42-size-5000
310.090000,True,9,APARTAMENTO,11,INEFICIENTE,76,TIPICO,False,False,False,energiai-v2-seed-42-size-5000
278.670000,True,4,CASA,7,MODERADO,32,TIPICO,False,False,False,energiai-v2-seed-42-size-5000
199.150000,False,4,CASA,3,EFICIENTE,5,TIPICO,False,False,False,energiai-v2-seed-42-size-5000
911.450000,True,33,INDUSTRIA,13,MODERADO,60,FRONTEIRA,True,False,False,energiai-v2-seed-42-size-5000
917.450000,False,26,INDUSTRIA,20,INEFICIENTE,61,FRONTEIRA,True,False,False,energiai-v2-seed-42-size-5000
267.550000,True,8,APARTAMENTO,9,MODERADO,58,TIPICO,False,False,False,energiai-v2-seed-42-size-5000
264.100000,False,11,CASA,4,EFICIENTE,23,TIPICO,False,False,False,energiai-v2-seed-42-size-5000
182.720000,False,4,APARTAMENTO,4,EFICIENTE,13,TIPICO,False,False,False,energiai-v2-seed-42-size-5000
294.650000,False,7,COMERCIO,9,EFICIENTE,21,TIPICO,False,False,False,energiai-v2-seed-42-size-5000
499.070000,True,27,COMERCIO,10,INEFICIENTE,86,TIPICO,False,False,False,energiai-v2-seed-42-size-5000
308.090000,True,14,APARTAMENTO,7,INEFICIENTE,71,TIPICO,False,False,False,energiai-v2-seed-42-size-5000
313.950000,True,12,APARTAMENTO,9,INEFICIENTE,76,TIPICO,False,False,False,energiai-v2-seed-42-size-5000
505.800000,True,24,COMERCIO,12,INEFICIENTE,91,TIPICO,False,False,False,energiai-v2-seed-42-size-5000
423.760000,True,22,CASA,7,INEFICIENTE,78,TIPICO,False,False,False,energiai-v2-seed-42-size-5000
225.190000,True,11,APARTAMENTO,1,MODERADO,31,FRONTEIRA,True,False,False,energiai-v2-seed-42-size-5000
309.210000,False,14,COMERCIO,7,EFICIENTE,26,TIPICO,False,False,False,energiai-v2-seed-42-size-5000
661.200000,False,16,INDUSTRIA,17,MODERADO,36,TIPICO,False,False,False,energiai-v2-seed-42-size-5000
607.480000,True,33,ESCRITORIO,11,INEFICIENTE,89,TIPICO,False,False,False,energiai-v2-seed-42-size-5000
201.300000,False,4,CASA,4,EFICIENTE,7,TIPICO,False,False,False,energiai-v2-seed-42-size-5000
259.850000,True,4,APARTAMENTO,10,MODERADO,52,TIPICO,False,False,False,energiai-v2-seed-42-size-5000
268.320000,True,13,APARTAMENTO,4,MODERADO,51,TIPICO,False,False,False,energiai-v2-seed-42-size-5000
243.630000,True,12,APARTAMENTO,3,MODERADO,42,TIPICO,False,False,False,energiai-v2-seed-42-size-5000
431.400000,True,22,CASA,7,INEFICIENTE,79,TIPICO,False,False,False,energiai-v2-seed-42-size-5000
423.390000,True,14,COMERCIO,13,INEFICIENTE,67,TIPICO,False,False,False,energiai-v2-seed-42-size-5000
346.730000,True,15,APARTAMENTO,10,INEFICIENTE,92,TIPICO,False,False,False,energiai-v2-seed-42-size-5000
429.920000,True,17,CASA,7,INEFICIENTE,72,TIPICO,False,False,False,energiai-v2-seed-42-size-5000
243.030000,True,4,APARTAMENTO,11,MODERADO,51,TIPICO,False,False,False,energiai-v2-seed-42-size-5000
347.020000,False,21,COMERCIO,5,MODERADO,33,TIPICO,False,False,False,energiai-v2-seed-42-size-5000
182.710000,False,8,APARTAMENTO,2,EFICIENTE,14,TIPICO,False,False,False,energiai-v2-seed-42-size-5000
547.740000,True,26,ESCRITORIO,12,INEFICIENTE,80,TIPICO,False,False,False,energiai-v2-seed-42-size-5000
404.350000,True,24,COMERCIO,5,MODERADO,53,TIPICO,False,False,False,energiai-v2-seed-42-size-5000
293.600000,False,11,APARTAMENTO,10,INEFICIENTE,64,TIPICO,False,False,False,energiai-v2-seed-42-size-5000
381.980000,True,17,ESCRITORIO,22,MODERADO,60,RARO_EXTREMO,False,True,True,energiai-v2-seed-42-size-5000
340.780000,True,6,CASA,10,MODERADO,51,TIPICO,False,False,False,energiai-v2-seed-42-size-5000
223.410000,False,9,CASA,5,EFICIENTE,18,TIPICO,False,False,False,energiai-v2-seed-42-size-5000
186.120000,False,5,APARTAMENTO,7,EFICIENTE,23,TIPICO,False,False,False,energiai-v2-seed-42-size-5000
323.580000,True,16,APARTAMENTO,7,INEFICIENTE,77,TIPICO,False,False,False,energiai-v2-seed-42-size-5000
937.080000,True,47,INDUSTRIA,8,MODERADO,58,TIPICO,False,False,False,energiai-v2-seed-42-size-5000
371.490000,False,32,ESCRITORIO,5,MODERADO,37,TIPICO,False,False,False,energiai-v2-seed-42-size-5000
242.020000,False,10,ESCRITORIO,6,EFICIENTE,13,TIPICO,False,False,False,energiai-v2-seed-42-size-5000
375.740000,False,13,ESCRITORIO,11,MODERADO,39,TIPICO,False,False,False,energiai-v2-seed-42-size-5000
280.770000,False,13,CASA,6,MODERADO,33,TIPICO,False,False,False,energiai-v2-seed-42-size-5000
197.130000,False,6,APARTAMENTO,6,EFICIENTE,24,TIPICO,False,False,False,energiai-v2-seed-42-size-5000
215.500000,False,7,APARTAMENTO,8,MODERADO,34,TIPICO,False,False,False,energiai-v2-seed-42-size-5000
224.230000,False,9,APARTAMENTO,7,MODERADO,37,TIPICO,False,False,False,energiai-v2-seed-42-size-5000
465.780000,True,18,CASA,12,INEFICIENTE,96,TIPICO,False,False,False,energiai-v2-seed-42-size-5000
195.380000,False,10,ESCRITORIO,3,EFICIENTE,3,TIPICO,False,False,False,energiai-v2-seed-42-size-5000
396.640000,False,17,CASA,10,INEFICIENTE,67,TIPICO,False,False,False,energiai-v2-seed-42-size-5000
1242.800000,True,46,INDUSTRIA,19,INEFICIENTE,98,TIPICO,False,False,False,energiai-v2-seed-42-size-5000
150.670000,False,4,APARTAMENTO,4,EFICIENTE,8,TIPICO,False,False,False,energiai-v2-seed-42-size-5000
344.890000,False,11,CASA,10,MODERADO,50,TIPICO,False,False,False,energiai-v2-seed-42-size-5000
165.150000,False,2,APARTAMENTO,2,EFICIENTE,5,RARO_EXTREMO,False,True,False,energiai-v2-seed-42-size-5000
255.710000,False,9,CASA,6,EFICIENTE,24,TIPICO,False,False,False,energiai-v2-seed-42-size-5000
508.910000,True,24,COMERCIO,12,INEFICIENTE,91,TIPICO,False,False,False,energiai-v2-seed-42-size-5000
477.710000,True,20,COMERCIO,13,INEFICIENTE,84,TIPICO,False,False,False,energiai-v2-seed-42-size-5000
367.730000,False,13,COMERCIO,12,MODERADO,45,TIPICO,False,False,False,energiai-v2-seed-42-size-5000
267.230000,True,8,APARTAMENTO,8,MODERADO,55,TIPICO,False,False,False,energiai-v2-seed-42-size-5000
277.550000,False,21,CASA,1,EFICIENTE,29,TIPICO,False,False,False,energiai-v2-seed-42-size-5000
381.200000,True,11,CASA,10,INEFICIENTE,65,TIPICO,False,False,False,energiai-v2-seed-42-size-5000
397.630000,True,9,COMERCIO,11,MODERADO,52,TIPICO,False,False,False,energiai-v2-seed-42-size-5000
1258.170000,True,50,INDUSTRIA,17,INEFICIENTE,97,TIPICO,False,False,False,energiai-v2-seed-42-size-5000
231.890000,True,6,APARTAMENTO,5,MODERADO,37,TIPICO,False,False,False,energiai-v2-seed-42-size-5000
341.820000,False,10,CASA,10,MODERADO,48,TIPICO,False,False,False,energiai-v2-seed-42-size-5000
222.910000,False,9,APARTAMENTO,5,MODERADO,31,TIPICO,False,False,False,energiai-v2-seed-42-size-5000
795.640000,False,25,INDUSTRIA,19,MODERADO,52,TIPICO,False,False,False,energiai-v2-seed-42-size-5000
445.230000,True,24,COMERCIO,8,INEFICIENTE,68,TIPICO,False,False,False,energiai-v2-seed-42-size-5000
278.360000,False,18,CASA,1,EFICIENTE,25,TIPICO,False,False,False,energiai-v2-seed-42-size-5000
348.440000,True,13,APARTAMENTO,11,INEFICIENTE,93,TIPICO,False,False,False,energiai-v2-seed-42-size-5000
227.490000,False,6,CASA,5,EFICIENTE,15,TIPICO,False,False,False,energiai-v2-seed-42-size-5000
341.330000,True,14,OUTRO,3,MODERADO,33,TIPICO,False,False,False,energiai-v2-seed-42-size-5000
208.060000,False,12,APARTAMENTO,4,EFICIENTE,30,TIPICO,False,False,False,energiai-v2-seed-42-size-5000
254.130000,True,28,APARTAMENTO,1,MODERADO,45,RARO_EXTREMO,False,True,True,energiai-v2-seed-42-size-5000
263.830000,False,7,COMERCIO,4,EFICIENTE,7,TIPICO,False,False,False,energiai-v2-seed-42-size-5000
281.980000,False,10,ESCRITORIO,8,EFICIENTE,21,TIPICO,False,False,False,energiai-v2-seed-42-size-5000
506.240000,True,20,CASA,12,INEFICIENTE,100,TIPICO,False,False,False,energiai-v2-seed-42-size-5000
449.070000,True,18,CASA,10,INEFICIENTE,86,TIPICO,False,False,False,energiai-v2-seed-42-size-5000
244.830000,True,5,APARTAMENTO,8,MODERADO,45,TIPICO,False,False,False,energiai-v2-seed-42-size-5000
502.270000,True,23,ESCRITORIO,9,INEFICIENTE,63,TIPICO,False,False,False,energiai-v2-seed-42-size-5000
274.500000,False,15,CASA,2,EFICIENTE,24,TIPICO,False,False,False,energiai-v2-seed-42-size-5000
1256.010000,True,45,INDUSTRIA,16,INEFICIENTE,91,TIPICO,False,False,False,energiai-v2-seed-42-size-5000
638.110000,True,25,OUTRO,10,INEFICIENTE,78,TIPICO,False,False,False,energiai-v2-seed-42-size-5000
321.300000,True,13,APARTAMENTO,9,INEFICIENTE,79,TIPICO,False,False,False,energiai-v2-seed-42-size-5000
198.920000,True,3,APARTAMENTO,5,EFICIENTE,26,TIPICO,False,False,False,energiai-v2-seed-42-size-5000
838.290000,True,23,INDUSTRIA,14,MODERADO,53,TIPICO,False,False,False,energiai-v2-seed-42-size-5000
188.000000,False,6,CASA,1,EFICIENTE,2,TIPICO,False,False,False,energiai-v2-seed-42-size-5000
522.100000,True,29,OUTRO,5,MODERADO,60,FRONTEIRA,True,False,False,energiai-v2-seed-42-size-5000
207.130000,False,3,APARTAMENTO,10,EFICIENTE,30,TIPICO,False,False,False,energiai-v2-seed-42-size-5000
304.980000,True,16,CASA,2,MODERADO,38,TIPICO,False,False,False,energiai-v2-seed-42-size-5000
416.730000,True,13,CASA,12,INEFICIENTE,80,TIPICO,False,False,False,energiai-v2-seed-42-size-5000
253.470000,False,6,CASA,9,EFICIENTE,27,TIPICO,False,False,False,energiai-v2-seed-42-size-5000
329.650000,False,23,COMERCIO,5,MODERADO,33,TIPICO,False,False,False,energiai-v2-seed-42-size-5000
327.260000,True,16,APARTAMENTO,8,INEFICIENTE,82,TIPICO,False,False,False,energiai-v2-seed-42-size-5000
238.020000,False,8,CASA,4,EFICIENTE,16,TIPICO,False,False,False,energiai-v2-seed-42-size-5000
662.940000,True,22,INDUSTRIA,10,MODERADO,37,TIPICO,False,False,False,energiai-v2-seed-42-size-5000
180.890000,False,9,APARTAMENTO,3,EFICIENTE,18,TIPICO,False,False,False,energiai-v2-seed-42-size-5000
298.870000,True,10,APARTAMENTO,10,INEFICIENTE,72,TIPICO,False,False,False,energiai-v2-seed-42-size-5000
281.850000,False,13,CASA,6,MODERADO,33,TIPICO,False,False,False,energiai-v2-seed-42-size-5000
310.060000,True,5,CASA,9,MODERADO,42,TIPICO,False,False,False,energiai-v2-seed-42-size-5000
275.000000,False,10,CASA,5,EFICIENTE,26,TIPICO,False,False,False,energiai-v2-seed-42-size-5000
190.570000,False,7,CASA,1,EFICIENTE,4,TIPICO,False,False,False,energiai-v2-seed-42-size-5000
360.940000,True,12,CASA,8,MODERADO,57,TIPICO,False,False,False,energiai-v2-seed-42-size-5000
439.100000,False,28,COMERCIO,9,INEFICIENTE,65,TIPICO,False,False,False,energiai-v2-seed-42-size-5000
401.980000,False,23,COMERCIO,9,MODERADO,54,TIPICO,False,False,False,energiai-v2-seed-42-size-5000
317.940000,True,16,APARTAMENTO,6,INEFICIENTE,72,TIPICO,False,False,False,energiai-v2-seed-42-size-5000
359.780000,True,10,CASA,9,MODERADO,57,TIPICO,False,False,False,energiai-v2-seed-42-size-5000
440.480000,True,23,COMERCIO,9,INEFICIENTE,69,TIPICO,False,False,False,energiai-v2-seed-42-size-5000
192.390000,False,8,CASA,1,EFICIENTE,5,TIPICO,False,False,False,energiai-v2-seed-42-size-5000
299.100000,False,11,CASA,6,MODERADO,33,TIPICO,False,False,False,energiai-v2-seed-42-size-5000
271.950000,False,12,CASA,6,MODERADO,31,TIPICO,False,False,False,energiai-v2-seed-42-size-5000
217.610000,False,12,APARTAMENTO,3,EFICIENTE,29,TIPICO,False,False,False,energiai-v2-seed-42-size-5000
217.670000,False,4,CASA,2,EFICIENTE,5,TIPICO,False,False,False,energiai-v2-seed-42-size-5000
270.790000,False,14,APARTAMENTO,8,MODERADO,58,TIPICO,False,False,False,energiai-v2-seed-42-size-5000
327.730000,False,8,CASA,12,MODERADO,48,TIPICO,False,False,False,energiai-v2-seed-42-size-5000
576.130000,False,7,CASA,1,MODERADO,43,RARO_EXTREMO,False,True,True,energiai-v2-seed-42-size-5000
378.350000,True,9,CASA,9,MODERADO,58,TIPICO,False,False,False,energiai-v2-seed-42-size-5000
254.460000,True,15,APARTAMENTO,3,MODERADO,48,TIPICO,False,False,False,energiai-v2-seed-42-size-5000
263.880000,True,13,APARTAMENTO,4,MODERADO,50,TIPICO,False,False,False,energiai-v2-seed-42-size-5000
376.400000,True,19,CASA,5,MODERADO,60,FRONTEIRA,True,False,False,energiai-v2-seed-42-size-5000
394.280000,False,13,COMERCIO,12,MODERADO,49,TIPICO,False,False,False,energiai-v2-seed-42-size-5000
264.250000,True,15,APARTAMENTO,4,MODERADO,53,TIPICO,False,False,False,energiai-v2-seed-42-size-5000
317.220000,False,17,CASA,6,MODERADO,43,TIPICO,False,False,False,energiai-v2-seed-42-size-5000
411.900000,True,18,CASA,7,INEFICIENTE,70,TIPICO,False,False,False,energiai-v2-seed-42-size-5000
274.690000,False,6,CASA,7,EFICIENTE,25,TIPICO,False,False,False,energiai-v2-seed-42-size-5000
519.290000,True,28,COMERCIO,11,INEFICIENTE,94,TIPICO,False,False,False,energiai-v2-seed-42-size-5000
158.500000,False,5,APARTAMENTO,3,EFICIENTE,9,TIPICO,False,False,False,energiai-v2-seed-42-size-5000
299.940000,True,16,APARTAMENTO,5,INEFICIENTE,65,TIPICO,False,False,False,energiai-v2-seed-42-size-5000
325.450000,True,9,APARTAMENTO,11,INEFICIENTE,79,TIPICO,False,False,False,energiai-v2-seed-42-size-5000
337.810000,False,20,ESCRITORIO,6,EFICIENTE,28,TIPICO,False,False,False,energiai-v2-seed-42-size-5000
246.520000,False,8,APARTAMENTO,9,MODERADO,45,TIPICO,False,False,False,energiai-v2-seed-42-size-5000
208.670000,False,5,APARTAMENTO,8,EFICIENTE,29,TIPICO,False,False,False,energiai-v2-seed-42-size-5000
429.030000,True,13,COMERCIO,12,INEFICIENTE,64,TIPICO,False,False,False,energiai-v2-seed-42-size-5000
403.420000,True,14,CASA,9,INEFICIENTE,70,TIPICO,False,False,False,energiai-v2-seed-42-size-5000
350.320000,False,34,CASA,12,INEFICIENTE,74,RARO_EXTREMO,False,True,True,energiai-v2-seed-42-size-5000
403.720000,False,27,COMERCIO,9,MODERADO,59,TIPICO,False,False,False,energiai-v2-seed-42-size-5000
347.160000,False,16,CASA,7,MODERADO,49,TIPICO,False,False,False,energiai-v2-seed-42-size-5000
192.260000,False,6,APARTAMENTO,5,EFICIENTE,21,TIPICO,False,False,False,energiai-v2-seed-42-size-5000
209.940000,False,5,APARTAMENTO,8,EFICIENTE,30,FRONTEIRA,True,False,False,energiai-v2-seed-42-size-5000
358.730000,True,13,ESCRITORIO,8,MODERADO,39,TIPICO,False,False,False,energiai-v2-seed-42-size-5000
448.770000,True,22,COMERCIO,10,INEFICIENTE,72,TIPICO,False,False,False,energiai-v2-seed-42-size-5000
187.610000,False,3,APARTAMENTO,8,EFICIENTE,22,TIPICO,False,False,False,energiai-v2-seed-42-size-5000
320.440000,False,10,CASA,0,EFICIENTE,21,RARO_EXTREMO,False,True,False,energiai-v2-seed-42-size-5000
614.760000,True,29,ESCRITORIO,11,INEFICIENTE,86,TIPICO,False,False,False,energiai-v2-seed-42-size-5000
372.900000,True,5,COMERCIO,11,MODERADO,43,TIPICO,False,False,False,energiai-v2-seed-42-size-5000
205.490000,False,13,OUTRO,3,EFICIENTE,15,TIPICO,False,False,False,energiai-v2-seed-42-size-5000
299.210000,False,12,CASA,6,MODERADO,34,TIPICO,False,False,False,energiai-v2-seed-42-size-5000
220.660000,False,6,CASA,5,EFICIENTE,14,TIPICO,False,False,False,energiai-v2-seed-42-size-5000
359.910000,True,13,CASA,8,MODERADO,59,TIPICO,False,False,False,energiai-v2-seed-42-size-5000
172.340000,False,7,APARTAMENTO,2,EFICIENTE,11,TIPICO,False,False,False,energiai-v2-seed-42-size-5000
341.960000,True,7,CASA,9,MODERADO,50,TIPICO,False,False,False,energiai-v2-seed-42-size-5000
306.690000,True,9,APARTAMENTO,11,INEFICIENTE,75,TIPICO,False,False,False,energiai-v2-seed-42-size-5000
233.880000,False,18,APARTAMENTO,2,MODERADO,37,TIPICO,False,False,False,energiai-v2-seed-42-size-5000
208.400000,False,12,APARTAMENTO,3,EFICIENTE,27,TIPICO,False,False,False,energiai-v2-seed-42-size-5000
251.630000,False,8,CASA,4,EFICIENTE,18,TIPICO,False,False,False,energiai-v2-seed-42-size-5000
298.390000,True,15,APARTAMENTO,5,INEFICIENTE,63,TIPICO,False,False,False,energiai-v2-seed-42-size-5000
513.580000,True,22,COMERCIO,1,MODERADO,57,RARO_EXTREMO,False,True,False,energiai-v2-seed-42-size-5000
320.240000,False,13,CASA,8,MODERADO,44,TIPICO,False,False,False,energiai-v2-seed-42-size-5000
264.530000,False,11,CASA,3,EFICIENTE,21,TIPICO,False,False,False,energiai-v2-seed-42-size-5000
319.260000,True,12,APARTAMENTO,9,INEFICIENTE,77,TIPICO,False,False,False,energiai-v2-seed-42-size-5000
252.900000,True,15,APARTAMENTO,2,MODERADO,45,TIPICO,False,False,False,energiai-v2-seed-42-size-5000
309.670000,True,17,APARTAMENTO,6,INEFICIENTE,72,TIPICO,False,False,False,energiai-v2-seed-42-size-5000
304.650000,True,13,CASA,2,MODERADO,34,TIPICO,False,False,False,energiai-v2-seed-42-size-5000
329.050000,False,22,CASA,3,MODERADO,42,TIPICO,False,False,False,energiai-v2-seed-42-size-5000
389.990000,True,17,APARTAMENTO,11,INEFICIENTE,100,TIPICO,False,False,False,energiai-v2-seed-42-size-5000
274.380000,False,16,APARTAMENTO,5,MODERADO,51,TIPICO,False,False,False,energiai-v2-seed-42-size-5000
262.290000,False,4,CASA,11,EFICIENTE,29,TIPICO,False,False,False,energiai-v2-seed-42-size-5000
354.010000,True,14,APARTAMENTO,10,INEFICIENTE,92,TIPICO,False,False,False,energiai-v2-seed-42-size-5000
284.430000,True,10,APARTAMENTO,7,MODERADO,59,TIPICO,False,False,False,energiai-v2-seed-42-size-5000
241.730000,True,5,APARTAMENTO,9,MODERADO,48,TIPICO,False,False,False,energiai-v2-seed-42-size-5000
71.330000,False,4,APARTAMENTO,2,EFICIENTE,3,RARO_EXTREMO,False,True,True,energiai-v2-seed-42-size-5000
974.290000,True,51,INDUSTRIA,17,INEFICIENTE,83,RARO_EXTREMO,False,True,False,energiai-v2-seed-42-size-5000
245.080000,False,15,OUTRO,3,EFICIENTE,19,TIPICO,False,False,False,energiai-v2-seed-42-size-5000
337.550000,True,18,APARTAMENTO,5,INEFICIENTE,76,TIPICO,False,False,False,energiai-v2-seed-42-size-5000
293.200000,False,9,CASA,8,MODERADO,34,TIPICO,False,False,False,energiai-v2-seed-42-size-5000
286.550000,True,9,CASA,3,EFICIENTE,30,FRONTEIRA,True,False,False,energiai-v2-seed-42-size-5000
243.010000,False,7,CASA,6,EFICIENTE,20,TIPICO,False,False,False,energiai-v2-seed-42-size-5000
547.730000,True,23,ESCRITORIO,12,INEFICIENTE,77,TIPICO,False,False,False,energiai-v2-seed-42-size-5000
205.940000,False,11,APARTAMENTO,4,EFICIENTE,28,TIPICO,False,False,False,energiai-v2-seed-42-size-5000
582.260000,True,29,OUTRO,8,INEFICIENTE,72,TIPICO,False,False,False,energiai-v2-seed-42-size-5000
583.930000,True,27,ESCRITORIO,13,INEFICIENTE,88,TIPICO,False,False,False,energiai-v2-seed-42-size-5000
271.480000,False,15,CASA,4,EFICIENTE,29,TIPICO,False,False,False,energiai-v2-seed-42-size-5000
240.700000,False,15,APARTAMENTO,0,EFICIENTE,30,RARO_EXTREMO,False,True,False,energiai-v2-seed-42-size-5000
289.070000,False,8,COMERCIO,5,EFICIENTE,13,TIPICO,False,False,False,energiai-v2-seed-42-size-5000
272.280000,False,11,COMERCIO,4,EFICIENTE,12,TIPICO,False,False,False,energiai-v2-seed-42-size-5000
450.530000,True,16,ESCRITORIO,10,MODERADO,55,TIPICO,False,False,False,energiai-v2-seed-42-size-5000
252.510000,False,17,APARTAMENTO,4,MODERADO,45,TIPICO,False,False,False,energiai-v2-seed-42-size-5000
509.430000,True,23,COMERCIO,13,INEFICIENTE,93,TIPICO,False,False,False,energiai-v2-seed-42-size-5000
153.090000,False,4,APARTAMENTO,0,EFICIENTE,2,RARO_EXTREMO,False,True,False,energiai-v2-seed-42-size-5000
330.160000,True,17,APARTAMENTO,7,INEFICIENTE,81,TIPICO,False,False,False,energiai-v2-seed-42-size-5000
325.230000,True,34,CASA,2,MODERADO,48,RARO_EXTREMO,False,True,True,energiai-v2-seed-42-size-5000
300.840000,False,20,CASA,20,INEFICIENTE,63,RARO_EXTREMO,False,True,True,energiai-v2-seed-42-size-5000
206.690000,False,7,APARTAMENTO,6,EFICIENTE,27,TIPICO,False,False,False,energiai-v2-seed-42-size-5000
243.890000,True,13,APARTAMENTO,3,MODERADO,43,TIPICO,False,False,False,energiai-v2-seed-42-size-5000
247.010000,True,10,APARTAMENTO,3,MODERADO,40,TIPICO,False,False,False,energiai-v2-seed-42-size-5000
181.420000,False,13,APARTAMENTO,1,EFICIENTE,19,TIPICO,False,False,False,energiai-v2-seed-42-size-5000
423.080000,False,10,APARTAMENTO,1,MODERADO,49,RARO_EXTREMO,False,True,True,energiai-v2-seed-42-size-5000
456.400000,True,18,COMERCIO,11,INEFICIENTE,72,TIPICO,False,False,False,energiai-v2-seed-42-size-5000
194.880000,False,16,APARTAMENTO,1,EFICIENTE,25,TIPICO,False,False,False,energiai-v2-seed-42-size-5000
276.380000,True,18,APARTAMENTO,3,MODERADO,56,TIPICO,False,False,False,energiai-v2-seed-42-size-5000
328.490000,True,17,CASA,2,MODERADO,42,TIPICO,False,False,False,energiai-v2-seed-42-size-5000
419.330000,True,14,CASA,9,INEFICIENTE,72,TIPICO,False,False,False,energiai-v2-seed-42-size-5000
336.160000,True,9,COMERCIO,6,MODERADO,31,FRONTEIRA,True,False,False,energiai-v2-seed-42-size-5000
391.990000,True,31,ESCRITORIO,4,MODERADO,44,TIPICO,False,False,False,energiai-v2-seed-42-size-5000
463.350000,True,35,ESCRITORIO,6,MODERADO,59,TIPICO,False,False,False,energiai-v2-seed-42-size-5000
274.340000,False,12,COMERCIO,2,EFICIENTE,9,TIPICO,False,False,False,energiai-v2-seed-42-size-5000
371.560000,True,17,CASA,5,MODERADO,57,TIPICO,False,False,False,energiai-v2-seed-42-size-5000
296.550000,False,22,CASA,1,MODERADO,32,TIPICO,False,False,False,energiai-v2-seed-42-size-5000
498.440000,False,29,ESCRITORIO,11,INEFICIENTE,65,TIPICO,False,False,False,energiai-v2-seed-42-size-5000
233.030000,False,6,CASA,3,EFICIENTE,11,TIPICO,False,False,False,energiai-v2-seed-42-size-5000
195.220000,False,4,CASA,1,EFICIENTE,1,TIPICO,False,False,False,energiai-v2-seed-42-size-5000
257.680000,False,7,CASA,7,EFICIENTE,24,TIPICO,False,False,False,energiai-v2-seed-42-size-5000
291.170000,False,13,APARTAMENTO,9,INEFICIENTE,63,TIPICO,False,False,False,energiai-v2-seed-42-size-5000
290.460000,True,9,APARTAMENTO,11,INEFICIENTE,71,TIPICO,False,False,False,energiai-v2-seed-42-size-5000
276.740000,False,13,CASA,4,EFICIENTE,27,TIPICO,False,False,False,energiai-v2-seed-42-size-5000
397.910000,False,23,COMERCIO,8,MODERADO,51,TIPICO,False,False,False,energiai-v2-seed-42-size-5000
324.520000,False,10,CASA,11,MODERADO,48,TIPICO,False,False,False,energiai-v2-seed-42-size-5000
283.050000,False,11,CASA,7,MODERADO,33,TIPICO,False,False,False,energiai-v2-seed-42-size-5000
327.930000,False,3,CASA,6,EFICIENTE,27,RARO_EXTREMO,False,True,False,energiai-v2-seed-42-size-5000
336.960000,False,20,CASA,5,MODERADO,47,TIPICO,False,False,False,energiai-v2-seed-42-size-5000
353.850000,True,10,CASA,8,MODERADO,53,TIPICO,False,False,False,energiai-v2-seed-42-size-5000
285.620000,False,21,CASA,1,EFICIENTE,30,FRONTEIRA,True,False,False,energiai-v2-seed-42-size-5000
507.350000,True,20,CASA,0,INEFICIENTE,65,RARO_EXTREMO,False,True,False,energiai-v2-seed-42-size-5000
494.500000,True,19,COMERCIO,12,INEFICIENTE,83,TIPICO,False,False,False,energiai-v2-seed-42-size-5000
221.990000,False,12,CASA,2,EFICIENTE,15,TIPICO,False,False,False,energiai-v2-seed-42-size-5000
296.440000,False,8,CASA,10,MODERADO,38,TIPICO,False,False,False,energiai-v2-seed-42-size-5000
280.720000,False,12,APARTAMENTO,8,MODERADO,56,TIPICO,False,False,False,energiai-v2-seed-42-size-5000
551.530000,True,25,ESCRITORIO,12,INEFICIENTE,79,TIPICO,False,False,False,energiai-v2-seed-42-size-5000
395.630000,False,4,COMERCIO,7,EFICIENTE,28,RARO_EXTREMO,False,True,False,energiai-v2-seed-42-size-5000
158.220000,False,5,APARTAMENTO,3,EFICIENTE,9,TIPICO,False,False,False,energiai-v2-seed-42-size-5000
266.290000,False,9,APARTAMENTO,10,MODERADO,54,TIPICO,False,False,False,energiai-v2-seed-42-size-5000
223.090000,False,14,APARTAMENTO,2,EFICIENTE,29,TIPICO,False,False,False,energiai-v2-seed-42-size-5000
232.120000,False,11,CASA,2,EFICIENTE,15,TIPICO,False,False,False,energiai-v2-seed-42-size-5000
415.220000,True,21,CASA,6,INEFICIENTE,72,TIPICO,False,False,False,energiai-v2-seed-42-size-5000
585.660000,False,10,INDUSTRIA,15,EFICIENTE,26,TIPICO,False,False,False,energiai-v2-seed-42-size-5000
302.110000,False,17,OUTRO,5,EFICIENTE,27,TIPICO,False,False,False,energiai-v2-seed-42-size-5000
286.910000,True,9,APARTAMENTO,8,INEFICIENTE,61,TIPICO,False,False,False,energiai-v2-seed-42-size-5000
440.750000,False,26,INDUSTRIA,5,EFICIENTE,14,TIPICO,False,False,False,energiai-v2-seed-42-size-5000
343.180000,False,25,ESCRITORIO,4,EFICIENTE,27,TIPICO,False,False,False,energiai-v2-seed-42-size-5000
215.440000,False,18,APARTAMENTO,2,MODERADO,34,TIPICO,False,False,False,energiai-v2-seed-42-size-5000
354.470000,False,20,ESCRITORIO,7,MODERADO,32,TIPICO,False,False,False,energiai-v2-seed-42-size-5000
628.250000,True,28,ESCRITORIO,14,INEFICIENTE,97,TIPICO,False,False,False,energiai-v2-seed-42-size-5000
400.840000,True,21,COMERCIO,5,MODERADO,50,TIPICO,False,False,False,energiai-v2-seed-42-size-5000
240.620000,False,15,CASA,1,EFICIENTE,18,TIPICO,False,False,False,energiai-v2-seed-42-size-5000
304.290000,False,8,COMERCIO,6,EFICIENTE,17,TIPICO,False,False,False,energiai-v2-seed-42-size-5000
198.860000,False,10,APARTAMENTO,1,EFICIENTE,17,TIPICO,False,False,False,energiai-v2-seed-42-size-5000
266.060000,False,17,APARTAMENTO,4,MODERADO,48,TIPICO,False,False,False,energiai-v2-seed-42-size-5000
357.860000,True,17,APARTAMENTO,8,INEFICIENTE,90,TIPICO,False,False,False,energiai-v2-seed-42-size-5000
748.230000,True,25,OUTRO,16,INEFICIENTE,100,TIPICO,False,False,False,energiai-v2-seed-42-size-5000
301.750000,False,18,COMERCIO,3,EFICIENTE,20,TIPICO,False,False,False,energiai-v2-seed-42-size-5000
356.810000,True,8,CASA,11,MODERADO,59,TIPICO,False,False,False,energiai-v2-seed-42-size-5000
217.030000,False,5,CASA,4,EFICIENTE,10,TIPICO,False,False,False,energiai-v2-seed-42-size-5000
266.220000,False,13,OUTRO,6,EFICIENTE,24,TIPICO,False,False,False,energiai-v2-seed-42-size-5000
507.600000,True,21,COMERCIO,14,INEFICIENTE,94,TIPICO,False,False,False,energiai-v2-seed-42-size-5000
392.670000,False,25,ESCRITORIO,7,MODERADO,39,TIPICO,False,False,False,energiai-v2-seed-42-size-5000
198.770000,False,6,APARTAMENTO,7,EFICIENTE,27,TIPICO,False,False,False,energiai-v2-seed-42-size-5000
537.060000,True,27,ESCRITORIO,11,INEFICIENTE,76,TIPICO,False,False,False,energiai-v2-seed-42-size-5000
398.430000,True,10,COMERCIO,12,MODERADO,55,TIPICO,False,False,False,energiai-v2-seed-42-size-5000
293.240000,True,13,APARTAMENTO,7,INEFICIENTE,66,TIPICO,False,False,False,energiai-v2-seed-42-size-5000
331.210000,False,12,ESCRITORIO,10,MODERADO,31,TIPICO,False,False,False,energiai-v2-seed-42-size-5000
397.180000,False,15,CASA,12,INEFICIENTE,71,TIPICO,False,False,False,energiai-v2-seed-42-size-5000
622.970000,True,34,ESCRITORIO,13,INEFICIENTE,99,TIPICO,False,False,False,energiai-v2-seed-42-size-5000
306.240000,False,22,COMERCIO,2,EFICIENTE,21,TIPICO,False,False,False,energiai-v2-seed-42-size-5000
221.500000,False,18,APARTAMENTO,2,MODERADO,35,TIPICO,False,False,False,energiai-v2-seed-42-size-5000
376.970000,True,16,APARTAMENTO,11,INEFICIENTE,100,TIPICO,False,False,False,energiai-v2-seed-42-size-5000
180.000000,False,4,CASA,1,EFICIENTE,0,TIPICO,False,False,False,energiai-v2-seed-42-size-5000
359.020000,False,14,CASA,9,MODERADO,54,TIPICO,False,False,False,energiai-v2-seed-42-size-5000
336.880000,False,10,COMERCIO,10,MODERADO,32,TIPICO,False,False,False,energiai-v2-seed-42-size-5000
336.160000,True,12,COMERCIO,2,EFICIENTE,25,TIPICO,False,False,False,energiai-v2-seed-42-size-5000
276.630000,False,10,APARTAMENTO,10,MODERADO,58,TIPICO,False,False,False,energiai-v2-seed-42-size-5000
79.890000,False,20,CASA,1,EFICIENTE,17,RARO_EXTREMO,False,True,True,energiai-v2-seed-42-size-5000
197.670000,False,11,APARTAMENTO,3,EFICIENTE,24,TIPICO,False,False,False,energiai-v2-seed-42-size-5000
488.870000,True,20,CASA,12,INEFICIENTE,100,TIPICO,False,False,False,energiai-v2-seed-42-size-5000
273.230000,False,12,COMERCIO,3,EFICIENTE,11,TIPICO,False,False,False,energiai-v2-seed-42-size-5000
478.980000,True,25,ESCRITORIO,10,INEFICIENTE,65,TIPICO,False,False,False,energiai-v2-seed-42-size-5000
328.280000,False,17,CASA,5,MODERADO,42,TIPICO,False,False,False,energiai-v2-seed-42-size-5000
365.450000,True,30,ESCRITORIO,3,MODERADO,38,TIPICO,False,False,False,energiai-v2-seed-42-size-5000
226.000000,False,4,CASA,8,EFICIENTE,18,TIPICO,False,False,False,energiai-v2-seed-42-size-5000
313.910000,False,15,APARTAMENTO,9,INEFICIENTE,72,TIPICO,False,False,False,energiai-v2-seed-42-size-5000
280.580000,False,8,CASA,7,EFICIENTE,29,TIPICO,False,False,False,energiai-v2-seed-42-size-5000
482.240000,True,18,CASA,12,INEFICIENTE,99,TIPICO,False,False,False,energiai-v2-seed-42-size-5000
386.640000,True,21,COMERCIO,3,MODERADO,42,TIPICO,False,False,False,energiai-v2-seed-42-size-5000
190.760000,False,11,APARTAMENTO,1,EFICIENTE,17,TIPICO,False,False,False,energiai-v2-seed-42-size-5000
520.500000,True,22,ESCRITORIO,13,INEFICIENTE,76,TIPICO,False,False,False,energiai-v2-seed-42-size-5000
569.020000,True,13,INDUSTRIA,5,EFICIENTE,21,TIPICO,False,False,False,energiai-v2-seed-42-size-5000
399.470000,False,12,ESCRITORIO,11,MODERADO,40,TIPICO,False,False,False,energiai-v2-seed-42-size-5000
431.730000,True,15,CASA,12,INEFICIENTE,86,TIPICO,False,False,False,energiai-v2-seed-42-size-5000
414.940000,True,11,COMERCIO,13,INEFICIENTE,62,TIPICO,False,False,False,energiai-v2-seed-42-size-5000
373.680000,False,19,CASA,8,MODERADO,60,FRONTEIRA,True,False,False,energiai-v2-seed-42-size-5000
307.160000,True,4,CASA,8,MODERADO,38,TIPICO,False,False,False,energiai-v2-seed-42-size-5000
282.540000,False,22,CASA,2,MODERADO,33,TIPICO,False,False,False,energiai-v2-seed-42-size-5000
327.480000,False,6,COMERCIO,12,EFICIENTE,30,TIPICO,False,False,False,energiai-v2-seed-42-size-5000
303.830000,False,11,CASA,9,MODERADO,41,TIPICO,False,False,False,energiai-v2-seed-42-size-5000
235.650000,False,7,OUTRO,6,EFICIENTE,17,TIPICO,False,False,False,energiai-v2-seed-42-size-5000
204.070000,False,11,APARTAMENTO,3,EFICIENTE,25,TIPICO,False,False,False,energiai-v2-seed-42-size-5000
464.610000,True,15,COMERCIO,13,INEFICIENTE,75,TIPICO,False,False,False,energiai-v2-seed-42-size-5000
335.050000,True,18,CASA,3,MODERADO,47,TIPICO,False,False,False,energiai-v2-seed-42-size-5000
357.640000,False,27,ESCRITORIO,5,MODERADO,32,TIPICO,False,False,False,energiai-v2-seed-42-size-5000
444.800000,True,10,OUTRO,13,MODERADO,55,TIPICO,False,False,False,energiai-v2-seed-42-size-5000
792.400000,True,10,INDUSTRIA,20,MODERADO,53,TIPICO,False,False,False,energiai-v2-seed-42-size-5000
412.490000,True,15,CASA,10,INEFICIENTE,76,TIPICO,False,False,False,energiai-v2-seed-42-size-5000
463.600000,True,18,CASA,11,INEFICIENTE,92,TIPICO,False,False,False,energiai-v2-seed-42-size-5000
386.370000,True,31,ESCRITORIO,5,MODERADO,47,TIPICO,False,False,False,energiai-v2-seed-42-size-5000
337.540000,True,14,APARTAMENTO,10,INEFICIENTE,88,TIPICO,False,False,False,energiai-v2-seed-42-size-5000
282.550000,False,10,COMERCIO,7,EFICIENTE,18,TIPICO,False,False,False,energiai-v2-seed-42-size-5000
117.000000,True,18,APARTAMENTO,9,MODERADO,52,RARO_EXTREMO,False,True,False,energiai-v2-seed-42-size-5000
330.080000,True,17,CASA,2,MODERADO,42,TIPICO,False,False,False,energiai-v2-seed-42-size-5000
171.750000,False,12,OUTRO,2,EFICIENTE,11,TIPICO,False,False,False,energiai-v2-seed-42-size-5000
274.660000,True,14,APARTAMENTO,5,MODERADO,57,TIPICO,False,False,False,energiai-v2-seed-42-size-5000
417.810000,True,19,COMERCIO,9,INEFICIENTE,61,FRONTEIRA,True,False,False,energiai-v2-seed-42-size-5000
388.740000,False,20,CASA,8,INEFICIENTE,64,TIPICO,False,False,False,energiai-v2-seed-42-size-5000
359.700000,True,15,CASA,6,MODERADO,56,TIPICO,False,False,False,energiai-v2-seed-42-size-5000
260.430000,True,11,APARTAMENTO,4,MODERADO,47,TIPICO,False,False,False,energiai-v2-seed-42-size-5000
390.690000,True,19,COMERCIO,6,MODERADO,49,TIPICO,False,False,False,energiai-v2-seed-42-size-5000
402.530000,True,12,ESCRITORIO,9,MODERADO,44,TIPICO,False,False,False,energiai-v2-seed-42-size-5000
169.170000,False,6,APARTAMENTO,6,EFICIENTE,19,TIPICO,False,False,False,energiai-v2-seed-42-size-5000
333.890000,True,4,CASA,12,MODERADO,51,TIPICO,False,False,False,energiai-v2-seed-42-size-5000
267.460000,True,7,APARTAMENTO,9,MODERADO,56,TIPICO,False,False,False,energiai-v2-seed-42-size-5000
207.120000,False,6,CASA,4,EFICIENTE,10,TIPICO,False,False,False,energiai-v2-seed-42-size-5000
329.150000,True,17,APARTAMENTO,8,INEFICIENTE,84,TIPICO,False,False,False,energiai-v2-seed-42-size-5000
449.720000,True,21,CASA,9,INEFICIENTE,88,TIPICO,False,False,False,energiai-v2-seed-42-size-5000
390.090000,True,21,CASA,4,INEFICIENTE,61,FRONTEIRA,True,False,False,energiai-v2-seed-42-size-5000
352.450000,True,10,CASA,9,MODERADO,56,TIPICO,False,False,False,energiai-v2-seed-42-size-5000
280.800000,False,16,APARTAMENTO,7,MODERADO,60,TIPICO,False,False,False,energiai-v2-seed-42-size-5000
434.990000,True,25,COMERCIO,8,INEFICIENTE,67,TIPICO,False,False,False,energiai-v2-seed-42-size-5000
174.480000,False,6,APARTAMENTO,3,EFICIENTE,13,TIPICO,False,False,False,energiai-v2-seed-42-size-5000
415.840000,True,12,OUTRO,9,MODERADO,47,TIPICO,False,False,False,energiai-v2-seed-42-size-5000
669.130000,True,40,INDUSTRIA,4,MODERADO,36,TIPICO,False,False,False,energiai-v2-seed-42-size-5000
204.880000,True,8,APARTAMENTO,1,EFICIENTE,24,TIPICO,False,False,False,energiai-v2-seed-42-size-5000
252.950000,True,13,APARTAMENTO,5,MODERADO,52,TIPICO,False,False,False,energiai-v2-seed-42-size-5000
282.840000,True,13,APARTAMENTO,6,INEFICIENTE,61,FRONTEIRA,True,False,False,energiai-v2-seed-42-size-5000
279.380000,True,8,APARTAMENTO,9,INEFICIENTE,61,TIPICO,False,False,False,energiai-v2-seed-42-size-5000
324.890000,True,19,CASA,2,MODERADO,44,TIPICO,False,False,False,energiai-v2-seed-42-size-5000
587.750000,True,22,ESCRITORIO,14,INEFICIENTE,87,TIPICO,False,False,False,energiai-v2-seed-42-size-5000
79.890000,True,4,CASA,6,EFICIENTE,17,RARO_EXTREMO,False,True,True,energiai-v2-seed-42-size-5000
313.410000,False,3,OUTRO,12,EFICIENTE,28,TIPICO,False,False,False,energiai-v2-seed-42-size-5000
372.870000,True,14,ESCRITORIO,7,MODERADO,38,TIPICO,False,False,False,energiai-v2-seed-42-size-5000
282.820000,False,22,ESCRITORIO,3,EFICIENTE,18,TIPICO,False,False,False,energiai-v2-seed-42-size-5000
314.340000,True,14,APARTAMENTO,7,INEFICIENTE,72,TIPICO,False,False,False,energiai-v2-seed-42-size-5000
291.130000,False,7,CASA,8,MODERADO,31,TIPICO,False,False,False,energiai-v2-seed-42-size-5000
264.280000,True,7,APARTAMENTO,7,MODERADO,50,TIPICO,False,False,False,energiai-v2-seed-42-size-5000
275.640000,False,4,CASA,12,MODERADO,33,TIPICO,False,False,False,energiai-v2-seed-42-size-5000
244.540000,False,7,ESCRITORIO,7,EFICIENTE,13,TIPICO,False,False,False,energiai-v2-seed-42-size-5000
458.160000,False,20,COMERCIO,13,INEFICIENTE,71,TIPICO,False,False,False,energiai-v2-seed-42-size-5000
269.500000,True,17,APARTAMENTO,3,MODERADO,54,TIPICO,False,False,False,energiai-v2-seed-42-size-5000
294.790000,False,18,COMERCIO,3,EFICIENTE,19,TIPICO,False,False,False,energiai-v2-seed-42-size-5000
425.020000,True,19,COMERCIO,10,INEFICIENTE,65,TIPICO,False,False,False,energiai-v2-seed-42-size-5000
862.080000,False,48,INDUSTRIA,10,MODERADO,51,TIPICO,False,False,False,energiai-v2-seed-42-size-5000
390.000000,True,18,APARTAMENTO,10,INEFICIENTE,100,TIPICO,False,False,False,energiai-v2-seed-42-size-5000
516.490000,False,30,ESCRITORIO,9,INEFICIENTE,61,TIPICO,False,False,False,energiai-v2-seed-42-size-5000
187.760000,False,7,APARTAMENTO,4,EFICIENTE,19,TIPICO,False,False,False,energiai-v2-seed-42-size-5000
247.590000,False,8,CASA,6,EFICIENTE,22,TIPICO,False,False,False,energiai-v2-seed-42-size-5000
315.940000,False,20,CASA,3,MODERADO,38,TIPICO,False,False,False,energiai-v2-seed-42-size-5000
430.550000,True,22,ESCRITORIO,8,MODERADO,52,TIPICO,False,False,False,energiai-v2-seed-42-size-5000
347.740000,False,21,CASA,5,MODERADO,50,TIPICO,False,False,False,energiai-v2-seed-42-size-5000
287.200000,False,20,ESCRITORIO,4,EFICIENTE,19,TIPICO,False,False,False,energiai-v2-seed-42-size-5000
531.170000,False,23,OUTRO,13,INEFICIENTE,66,TIPICO,False,False,False,energiai-v2-seed-42-size-5000
204.390000,False,9,CASA,2,EFICIENTE,9,TIPICO,False,False,False,energiai-v2-seed-42-size-5000
249.960000,False,6,COMERCIO,3,EFICIENTE,3,TIPICO,False,False,False,energiai-v2-seed-42-size-5000
360.390000,True,6,CASA,20,MODERADO,59,RARO_EXTREMO,False,True,True,energiai-v2-seed-42-size-5000
283.370000,False,6,COMERCIO,9,EFICIENTE,18,TIPICO,False,False,False,energiai-v2-seed-42-size-5000
341.030000,True,13,APARTAMENTO,10,INEFICIENTE,87,TIPICO,False,False,False,energiai-v2-seed-42-size-5000
302.400000,False,20,CASA,2,MODERADO,33,TIPICO,False,False,False,energiai-v2-seed-42-size-5000
450.560000,True,25,COMERCIO,8,INEFICIENTE,70,TIPICO,False,False,False,energiai-v2-seed-42-size-5000
258.980000,False,11,APARTAMENTO,8,MODERADO,50,TIPICO,False,False,False,energiai-v2-seed-42-size-5000
860.830000,False,34,INDUSTRIA,14,MODERADO,51,TIPICO,False,False,False,energiai-v2-seed-42-size-5000
392.810000,True,19,CASA,7,INEFICIENTE,69,TIPICO,False,False,False,energiai-v2-seed-42-size-5000
182.130000,False,7,APARTAMENTO,4,EFICIENTE,18,TIPICO,False,False,False,energiai-v2-seed-42-size-5000
144.030000,False,26,COMERCIO,4,EFICIENTE,22,RARO_EXTREMO,False,True,True,energiai-v2-seed-42-size-5000
347.280000,True,13,COMERCIO,4,MODERADO,32,TIPICO,False,False,False,energiai-v2-seed-42-size-5000
340.950000,True,22,CASA,2,MODERADO,49,TIPICO,False,False,False,energiai-v2-seed-42-size-5000
289.780000,True,13,APARTAMENTO,6,INEFICIENTE,62,TIPICO,False,False,False,energiai-v2-seed-42-size-5000
296.290000,False,13,ESCRITORIO,8,EFICIENTE,24,TIPICO,False,False,False,energiai-v2-seed-42-size-5000
356.650000,False,20,INDUSTRIA,4,EFICIENTE,7,TIPICO,False,False,False,energiai-v2-seed-42-size-5000
295.560000,False,14,APARTAMENTO,9,INEFICIENTE,66,TIPICO,False,False,False,energiai-v2-seed-42-size-5000
702.970000,False,46,INDUSTRIA,22,INEFICIENTE,64,RARO_EXTREMO,False,True,False,energiai-v2-seed-42-size-5000
394.870000,True,21,CASA,6,INEFICIENTE,69,TIPICO,False,False,False,energiai-v2-seed-42-size-5000
190.070000,False,11,APARTAMENTO,2,EFICIENTE,20,TIPICO,False,False,False,energiai-v2-seed-42-size-5000
579.250000,True,34,ESCRITORIO,10,INEFICIENTE,83,TIPICO,False,False,False,energiai-v2-seed-42-size-5000
372.560000,True,8,CASA,10,MODERADO,59,TIPICO,False,False,False,energiai-v2-seed-42-size-5000
317.470000,True,15,APARTAMENTO,7,INEFICIENTE,74,TIPICO,False,False,False,energiai-v2-seed-42-size-5000
502.180000,True,28,COMERCIO,10,INEFICIENTE,88,TIPICO,False,False,False,energiai-v2-seed-42-size-5000
285.350000,True,18,APARTAMENTO,4,INEFICIENTE,62,TIPICO,False,False,False,energiai-v2-seed-42-size-5000
71.330000,True,8,APARTAMENTO,2,EFICIENTE,17,RARO_EXTREMO,False,True,True,energiai-v2-seed-42-size-5000
1045.110000,True,42,INDUSTRIA,11,INEFICIENTE,67,TIPICO,False,False,False,energiai-v2-seed-42-size-5000
455.230000,True,15,CASA,11,INEFICIENTE,86,TIPICO,False,False,False,energiai-v2-seed-42-size-5000
377.000000,True,16,OUTRO,5,MODERADO,40,TIPICO,False,False,False,energiai-v2-seed-42-size-5000
411.460000,False,27,COMERCIO,6,MODERADO,51,TIPICO,False,False,False,energiai-v2-seed-42-size-5000
282.030000,False,10,CASA,8,MODERADO,34,TIPICO,False,False,False,energiai-v2-seed-42-size-5000
221.300000,False,8,APARTAMENTO,6,MODERADO,32,TIPICO,False,False,False,energiai-v2-seed-42-size-5000
223.400000,False,17,APARTAMENTO,3,MODERADO,37,TIPICO,False,False,False,energiai-v2-seed-42-size-5000
248.380000,True,15,APARTAMENTO,2,MODERADO,44,TIPICO,False,False,False,energiai-v2-seed-42-size-5000
501.120000,True,22,CASA,12,INEFICIENTE,100,TIPICO,False,False,False,energiai-v2-seed-42-size-5000
368.500000,True,18,APARTAMENTO,9,INEFICIENTE,99,TIPICO,False,False,False,energiai-v2-seed-42-size-5000
342.750000,True,15,APARTAMENTO,8,INEFICIENTE,84,TIPICO,False,False,False,energiai-v2-seed-42-size-5000
307.910000,False,10,ESCRITORIO,9,EFICIENTE,25,TIPICO,False,False,False,energiai-v2-seed-42-size-5000
434.250000,True,21,CASA,8,INEFICIENTE,82,TIPICO,False,False,False,energiai-v2-seed-42-size-5000
212.870000,False,6,CASA,3,EFICIENTE,9,TIPICO,False,False,False,energiai-v2-seed-42-size-5000
785.400000,False,23,INDUSTRIA,17,MODERADO,47,TIPICO,False,False,False,energiai-v2-seed-42-size-5000
271.390000,False,8,CASA,7,EFICIENTE,27,TIPICO,False,False,False,energiai-v2-seed-42-size-5000
269.280000,False,15,CASA,3,EFICIENTE,26,TIPICO,False,False,False,energiai-v2-seed-42-size-5000
462.650000,True,18,CASA,10,INEFICIENTE,89,TIPICO,False,False,False,energiai-v2-seed-42-size-5000
275.700000,True,7,APARTAMENTO,10,INEFICIENTE,61,TIPICO,False,False,False,energiai-v2-seed-42-size-5000
257.780000,False,12,APARTAMENTO,8,MODERADO,51,TIPICO,False,False,False,energiai-v2-seed-42-size-5000
241.540000,False,7,CASA,6,EFICIENTE,20,TIPICO,False,False,False,energiai-v2-seed-42-size-5000
449.390000,True,15,CASA,11,INEFICIENTE,85,TIPICO,False,False,False,energiai-v2-seed-42-size-5000
221.930000,False,14,APARTAMENTO,2,EFICIENTE,29,TIPICO,False,False,False,energiai-v2-seed-42-size-5000
267.790000,True,8,APARTAMENTO,9,MODERADO,58,TIPICO,False,False,False,energiai-v2-seed-42-size-5000
220.790000,False,6,APARTAMENTO,8,MODERADO,33,TIPICO,False,False,False,energiai-v2-seed-42-size-5000
243.220000,False,14,APARTAMENTO,5,MODERADO,42,TIPICO,False,False,False,energiai-v2-seed-42-size-5000
199.120000,False,6,APARTAMENTO,4,EFICIENTE,19,TIPICO,False,False,False,energiai-v2-seed-42-size-5000
289.760000,False,15,CASA,5,MODERADO,34,TIPICO,False,False,False,energiai-v2-seed-42-size-5000
389.990000,True,18,APARTAMENTO,11,INEFICIENTE,100,TIPICO,False,False,False,energiai-v2-seed-42-size-5000
343.820000,False,20,OUTRO,3,EFICIENTE,28,TIPICO,False,False,False,energiai-v2-seed-42-size-5000
534.610000,True,25,COMERCIO,14,INEFICIENTE,100,TIPICO,False,False,False,energiai-v2-seed-42-size-5000
415.380000,True,21,CASA,6,INEFICIENTE,72,TIPICO,False,False,False,energiai-v2-seed-42-size-5000
282.840000,False,20,CASA,1,EFICIENTE,28,TIPICO,False,False,False,energiai-v2-seed-42-size-5000
448.600000,True,19,COMERCIO,13,INEFICIENTE,78,TIPICO,False,False,False,energiai-v2-seed-42-size-5000
375.080000,True,21,CASA,4,MODERADO,59,TIPICO,False,False,False,energiai-v2-seed-42-size-5000
476.350000,False,17,OUTRO,12,MODERADO,53,TIPICO,False,False,False,energiai-v2-seed-42-size-5000
490.180000,True,27,COMERCIO,10,INEFICIENTE,85,TIPICO,False,False,False,energiai-v2-seed-42-size-5000
302.540000,False,4,CASA,11,MODERADO,35,TIPICO,False,False,False,energiai-v2-seed-42-size-5000
257.890000,False,6,COMERCIO,4,EFICIENTE,5,TIPICO,False,False,False,energiai-v2-seed-42-size-5000
263.480000,True,15,APARTAMENTO,3,MODERADO,50,TIPICO,False,False,False,energiai-v2-seed-42-size-5000
224.100000,False,15,APARTAMENTO,2,MODERADO,31,FRONTEIRA,True,False,False,energiai-v2-seed-42-size-5000
71.330000,False,18,APARTAMENTO,2,EFICIENTE,22,RARO_EXTREMO,False,True,True,energiai-v2-seed-42-size-5000
474.170000,True,3,OUTRO,16,MODERADO,56,TIPICO,False,False,False,energiai-v2-seed-42-size-5000
397.580000,True,13,COMERCIO,11,MODERADO,56,TIPICO,False,False,False,energiai-v2-seed-42-size-5000
71.330000,True,17,APARTAMENTO,11,MODERADO,56,RARO_EXTREMO,False,True,True,energiai-v2-seed-42-size-5000
250.490000,False,6,COMERCIO,3,EFICIENTE,3,TIPICO,False,False,False,energiai-v2-seed-42-size-5000
596.710000,True,30,ESCRITORIO,12,INEFICIENTE,89,TIPICO,False,False,False,energiai-v2-seed-42-size-5000
436.160000,True,29,ESCRITORIO,5,MODERADO,49,TIPICO,False,False,False,energiai-v2-seed-42-size-5000
316.540000,True,5,COMERCIO,7,EFICIENTE,27,TIPICO,False,False,False,energiai-v2-seed-42-size-5000
400.390000,True,20,CASA,6,INEFICIENTE,68,TIPICO,False,False,False,energiai-v2-seed-42-size-5000
521.270000,True,24,ESCRITORIO,10,INEFICIENTE,69,TIPICO,False,False,False,energiai-v2-seed-42-size-5000
395.490000,False,19,CASA,9,INEFICIENTE,67,TIPICO,False,False,False,energiai-v2-seed-42-size-5000
170.940000,False,10,APARTAMENTO,2,EFICIENTE,16,TIPICO,False,False,False,energiai-v2-seed-42-size-5000
391.900000,False,17,CASA,10,INEFICIENTE,67,TIPICO,False,False,False,energiai-v2-seed-42-size-5000
299.590000,False,14,CASA,6,MODERADO,37,TIPICO,False,False,False,energiai-v2-seed-42-size-5000
258.330000,False,5,CASA,9,EFICIENTE,26,TIPICO,False,False,False,energiai-v2-seed-42-size-5000
301.920000,False,20,COMERCIO,2,EFICIENTE,19,TIPICO,False,False,False,energiai-v2-seed-42-size-5000
230.960000,True,8,APARTAMENTO,4,MODERADO,37,TIPICO,False,False,False,energiai-v2-seed-42-size-5000
277.260000,False,11,COMERCIO,3,EFICIENTE,10,TIPICO,False,False,False,energiai-v2-seed-42-size-5000
212.440000,False,8,APARTAMENTO,6,EFICIENTE,30,TIPICO,False,False,False,energiai-v2-seed-42-size-5000
329.720000,True,14,APARTAMENTO,9,INEFICIENTE,83,TIPICO,False,False,False,energiai-v2-seed-42-size-5000
157.360000,False,7,APARTAMENTO,2,EFICIENTE,9,TIPICO,False,False,False,energiai-v2-seed-42-size-5000
274.080000,False,9,COMERCIO,4,EFICIENTE,10,TIPICO,False,False,False,energiai-v2-seed-42-size-5000
244.970000,False,28,APARTAMENTO,4,MODERADO,46,RARO_EXTREMO,False,True,True,energiai-v2-seed-42-size-5000
261.650000,True,10,APARTAMENTO,7,MODERADO,55,TIPICO,False,False,False,energiai-v2-seed-42-size-5000
348.900000,True,15,COMERCIO,4,MODERADO,34,TIPICO,False,False,False,energiai-v2-seed-42-size-5000
354.870000,True,12,CASA,8,MODERADO,56,TIPICO,False,False,False,energiai-v2-seed-42-size-5000
235.240000,False,6,APARTAMENTO,8,MODERADO,36,TIPICO,False,False,False,energiai-v2-seed-42-size-5000
290.490000,False,13,APARTAMENTO,10,INEFICIENTE,67,TIPICO,False,False,False,energiai-v2-seed-42-size-5000
520.280000,False,22,OUTRO,12,INEFICIENTE,62,TIPICO,False,False,False,energiai-v2-seed-42-size-5000
365.670000,True,18,CASA,3,MODERADO,51,TIPICO,False,False,False,energiai-v2-seed-42-size-5000
495.810000,True,25,COMERCIO,10,INEFICIENTE,84,TIPICO,False,False,False,energiai-v2-seed-42-size-5000
194.020000,False,4,CASA,3,EFICIENTE,4,TIPICO,False,False,False,energiai-v2-seed-42-size-5000
236.270000,False,13,CASA,2,EFICIENTE,18,TIPICO,False,False,False,energiai-v2-seed-42-size-5000
289.960000,False,10,CASA,7,MODERADO,33,TIPICO,False,False,False,energiai-v2-seed-42-size-5000
302.620000,False,20,COMERCIO,2,EFICIENTE,19,TIPICO,False,False,False,energiai-v2-seed-42-size-5000
436.500000,False,8,INDUSTRIA,11,EFICIENTE,13,TIPICO,False,False,False,energiai-v2-seed-42-size-5000
504.120000,True,17,ESCRITORIO,12,INEFICIENTE,67,TIPICO,False,False,False,energiai-v2-seed-42-size-5000
295.250000,False,14,CASA,5,MODERADO,34,TIPICO,False,False,False,energiai-v2-seed-42-size-5000
389.170000,False,18,COMERCIO,9,MODERADO,47,TIPICO,False,False,False,energiai-v2-seed-42-size-5000
339.250000,False,11,COMERCIO,11,MODERADO,36,TIPICO,False,False,False,energiai-v2-seed-42-size-5000
402.010000,True,10,COMERCIO,11,MODERADO,53,TIPICO,False,False,False,energiai-v2-seed-42-size-5000
151.220000,False,5,APARTAMENTO,1,EFICIENTE,3,TIPICO,False,False,False,energiai-v2-seed-42-size-5000
452.750000,False,29,ESCRITORIO,11,MODERADO,60,FRONTEIRA,True,False,False,energiai-v2-seed-42-size-5000
297.340000,True,17,APARTAMENTO,5,INEFICIENTE,66,TIPICO,False,False,False,energiai-v2-seed-42-size-5000
271.870000,True,7,APARTAMENTO,10,MODERADO,60,TIPICO,False,False,False,energiai-v2-seed-42-size-5000
317.260000,True,14,APARTAMENTO,7,INEFICIENTE,73,TIPICO,False,False,False,energiai-v2-seed-42-size-5000
327.090000,True,11,APARTAMENTO,11,INEFICIENTE,84,TIPICO,False,False,False,energiai-v2-seed-42-size-5000
287.460000,False,19,ESCRITORIO,6,EFICIENTE,23,TIPICO,False,False,False,energiai-v2-seed-42-size-5000
388.710000,True,17,APARTAMENTO,10,INEFICIENTE,100,TIPICO,False,False,False,energiai-v2-seed-42-size-5000
361.620000,True,5,COMERCIO,11,MODERADO,41,TIPICO,False,False,False,energiai-v2-seed-42-size-5000
345.370000,True,14,APARTAMENTO,11,INEFICIENTE,94,TIPICO,False,False,False,energiai-v2-seed-42-size-5000
395.790000,True,17,COMERCIO,9,MODERADO,55,TIPICO,False,False,False,energiai-v2-seed-42-size-5000
364.520000,True,18,CASA,4,MODERADO,54,TIPICO,False,False,False,energiai-v2-seed-42-size-5000
342.730000,True,15,APARTAMENTO,10,INEFICIENTE,91,TIPICO,False,False,False,energiai-v2-seed-42-size-5000
258.180000,False,4,CASA,7,EFICIENTE,20,TIPICO,False,False,False,energiai-v2-seed-42-size-5000
306.760000,False,6,CASA,12,MODERADO,41,TIPICO,False,False,False,energiai-v2-seed-42-size-5000
331.800000,False,5,ESCRITORIO,13,MODERADO,32,TIPICO,False,False,False,energiai-v2-seed-42-size-5000
180.010000,False,4,CASA,1,EFICIENTE,0,TIPICO,False,False,False,energiai-v2-seed-42-size-5000
248.080000,False,11,APARTAMENTO,6,MODERADO,41,TIPICO,False,False,False,energiai-v2-seed-42-size-5000
203.550000,False,4,CASA,3,EFICIENTE,5,TIPICO,False,False,False,energiai-v2-seed-42-size-5000
449.740000,False,21,COMERCIO,14,INEFICIENTE,74,TIPICO,False,False,False,energiai-v2-seed-42-size-5000
341.650000,True,12,ESCRITORIO,8,MODERADO,36,TIPICO,False,False,False,energiai-v2-seed-42-size-5000
373.330000,False,14,COMERCIO,10,MODERADO,42,TIPICO,False,False,False,energiai-v2-seed-42-size-5000
222.220000,True,9,APARTAMENTO,19,MODERADO,57,RARO_EXTREMO,False,True,True,energiai-v2-seed-42-size-5000
194.970000,False,4,APARTAMENTO,5,EFICIENTE,18,TIPICO,False,False,False,energiai-v2-seed-42-size-5000
314.080000,False,18,APARTAMENTO,7,INEFICIENTE,70,TIPICO,False,False,False,energiai-v2-seed-42-size-5000
301.380000,True,11,APARTAMENTO,10,INEFICIENTE,74,TIPICO,False,False,False,energiai-v2-seed-42-size-5000
401.140000,True,15,CASA,9,INEFICIENTE,71,TIPICO,False,False,False,energiai-v2-seed-42-size-5000
714.810000,False,27,INDUSTRIA,14,MODERADO,41,TIPICO,False,False,False,energiai-v2-seed-42-size-5000
264.550000,True,5,CASA,5,EFICIENTE,27,TIPICO,False,False,False,energiai-v2-seed-42-size-5000
256.160000,False,12,APARTAMENTO,6,MODERADO,45,TIPICO,False,False,False,energiai-v2-seed-42-size-5000
218.360000,False,8,CASA,4,EFICIENTE,14,TIPICO,False,False,False,energiai-v2-seed-42-size-5000
666.400000,True,20,INDUSTRIA,7,MODERADO,31,TIPICO,False,False,False,energiai-v2-seed-42-size-5000
283.480000,False,2,APARTAMENTO,6,MODERADO,35,RARO_EXTREMO,False,True,False,energiai-v2-seed-42-size-5000
344.040000,False,13,CASA,9,MODERADO,50,TIPICO,False,False,False,energiai-v2-seed-42-size-5000
226.320000,False,8,ESCRITORIO,4,EFICIENTE,6,TIPICO,False,False,False,energiai-v2-seed-42-size-5000
399.570000,True,25,COMERCIO,4,MODERADO,50,TIPICO,False,False,False,energiai-v2-seed-42-size-5000
410.360000,False,14,INDUSTRIA,5,EFICIENTE,7,TIPICO,False,False,False,energiai-v2-seed-42-size-5000
317.610000,False,12,COMERCIO,7,EFICIENTE,25,TIPICO,False,False,False,energiai-v2-seed-42-size-5000
619.820000,True,28,OUTRO,10,INEFICIENTE,79,TIPICO,False,False,False,energiai-v2-seed-42-size-5000
221.560000,True,10,APARTAMENTO,2,MODERADO,32,TIPICO,False,False,False,energiai-v2-seed-42-size-5000
406.870000,True,15,CASA,8,INEFICIENTE,69,TIPICO,False,False,False,energiai-v2-seed-42-size-5000
349.320000,True,15,CASA,4,MODERADO,48,TIPICO,False,False,False,energiai-v2-seed-42-size-5000
377.200000,False,20,CASA,7,MODERADO,59,TIPICO,False,False,False,energiai-v2-seed-42-size-5000
281.650000,False,5,CASA,11,MODERADO,34,TIPICO,False,False,False,energiai-v2-seed-42-size-5000
232.550000,False,13,CASA,2,EFICIENTE,17,TIPICO,False,False,False,energiai-v2-seed-42-size-5000
297.720000,False,18,CASA,4,MODERADO,36,TIPICO,False,False,False,energiai-v2-seed-42-size-5000
196.740000,False,3,APARTAMENTO,8,EFICIENTE,24,TIPICO,False,False,False,energiai-v2-seed-42-size-5000
389.330000,True,25,COMERCIO,4,MODERADO,49,TIPICO,False,False,False,energiai-v2-seed-42-size-5000
319.820000,True,16,ESCRITORIO,3,EFICIENTE,25,TIPICO,False,False,False,energiai-v2-seed-42-size-5000
224.610000,False,13,APARTAMENTO,3,MODERADO,31,TIPICO,False,False,False,energiai-v2-seed-42-size-5000
194.830000,False,5,APARTAMENTO,6,EFICIENTE,22,TIPICO,False,False,False,energiai-v2-seed-42-size-5000
889.400000,True,32,INDUSTRIA,11,MODERADO,54,TIPICO,False,False,False,energiai-v2-seed-42-size-5000
331.280000,True,5,CASA,9,MODERADO,45,TIPICO,False,False,False,energiai-v2-seed-42-size-5000
168.780000,False,7,OUTRO,2,EFICIENTE,7,TIPICO,False,False,False,energiai-v2-seed-42-size-5000
204.130000,False,15,APARTAMENTO,1,EFICIENTE,25,TIPICO,False,False,False,energiai-v2-seed-42-size-5000
520.690000,True,27,COMERCIO,11,INEFICIENTE,93,TIPICO,False,False,False,energiai-v2-seed-42-size-5000
455.100000,True,3,CASA,10,INEFICIENTE,66,RARO_EXTREMO,False,True,False,energiai-v2-seed-42-size-5000
260.320000,False,13,APARTAMENTO,7,MODERADO,50,TIPICO,False,False,False,energiai-v2-seed-42-size-5000
402.780000,True,13,CASA,11,INEFICIENTE,74,TIPICO,False,False,False,energiai-v2-seed-42-size-5000
380.730000,True,6,CASA,12,INEFICIENTE,62,TIPICO,False,False,False,energiai-v2-seed-42-size-5000
245.560000,True,12,APARTAMENTO,3,MODERADO,42,TIPICO,False,False,False,energiai-v2-seed-42-size-5000
673.970000,False,49,INDUSTRIA,5,MODERADO,33,TIPICO,False,False,False,energiai-v2-seed-42-size-5000
268.510000,True,9,APARTAMENTO,8,MODERADO,57,TIPICO,False,False,False,energiai-v2-seed-42-size-5000
230.260000,True,4,OUTRO,1,EFICIENTE,15,TIPICO,False,False,False,energiai-v2-seed-42-size-5000
399.080000,True,21,COMERCIO,6,MODERADO,52,TIPICO,False,False,False,energiai-v2-seed-42-size-5000
278.250000,False,10,APARTAMENTO,11,INEFICIENTE,62,TIPICO,False,False,False,energiai-v2-seed-42-size-5000
436.820000,False,21,INDUSTRIA,5,EFICIENTE,11,TIPICO,False,False,False,energiai-v2-seed-42-size-5000
147.710000,False,5,APARTAMENTO,1,EFICIENTE,3,TIPICO,False,False,False,energiai-v2-seed-42-size-5000
455.330000,True,27,OUTRO,3,MODERADO,49,TIPICO,False,False,False,energiai-v2-seed-42-size-5000
316.290000,True,6,CASA,8,MODERADO,42,TIPICO,False,False,False,energiai-v2-seed-42-size-5000
553.770000,False,20,CASA,3,INEFICIENTE,66,RARO_EXTREMO,False,True,False,energiai-v2-seed-42-size-5000
261.160000,False,10,COMERCIO,2,EFICIENTE,6,TIPICO,False,False,False,energiai-v2-seed-42-size-5000
495.930000,True,28,COMERCIO,9,INEFICIENTE,84,TIPICO,False,False,False,energiai-v2-seed-42-size-5000
1231.620000,True,48,INDUSTRIA,18,INEFICIENTE,97,TIPICO,False,False,False,energiai-v2-seed-42-size-5000
410.720000,True,34,CASA,10,INEFICIENTE,86,RARO_EXTREMO,False,True,True,energiai-v2-seed-42-size-5000
299.980000,False,12,COMERCIO,6,EFICIENTE,20,TIPICO,False,False,False,energiai-v2-seed-42-size-5000
369.170000,True,17,APARTAMENTO,10,INEFICIENTE,100,TIPICO,False,False,False,energiai-v2-seed-42-size-5000
283.360000,False,13,CASA,6,MODERADO,33,TIPICO,False,False,False,energiai-v2-seed-42-size-5000
511.660000,True,29,ESCRITORIO,8,INEFICIENTE,65,TIPICO,False,False,False,energiai-v2-seed-42-size-5000
175.180000,False,7,APARTAMENTO,4,EFICIENTE,17,TIPICO,False,False,False,energiai-v2-seed-42-size-5000
313.910000,True,11,APARTAMENTO,10,INEFICIENTE,77,TIPICO,False,False,False,energiai-v2-seed-42-size-5000
197.750000,False,4,APARTAMENTO,9,EFICIENTE,28,TIPICO,False,False,False,energiai-v2-seed-42-size-5000
272.130000,False,11,APARTAMENTO,10,MODERADO,59,TIPICO,False,False,False,energiai-v2-seed-42-size-5000
339.410000,True,17,APARTAMENTO,8,INEFICIENTE,86,TIPICO,False,False,False,energiai-v2-seed-42-size-5000
372.200000,True,17,APARTAMENTO,11,INEFICIENTE,100,TIPICO,False,False,False,energiai-v2-seed-42-size-5000
237.250000,True,12,APARTAMENTO,1,MODERADO,35,TIPICO,False,False,False,energiai-v2-seed-42-size-5000
532.790000,True,30,ESCRITORIO,9,INEFICIENTE,72,TIPICO,False,False,False,energiai-v2-seed-42-size-5000
251.550000,False,18,APARTAMENTO,3,MODERADO,43,TIPICO,False,False,False,energiai-v2-seed-42-size-5000
353.020000,False,11,CASA,11,MODERADO,54,TIPICO,False,False,False,energiai-v2-seed-42-size-5000
157.380000,False,4,APARTAMENTO,1,EFICIENTE,3,TIPICO,False,False,False,energiai-v2-seed-42-size-5000
293.450000,True,8,OUTRO,3,EFICIENTE,25,TIPICO,False,False,False,energiai-v2-seed-42-size-5000
275.780000,False,13,APARTAMENTO,7,MODERADO,53,TIPICO,False,False,False,energiai-v2-seed-42-size-5000
1233.080000,True,42,INDUSTRIA,19,INEFICIENTE,95,TIPICO,False,False,False,energiai-v2-seed-42-size-5000
289.860000,True,6,ESCRITORIO,5,EFICIENTE,21,TIPICO,False,False,False,energiai-v2-seed-42-size-5000
514.160000,True,28,COMERCIO,11,INEFICIENTE,94,TIPICO,False,False,False,energiai-v2-seed-42-size-5000
180.000000,False,4,CASA,2,EFICIENTE,1,TIPICO,False,False,False,energiai-v2-seed-42-size-5000
313.960000,True,9,COMERCIO,2,EFICIENTE,20,TIPICO,False,False,False,energiai-v2-seed-42-size-5000
190.550000,False,15,APARTAMENTO,1,EFICIENTE,23,TIPICO,False,False,False,energiai-v2-seed-42-size-5000
213.960000,False,9,APARTAMENTO,5,EFICIENTE,29,TIPICO,False,False,False,energiai-v2-seed-42-size-5000
653.560000,True,31,ESCRITORIO,15,INEFICIENTE,100,RARO_EXTREMO,False,True,False,energiai-v2-seed-42-size-5000
214.940000,False,20,APARTAMENTO,4,MODERADO,40,RARO_EXTREMO,False,True,False,energiai-v2-seed-42-size-5000
168.640000,False,5,APARTAMENTO,3,EFICIENTE,10,TIPICO,False,False,False,energiai-v2-seed-42-size-5000
288.960000,True,10,APARTAMENTO,8,INEFICIENTE,63,TIPICO,False,False,False,energiai-v2-seed-42-size-5000
287.350000,True,10,CASA,4,MODERADO,34,TIPICO,False,False,False,energiai-v2-seed-42-size-5000
386.620000,False,21,COMERCIO,7,MODERADO,44,TIPICO,False,False,False,energiai-v2-seed-42-size-5000
265.200000,True,11,CASA,2,EFICIENTE,28,TIPICO,False,False,False,energiai-v2-seed-42-size-5000
555.590000,True,28,COMERCIO,13,INEFICIENTE,100,TIPICO,False,False,False,energiai-v2-seed-42-size-5000
380.360000,True,12,CASA,10,INEFICIENTE,66,TIPICO,False,False,False,energiai-v2-seed-42-size-5000
347.370000,True,14,COMERCIO,5,MODERADO,35,TIPICO,False,False,False,energiai-v2-seed-42-size-5000
146.820000,False,4,APARTAMENTO,2,EFICIENTE,4,TIPICO,False,False,False,energiai-v2-seed-42-size-5000
306.500000,False,15,COMERCIO,6,EFICIENTE,24,TIPICO,False,False,False,energiai-v2-seed-42-size-5000
672.400000,False,43,INDUSTRIA,7,MODERADO,34,TIPICO,False,False,False,energiai-v2-seed-42-size-5000
255.600000,False,16,CASA,1,EFICIENTE,21,TIPICO,False,False,False,energiai-v2-seed-42-size-5000
255.370000,False,16,APARTAMENTO,6,MODERADO,51,TIPICO,False,False,False,energiai-v2-seed-42-size-5000
272.670000,True,7,APARTAMENTO,10,INEFICIENTE,61,TIPICO,False,False,False,energiai-v2-seed-42-size-5000
213.810000,False,7,CASA,2,EFICIENTE,8,TIPICO,False,False,False,energiai-v2-seed-42-size-5000
282.790000,True,7,APARTAMENTO,11,INEFICIENTE,66,TIPICO,False,False,False,energiai-v2-seed-42-size-5000
486.840000,True,23,COMERCIO,11,INEFICIENTE,83,TIPICO,False,False,False,energiai-v2-seed-42-size-5000
338.850000,False,13,CASA,9,MODERADO,49,TIPICO,False,False,False,energiai-v2-seed-42-size-5000
235.960000,False,9,CASA,4,EFICIENTE,17,TIPICO,False,False,False,energiai-v2-seed-42-size-5000
274.600000,False,16,CASA,4,MODERADO,31,FRONTEIRA,True,False,False,energiai-v2-seed-42-size-5000
249.870000,False,14,CASA,1,EFICIENTE,18,TIPICO,False,False,False,energiai-v2-seed-42-size-5000
645.260000,True,31,ESCRITORIO,14,INEFICIENTE,100,TIPICO,False,False,False,energiai-v2-seed-42-size-5000
226.670000,True,3,APARTAMENTO,8,MODERADO,38,TIPICO,False,False,False,energiai-v2-seed-42-size-5000
211.500000,False,4,CASA,5,EFICIENTE,10,TIPICO,False,False,False,energiai-v2-seed-42-size-5000
668.200000,False,11,INDUSTRIA,18,MODERADO,35,TIPICO,False,False,False,energiai-v2-seed-42-size-5000
822.600000,True,32,INDUSTRIA,7,MODERADO,44,TIPICO,False,False,False,energiai-v2-seed-42-size-5000
412.590000,True,16,COMERCIO,9,MODERADO,57,TIPICO,False,False,False,energiai-v2-seed-42-size-5000
316.340000,True,5,CASA,9,MODERADO,43,TIPICO,False,False,False,energiai-v2-seed-42-size-5000
408.530000,True,20,CASA,6,INEFICIENTE,69,TIPICO,False,False,False,energiai-v2-seed-42-size-5000
324.920000,True,6,CASA,11,MODERADO,51,TIPICO,False,False,False,energiai-v2-seed-42-size-5000
217.060000,False,3,APARTAMENTO,11,MODERADO,35,TIPICO,False,False,False,energiai-v2-seed-42-size-5000
382.070000,True,17,CASA,7,INEFICIENTE,65,TIPICO,False,False,False,energiai-v2-seed-42-size-5000
313.150000,False,10,CASA,9,MODERADO,41,TIPICO,False,False,False,energiai-v2-seed-42-size-5000
845.730000,True,14,INDUSTRIA,18,MODERADO,54,TIPICO,False,False,False,energiai-v2-seed-42-size-5000
309.720000,False,18,CASA,5,MODERADO,41,TIPICO,False,False,False,energiai-v2-seed-42-size-5000
323.650000,True,16,APARTAMENTO,8,INEFICIENTE,81,TIPICO,False,False,False,energiai-v2-seed-42-size-5000
321.160000,True,14,CASA,4,MODERADO,43,TIPICO,False,False,False,energiai-v2-seed-42-size-5000
431.240000,False,20,CASA,11,INEFICIENTE,81,TIPICO,False,False,False,energiai-v2-seed-42-size-5000
300.000000,False,11,INDUSTRIA,5,EFICIENTE,2,TIPICO,False,False,False,energiai-v2-seed-42-size-5000
266.980000,True,8,APARTAMENTO,9,MODERADO,58,TIPICO,False,False,False,energiai-v2-seed-42-size-5000
326.990000,True,17,COMERCIO,3,MODERADO,31,FRONTEIRA,True,False,False,energiai-v2-seed-42-size-5000
266.910000,True,6,APARTAMENTO,10,MODERADO,57,TIPICO,False,False,False,energiai-v2-seed-42-size-5000
343.150000,False,21,COMERCIO,5,MODERADO,33,TIPICO,False,False,False,energiai-v2-seed-42-size-5000
953.150000,True,28,INDUSTRIA,15,INEFICIENTE,63,TIPICO,False,False,False,energiai-v2-seed-42-size-5000
501.120000,True,14,ESCRITORIO,14,INEFICIENTE,69,TIPICO,False,False,False,energiai-v2-seed-42-size-5000
341.930000,True,18,APARTAMENTO,8,INEFICIENTE,89,TIPICO,False,False,False,energiai-v2-seed-42-size-5000
454.380000,True,26,COMERCIO,8,INEFICIENTE,71,TIPICO,False,False,False,energiai-v2-seed-42-size-5000
663.790000,False,8,INDUSTRIA,19,MODERADO,34,TIPICO,False,False,False,energiai-v2-seed-42-size-5000
423.080000,False,5,APARTAMENTO,3,MODERADO,50,RARO_EXTREMO,False,True,True,energiai-v2-seed-42-size-5000
456.180000,True,27,COMERCIO,8,INEFICIENTE,73,TIPICO,False,False,False,energiai-v2-seed-42-size-5000
229.590000,True,4,APARTAMENTO,9,MODERADO,43,TIPICO,False,False,False,energiai-v2-seed-42-size-5000
314.360000,True,10,APARTAMENTO,11,INEFICIENTE,79,TIPICO,False,False,False,energiai-v2-seed-42-size-5000
205.250000,True,3,APARTAMENTO,5,EFICIENTE,27,TIPICO,False,False,False,energiai-v2-seed-42-size-5000
559.570000,True,24,ESCRITORIO,14,INEFICIENTE,86,TIPICO,False,False,False,energiai-v2-seed-42-size-5000
426.690000,True,14,CASA,12,INEFICIENTE,83,TIPICO,False,False,False,energiai-v2-seed-42-size-5000
307.160000,False,11,CASA,8,MODERADO,39,TIPICO,False,False,False,energiai-v2-seed-42-size-5000
513.680000,True,33,ESCRITORIO,7,INEFICIENTE,65,TIPICO,False,False,False,energiai-v2-seed-42-size-5000
435.170000,True,13,CASA,12,INEFICIENTE,83,TIPICO,False,False,False,energiai-v2-seed-42-size-5000
243.500000,False,13,APARTAMENTO,0,EFICIENTE,28,RARO_EXTREMO,False,True,False,energiai-v2-seed-42-size-5000
249.890000,False,13,CASA,2,EFICIENTE,19,TIPICO,False,False,False,energiai-v2-seed-42-size-5000
281.390000,True,12,CASA,2,MODERADO,31,TIPICO,False,False,False,energiai-v2-seed-42-size-5000
245.120000,True,4,CASA,3,EFICIENTE,19,TIPICO,False,False,False,energiai-v2-seed-42-size-5000
548.190000,True,18,OUTRO,12,INEFICIENTE,69,TIPICO,False,False,False,energiai-v2-seed-42-size-5000
328.500000,True,9,CASA,8,MODERADO,48,TIPICO,False,False,False,energiai-v2-seed-42-size-5000
303.970000,False,20,OUTRO,3,EFICIENTE,26,TIPICO,False,False,False,energiai-v2-seed-42-size-5000
284.360000,False,12,COMERCIO,4,EFICIENTE,14,TIPICO,False,False,False,energiai-v2-seed-42-size-5000
445.460000,True,12,OUTRO,9,MODERADO,49,TIPICO,False,False,False,energiai-v2-seed-42-size-5000
239.740000,False,7,CASA,5,EFICIENTE,18,TIPICO,False,False,False,energiai-v2-seed-42-size-5000
445.960000,True,22,CASA,8,INEFICIENTE,85,TIPICO,False,False,False,energiai-v2-seed-42-size-5000
233.270000,True,5,APARTAMENTO,6,MODERADO,38,TIPICO,False,False,False,energiai-v2-seed-42-size-5000
403.090000,False,17,COMERCIO,12,MODERADO,56,TIPICO,False,False,False,energiai-v2-seed-42-size-5000
305.860000,False,13,OUTRO,6,EFICIENTE,26,TIPICO,False,False,False,energiai-v2-seed-42-size-5000
329.080000,False,26,OUTRO,2,EFICIENTE,30,TIPICO,False,False,False,energiai-v2-seed-42-size-5000
370.120000,True,16,CASA,6,MODERADO,58,TIPICO,False,False,False,energiai-v2-seed-42-size-5000
309.630000,False,12,CASA,6,MODERADO,36,TIPICO,False,False,False,energiai-v2-seed-42-size-5000
315.090000,False,10,COMERCIO,7,EFICIENTE,23,TIPICO,False,False,False,energiai-v2-seed-42-size-5000
297.470000,False,14,CASA,6,MODERADO,37,TIPICO,False,False,False,energiai-v2-seed-42-size-5000
349.030000,True,15,CASA,6,MODERADO,54,TIPICO,False,False,False,energiai-v2-seed-42-size-5000
322.610000,False,10,CASA,10,MODERADO,45,TIPICO,False,False,False,energiai-v2-seed-42-size-5000
285.560000,True,7,OUTRO,5,EFICIENTE,27,TIPICO,False,False,False,energiai-v2-seed-42-size-5000
324.720000,True,6,CASA,9,MODERADO,46,TIPICO,False,False,False,energiai-v2-seed-42-size-5000
412.500000,True,35,ESCRITORIO,3,MODERADO,45,TIPICO,False,False,False,energiai-v2-seed-42-size-5000
286.280000,False,12,CASA,5,EFICIENTE,30,TIPICO,False,False,False,energiai-v2-seed-42-size-5000
327.580000,False,19,CASA,5,MODERADO,44,TIPICO,False,False,False,energiai-v2-seed-42-size-5000
444.790000,True,18,CASA,10,INEFICIENTE,86,TIPICO,False,False,False,energiai-v2-seed-42-size-5000
304.510000,False,16,CASA,5,MODERADO,37,TIPICO,False,False,False,energiai-v2-seed-42-size-5000
277.460000,False,18,CASA,1,EFICIENTE,25,TIPICO,False,False,False,energiai-v2-seed-42-size-5000
277.140000,True,10,CASA,2,EFICIENTE,28,TIPICO,False,False,False,energiai-v2-seed-42-size-5000
516.660000,True,20,COMERCIO,14,INEFICIENTE,94,TIPICO,False,False,False,energiai-v2-seed-42-size-5000
379.840000,False,28,ESCRITORIO,7,MODERADO,41,TIPICO,False,False,False,energiai-v2-seed-42-size-5000
240.000000,False,3,COMERCIO,3,EFICIENTE,1,RARO_EXTREMO,False,True,False,energiai-v2-seed-42-size-5000
298.420000,True,14,CASA,1,MODERADO,32,TIPICO,False,False,False,energiai-v2-seed-42-size-5000
287.620000,False,13,CASA,6,MODERADO,34,TIPICO,False,False,False,energiai-v2-seed-42-size-5000
170.960000,False,3,APARTAMENTO,4,EFICIENTE,10,TIPICO,False,False,False,energiai-v2-seed-42-size-5000
233.920000,False,17,APARTAMENTO,3,MODERADO,39,TIPICO,False,False,False,energiai-v2-seed-42-size-5000
422.680000,True,28,COMERCIO,5,MODERADO,59,TIPICO,False,False,False,energiai-v2-seed-42-size-5000
274.590000,True,5,APARTAMENTO,11,MODERADO,60,FRONTEIRA,True,False,False,energiai-v2-seed-42-size-5000
447.860000,True,15,CASA,11,INEFICIENTE,85,TIPICO,False,False,False,energiai-v2-seed-42-size-5000
247.400000,True,10,APARTAMENTO,5,MODERADO,46,TIPICO,False,False,False,energiai-v2-seed-42-size-5000
240.550000,False,7,OUTRO,6,EFICIENTE,17,TIPICO,False,False,False,energiai-v2-seed-42-size-5000
361.770000,False,24,ESCRITORIO,7,MODERADO,36,TIPICO,False,False,False,energiai-v2-seed-42-size-5000
407.890000,True,19,CASA,7,INEFICIENTE,71,TIPICO,False,False,False,energiai-v2-seed-42-size-5000
324.280000,False,10,COMERCIO,7,EFICIENTE,24,TIPICO,False,False,False,energiai-v2-seed-42-size-5000
277.880000,True,18,APARTAMENTO,3,MODERADO,57,TIPICO,False,False,False,energiai-v2-seed-42-size-5000
341.270000,True,18,APARTAMENTO,7,INEFICIENTE,85,TIPICO,False,False,False,energiai-v2-seed-42-size-5000
362.340000,False,21,CASA,6,MODERADO,55,TIPICO,False,False,False,energiai-v2-seed-42-size-5000
272.330000,False,12,APARTAMENTO,10,INEFICIENTE,61,FRONTEIRA,True,False,False,energiai-v2-seed-42-size-5000
426.060000,True,17,CASA,9,INEFICIENTE,78,TIPICO,False,False,False,energiai-v2-seed-42-size-5000
221.010000,True,4,CASA,1,EFICIENTE,12,TIPICO,False,False,False,energiai-v2-seed-42-size-5000
322.390000,True,7,ESCRITORIO,10,MODERADO,35,TIPICO,False,False,False,energiai-v2-seed-42-size-5000
229.150000,False,9,CASA,3,EFICIENTE,14,TIPICO,False,False,False,energiai-v2-seed-42-size-5000
324.760000,True,17,CASA,2,MODERADO,42,TIPICO,False,False,False,energiai-v2-seed-42-size-5000
79.890000,False,4,CASA,2,EFICIENTE,1,RARO_EXTREMO,False,True,True,energiai-v2-seed-42-size-5000
239.180000,False,16,APARTAMENTO,4,MODERADO,41,TIPICO,False,False,False,energiai-v2-seed-42-size-5000
519.310000,True,22,COMERCIO,14,INEFICIENTE,97,TIPICO,False,False,False,energiai-v2-seed-42-size-5000
288.830000,False,19,CASA,3,MODERADO,34,TIPICO,False,False,False,energiai-v2-seed-42-size-5000
330.060000,False,17,ESCRITORIO,7,EFICIENTE,28,TIPICO,False,False,False,energiai-v2-seed-42-size-5000
349.210000,False,14,ESCRITORIO,9,MODERADO,32,TIPICO,False,False,False,energiai-v2-seed-42-size-5000
482.080000,True,34,ESCRITORIO,6,MODERADO,60,FRONTEIRA,True,False,False,energiai-v2-seed-42-size-5000
352.550000,True,8,COMERCIO,6,MODERADO,32,TIPICO,False,False,False,energiai-v2-seed-42-size-5000
338.620000,False,18,CASA,6,MODERADO,48,TIPICO,False,False,False,energiai-v2-seed-42-size-5000
242.040000,False,18,OUTRO,1,EFICIENTE,17,TIPICO,False,False,False,energiai-v2-seed-42-size-5000
443.500000,True,21,CASA,7,INEFICIENTE,79,TIPICO,False,False,False,energiai-v2-seed-42-size-5000
713.200000,True,31,INDUSTRIA,6,MODERADO,37,TIPICO,False,False,False,energiai-v2-seed-42-size-5000
617.060000,False,8,INDUSTRIA,17,EFICIENTE,29,TIPICO,False,False,False,energiai-v2-seed-42-size-5000
459.780000,False,28,COMERCIO,10,INEFICIENTE,72,TIPICO,False,False,False,energiai-v2-seed-42-size-5000
1101.580000,True,33,INDUSTRIA,18,INEFICIENTE,80,TIPICO,False,False,False,energiai-v2-seed-42-size-5000
374.330000,True,17,CASA,7,INEFICIENTE,63,TIPICO,False,False,False,energiai-v2-seed-42-size-5000
308.160000,False,21,COMERCIO,3,EFICIENTE,23,TIPICO,False,False,False,energiai-v2-seed-42-size-5000
218.260000,False,17,APARTAMENTO,2,MODERADO,33,TIPICO,False,False,False,energiai-v2-seed-42-size-5000
231.150000,False,17,OUTRO,2,EFICIENTE,18,TIPICO,False,False,False,energiai-v2-seed-42-size-5000
285.380000,True,13,APARTAMENTO,8,INEFICIENTE,68,TIPICO,False,False,False,energiai-v2-seed-42-size-5000
440.580000,True,33,ESCRITORIO,5,MODERADO,52,TIPICO,False,False,False,energiai-v2-seed-42-size-5000
329.830000,True,10,CASA,7,MODERADO,47,TIPICO,False,False,False,energiai-v2-seed-42-size-5000
216.220000,False,6,APARTAMENTO,7,EFICIENTE,30,FRONTEIRA,True,False,False,energiai-v2-seed-42-size-5000
292.350000,True,11,CASA,3,MODERADO,33,TIPICO,False,False,False,energiai-v2-seed-42-size-5000
304.800000,False,12,INDUSTRIA,6,EFICIENTE,4,TIPICO,False,False,False,energiai-v2-seed-42-size-5000
381.790000,True,3,ESCRITORIO,11,MODERADO,41,RARO_EXTREMO,False,True,False,energiai-v2-seed-42-size-5000
259.170000,False,12,CASA,5,EFICIENTE,26,TIPICO,False,False,False,energiai-v2-seed-42-size-5000
209.490000,False,7,APARTAMENTO,4,EFICIENTE,22,TIPICO,False,False,False,energiai-v2-seed-42-size-5000
340.220000,True,15,APARTAMENTO,7,INEFICIENTE,79,TIPICO,False,False,False,energiai-v2-seed-42-size-5000
388.800000,True,18,APARTAMENTO,10,INEFICIENTE,100,TIPICO,False,False,False,energiai-v2-seed-42-size-5000
309.140000,False,9,COMERCIO,9,EFICIENTE,25,TIPICO,False,False,False,energiai-v2-seed-42-size-5000
214.850000,True,5,APARTAMENTO,4,EFICIENTE,29,TIPICO,False,False,False,energiai-v2-seed-42-size-5000
418.150000,False,12,INDUSTRIA,6,EFICIENTE,8,TIPICO,False,False,False,energiai-v2-seed-42-size-5000
316.650000,True,18,CASA,2,MODERADO,42,TIPICO,False,False,False,energiai-v2-seed-42-size-5000
250.690000,False,15,CASA,2,EFICIENTE,22,TIPICO,False,False,False,energiai-v2-seed-42-size-5000
477.630000,True,25,COMERCIO,8,INEFICIENTE,74,TIPICO,False,False,False,energiai-v2-seed-42-size-5000
79.890000,False,18,CASA,2,EFICIENTE,17,RARO_EXTREMO,False,True,True,energiai-v2-seed-42-size-5000
214.880000,False,12,CASA,1,EFICIENTE,12,TIPICO,False,False,False,energiai-v2-seed-42-size-5000
627.230000,True,27,INDUSTRIA,5,EFICIENTE,30,FRONTEIRA,True,False,False,energiai-v2-seed-42-size-5000
464.210000,True,16,COMERCIO,13,INEFICIENTE,76,TIPICO,False,False,False,energiai-v2-seed-42-size-5000
365.720000,False,12,ESCRITORIO,11,MODERADO,37,TIPICO,False,False,False,energiai-v2-seed-42-size-5000
253.080000,False,17,APARTAMENTO,4,MODERADO,45,TIPICO,False,False,False,energiai-v2-seed-42-size-5000
287.920000,True,12,APARTAMENTO,7,INEFICIENTE,63,TIPICO,False,False,False,energiai-v2-seed-42-size-5000
310.450000,True,11,COMERCIO,3,EFICIENTE,23,TIPICO,False,False,False,energiai-v2-seed-42-size-5000
233.440000,True,7,APARTAMENTO,6,MODERADO,41,TIPICO,False,False,False,energiai-v2-seed-42-size-5000
188.910000,False,6,CASA,1,EFICIENTE,2,TIPICO,False,False,False,energiai-v2-seed-42-size-5000
345.420000,True,15,APARTAMENTO,11,INEFICIENTE,96,TIPICO,False,False,False,energiai-v2-seed-42-size-5000
479.050000,True,22,CASA,11,INEFICIENTE,100,TIPICO,False,False,False,energiai-v2-seed-42-size-5000
340.300000,True,5,COMERCIO,12,MODERADO,40,TIPICO,False,False,False,energiai-v2-seed-42-size-5000
154.080000,False,3,APARTAMENTO,2,EFICIENTE,3,TIPICO,False,False,False,energiai-v2-seed-42-size-5000
221.640000,True,5,APARTAMENTO,5,MODERADO,33,TIPICO,False,False,False,energiai-v2-seed-42-size-5000
267.510000,False,14,APARTAMENTO,8,MODERADO,57,TIPICO,False,False,False,energiai-v2-seed-42-size-5000
140.000000,False,4,APARTAMENTO,2,EFICIENTE,3,TIPICO,False,False,False,energiai-v2-seed-42-size-5000
349.250000,True,22,CASA,3,MODERADO,54,TIPICO,False,False,False,energiai-v2-seed-42-size-5000
337.200000,True,15,APARTAMENTO,9,INEFICIENTE,86,TIPICO,False,False,False,energiai-v2-seed-42-size-5000
240.110000,False,13,APARTAMENTO,6,MODERADO,43,TIPICO,False,False,False,energiai-v2-seed-42-size-5000
475.890000,True,24,COMERCIO,9,INEFICIENTE,76,TIPICO,False,False,False,energiai-v2-seed-42-size-5000
455.320000,True,24,COMERCIO,9,INEFICIENTE,73,TIPICO,False,False,False,energiai-v2-seed-42-size-5000
417.350000,True,20,COMERCIO,7,MODERADO,56,TIPICO,False,False,False,energiai-v2-seed-42-size-5000
245.060000,False,8,CASA,6,EFICIENTE,22,TIPICO,False,False,False,energiai-v2-seed-42-size-5000
219.490000,False,11,OUTRO,2,EFICIENTE,12,TIPICO,False,False,False,energiai-v2-seed-42-size-5000
259.330000,True,12,APARTAMENTO,5,MODERADO,51,TIPICO,False,False,False,energiai-v2-seed-42-size-5000
227.630000,True,10,APARTAMENTO,2,MODERADO,33,TIPICO,False,False,False,energiai-v2-seed-42-size-5000
310.030000,False,16,CASA,6,MODERADO,41,TIPICO,False,False,False,energiai-v2-seed-42-size-5000
182.830000,False,8,APARTAMENTO,3,EFICIENTE,17,TIPICO,False,False,False,energiai-v2-seed-42-size-5000
239.310000,False,11,APARTAMENTO,8,MODERADO,46,TIPICO,False,False,False,energiai-v2-seed-42-size-5000
603.220000,False,27,INDUSTRIA,9,EFICIENTE,27,TIPICO,False,False,False,energiai-v2-seed-42-size-5000
222.930000,False,4,CASA,7,EFICIENTE,16,TIPICO,False,False,False,energiai-v2-seed-42-size-5000
243.150000,True,18,APARTAMENTO,1,MODERADO,44,TIPICO,False,False,False,energiai-v2-seed-42-size-5000
328.060000,True,14,APARTAMENTO,9,INEFICIENTE,82,TIPICO,False,False,False,energiai-v2-seed-42-size-5000
257.000000,False,15,APARTAMENTO,6,MODERADO,50,TIPICO,False,False,False,energiai-v2-seed-42-size-5000
457.750000,True,17,CASA,11,INEFICIENTE,90,TIPICO,False,False,False,energiai-v2-seed-42-size-5000
721.160000,True,29,OUTRO,12,INEFICIENTE,93,TIPICO,False,False,False,energiai-v2-seed-42-size-5000
374.070000,False,17,COMERCIO,9,MODERADO,43,TIPICO,False,False,False,energiai-v2-seed-42-size-5000
394.150000,True,3,CASA,9,MODERADO,53,RARO_EXTREMO,False,True,False,energiai-v2-seed-42-size-5000
239.670000,True,16,APARTAMENTO,1,MODERADO,40,TIPICO,False,False,False,energiai-v2-seed-42-size-5000
257.650000,False,4,CASA,8,EFICIENTE,22,TIPICO,False,False,False,energiai-v2-seed-42-size-5000
679.260000,True,26,INDUSTRIA,7,MODERADO,35,TIPICO,False,False,False,energiai-v2-seed-42-size-5000
411.180000,True,21,CASA,6,INEFICIENTE,71,TIPICO,False,False,False,energiai-v2-seed-42-size-5000
1040.180000,True,31,INDUSTRIA,17,INEFICIENTE,73,TIPICO,False,False,False,energiai-v2-seed-42-size-5000
1130.690000,True,46,INDUSTRIA,13,INEFICIENTE,78,TIPICO,False,False,False,energiai-v2-seed-42-size-5000
331.590000,True,15,APARTAMENTO,9,INEFICIENTE,85,TIPICO,False,False,False,energiai-v2-seed-42-size-5000
324.110000,True,13,APARTAMENTO,10,INEFICIENTE,83,TIPICO,False,False,False,energiai-v2-seed-42-size-5000
347.980000,False,28,COMERCIO,2,MODERADO,32,TIPICO,False,False,False,energiai-v2-seed-42-size-5000
565.300000,True,24,ESCRITORIO,12,INEFICIENTE,80,TIPICO,False,False,False,energiai-v2-seed-42-size-5000
550.100000,True,26,OUTRO,10,INEFICIENTE,72,TIPICO,False,False,False,energiai-v2-seed-42-size-5000
331.220000,True,5,COMERCIO,8,MODERADO,31,FRONTEIRA,True,False,False,energiai-v2-seed-42-size-5000
347.700000,False,15,CASA,10,MODERADO,57,TIPICO,False,False,False,energiai-v2-seed-42-size-5000
252.060000,False,16,APARTAMENTO,3,MODERADO,40,TIPICO,False,False,False,energiai-v2-seed-42-size-5000
405.070000,True,22,CASA,4,INEFICIENTE,65,TIPICO,False,False,False,energiai-v2-seed-42-size-5000
229.650000,True,5,CASA,1,EFICIENTE,14,TIPICO,False,False,False,energiai-v2-seed-42-size-5000
357.700000,False,16,ESCRITORIO,11,MODERADO,40,TIPICO,False,False,False,energiai-v2-seed-42-size-5000
319.250000,True,16,APARTAMENTO,8,INEFICIENTE,80,TIPICO,False,False,False,energiai-v2-seed-42-size-5000
167.470000,False,8,APARTAMENTO,1,EFICIENTE,10,TIPICO,False,False,False,energiai-v2-seed-42-size-5000
285.450000,False,12,OUTRO,8,EFICIENTE,28,TIPICO,False,False,False,energiai-v2-seed-42-size-5000
385.180000,True,29,OUTRO,2,MODERADO,44,TIPICO,False,False,False,energiai-v2-seed-42-size-5000
233.310000,False,4,CASA,7,EFICIENTE,17,TIPICO,False,False,False,energiai-v2-seed-42-size-5000
305.610000,True,18,APARTAMENTO,5,INEFICIENTE,69,TIPICO,False,False,False,energiai-v2-seed-42-size-5000
374.860000,True,11,CASA,10,INEFICIENTE,64,TIPICO,False,False,False,energiai-v2-seed-42-size-5000
186.330000,False,5,APARTAMENTO,6,EFICIENTE,20,TIPICO,False,False,False,energiai-v2-seed-42-size-5000
255.400000,True,18,APARTAMENTO,1,MODERADO,46,TIPICO,False,False,False,energiai-v2-seed-42-size-5000
180.000000,False,7,ESCRITORIO,3,EFICIENTE,0,TIPICO,False,False,False,energiai-v2-seed-42-size-5000
192.740000,False,3,APARTAMENTO,7,EFICIENTE,21,TIPICO,False,False,False,energiai-v2-seed-42-size-5000
458.460000,False,23,COMERCIO,11,INEFICIENTE,69,TIPICO,False,False,False,energiai-v2-seed-42-size-5000
181.460000,False,9,APARTAMENTO,2,EFICIENTE,16,TIPICO,False,False,False,energiai-v2-seed-42-size-5000
278.940000,False,4,CASA,10,EFICIENTE,29,TIPICO,False,False,False,energiai-v2-seed-42-size-5000
254.780000,False,15,CASA,1,EFICIENTE,19,TIPICO,False,False,False,energiai-v2-seed-42-size-5000
401.700000,True,11,CASA,12,INEFICIENTE,74,TIPICO,False,False,False,energiai-v2-seed-42-size-5000
610.150000,True,21,OUTRO,14,INEFICIENTE,82,TIPICO,False,False,False,energiai-v2-seed-42-size-5000
240.070000,False,4,CASA,7,EFICIENTE,18,TIPICO,False,False,False,energiai-v2-seed-42-size-5000
349.220000,True,14,CASA,5,MODERADO,50,TIPICO,False,False,False,energiai-v2-seed-42-size-5000
350.260000,True,22,CASA,2,MODERADO,51,TIPICO,False,False,False,energiai-v2-seed-42-size-5000
342.870000,True,11,CASA,7,MODERADO,51,TIPICO,False,False,False,energiai-v2-seed-42-size-5000
507.260000,True,27,COMERCIO,12,INEFICIENTE,94,TIPICO,False,False,False,energiai-v2-seed-42-size-5000
258.200000,True,2,OUTRO,4,EFICIENTE,20,TIPICO,False,False,False,energiai-v2-seed-42-size-5000
327.120000,False,12,CASA,9,MODERADO,46,TIPICO,False,False,False,energiai-v2-seed-42-size-5000
286.420000,True,25,CASA,7,MODERADO,58,RARO_EXTREMO,False,True,False,energiai-v2-seed-42-size-5000
186.540000,False,14,APARTAMENTO,1,EFICIENTE,21,TIPICO,False,False,False,energiai-v2-seed-42-size-5000
331.740000,True,13,CASA,6,MODERADO,49,TIPICO,False,False,False,energiai-v2-seed-42-size-5000
361.410000,False,16,CASA,9,MODERADO,57,TIPICO,False,False,False,energiai-v2-seed-42-size-5000
211.880000,False,8,CASA,4,EFICIENTE,13,TIPICO,False,False,False,energiai-v2-seed-42-size-5000
466.210000,True,20,COMERCIO,11,INEFICIENTE,76,TIPICO,False,False,False,energiai-v2-seed-42-size-5000
470.790000,True,15,COMERCIO,14,INEFICIENTE,79,TIPICO,False,False,False,energiai-v2-seed-42-size-5000
321.840000,False,17,COMERCIO,3,EFICIENTE,21,TIPICO,False,False,False,energiai-v2-seed-42-size-5000
419.330000,True,30,ESCRITORIO,3,MODERADO,42,TIPICO,False,False,False,energiai-v2-seed-42-size-5000
197.260000,False,6,APARTAMENTO,6,EFICIENTE,24,TIPICO,False,False,False,energiai-v2-seed-42-size-5000
201.180000,True,6,APARTAMENTO,3,EFICIENTE,26,TIPICO,False,False,False,energiai-v2-seed-42-size-5000
339.770000,True,16,APARTAMENTO,9,INEFICIENTE,89,TIPICO,False,False,False,energiai-v2-seed-42-size-5000
318.910000,False,17,OUTRO,7,MODERADO,32,TIPICO,False,False,False,energiai-v2-seed-42-size-5000
383.200000,True,17,APARTAMENTO,11,INEFICIENTE,100,TIPICO,False,False,False,energiai-v2-seed-42-size-5000
438.930000,False,27,ESCRITORIO,10,MODERADO,54,TIPICO,False,False,False,energiai-v2-seed-42-size-5000
471.330000,True,20,COMERCIO,11,INEFICIENTE,77,TIPICO,False,False,False,energiai-v2-seed-42-size-5000
525.580000,True,28,COMERCIO,11,INEFICIENTE,96,TIPICO,False,False,False,energiai-v2-seed-42-size-5000
437.410000,True,28,COMERCIO,5,INEFICIENTE,62,TIPICO,False,False,False,energiai-v2-seed-42-size-5000
172.080000,False,8,APARTAMENTO,1,EFICIENTE,10,TIPICO,False,False,False,energiai-v2-seed-42-size-5000
388.680000,True,11,CASA,10,INEFICIENTE,66,TIPICO,False,False,False,energiai-v2-seed-42-size-5000
212.320000,False,7,APARTAMENTO,8,MODERADO,34,TIPICO,False,False,False,energiai-v2-seed-42-size-5000
322.660000,True,15,APARTAMENTO,8,INEFICIENTE,79,TIPICO,False,False,False,energiai-v2-seed-42-size-5000
373.700000,False,20,COMERCIO,7,MODERADO,41,TIPICO,False,False,False,energiai-v2-seed-42-size-5000
305.110000,False,18,COMERCIO,3,EFICIENTE,20,TIPICO,False,False,False,energiai-v2-seed-42-size-5000
339.650000,True,14,APARTAMENTO,11,INEFICIENTE,93,TIPICO,False,False,False,energiai-v2-seed-42-size-5000
155.740000,False,6,APARTAMENTO,1,EFICIENTE,5,TIPICO,False,False,False,energiai-v2-seed-42-size-5000
226.660000,False,5,APARTAMENTO,11,MODERADO,41,TIPICO,False,False,False,energiai-v2-seed-42-size-5000
390.940000,False,25,COMERCIO,8,MODERADO,52,TIPICO,False,False,False,energiai-v2-seed-42-size-5000
246.090000,False,10,CASA,4,EFICIENTE,20,TIPICO,False,False,False,energiai-v2-seed-42-size-5000
199.180000,False,5,APARTAMENTO,6,EFICIENTE,23,TIPICO,False,False,False,energiai-v2-seed-42-size-5000
453.610000,False,26,COMERCIO,11,INEFICIENTE,72,TIPICO,False,False,False,energiai-v2-seed-42-size-5000
212.670000,False,4,APARTAMENTO,9,MODERADO,31,TIPICO,False,False,False,energiai-v2-seed-42-size-5000
389.990000,False,19,COMERCIO,7,MODERADO,42,TIPICO,False,False,False,energiai-v2-seed-42-size-5000
444.540000,True,18,ESCRITORIO,8,MODERADO,50,TIPICO,False,False,False,energiai-v2-seed-42-size-5000
240.200000,True,9,APARTAMENTO,4,MODERADO,40,TIPICO,False,False,False,energiai-v2-seed-42-size-5000
71.330000,True,17,APARTAMENTO,9,MODERADO,50,RARO_EXTREMO,False,True,True,energiai-v2-seed-42-size-5000
1172.120000,False,48,INDUSTRIA,20,INEFICIENTE,90,TIPICO,False,False,False,energiai-v2-seed-42-size-5000
411.720000,False,27,COMERCIO,8,MODERADO,57,TIPICO,False,False,False,energiai-v2-seed-42-size-5000
289.440000,True,9,APARTAMENTO,9,INEFICIENTE,65,TIPICO,False,False,False,energiai-v2-seed-42-size-5000
295.110000,False,16,CASA,4,MODERADO,33,TIPICO,False,False,False,energiai-v2-seed-42-size-5000
183.490000,False,6,APARTAMENTO,5,EFICIENTE,19,TIPICO,False,False,False,energiai-v2-seed-42-size-5000
273.600000,True,6,CASA,5,EFICIENTE,29,TIPICO,False,False,False,energiai-v2-seed-42-size-5000
827.440000,True,35,INDUSTRIA,8,MODERADO,47,TIPICO,False,False,False,energiai-v2-seed-42-size-5000
327.840000,False,10,ESCRITORIO,11,MODERADO,31,FRONTEIRA,True,False,False,energiai-v2-seed-42-size-5000
148.790000,False,4,APARTAMENTO,2,EFICIENTE,4,TIPICO,False,False,False,energiai-v2-seed-42-size-5000
233.150000,False,4,CASA,0,EFICIENTE,5,RARO_EXTREMO,False,True,False,energiai-v2-seed-42-size-5000
257.890000,True,15,APARTAMENTO,4,MODERADO,52,TIPICO,False,False,False,energiai-v2-seed-42-size-5000
561.920000,True,30,ESCRITORIO,11,INEFICIENTE,81,TIPICO,False,False,False,energiai-v2-seed-42-size-5000
375.050000,True,18,APARTAMENTO,10,INEFICIENTE,100,TIPICO,False,False,False,energiai-v2-seed-42-size-5000
373.890000,False,19,CASA,7,MODERADO,57,TIPICO,False,False,False,energiai-v2-seed-42-size-5000
239.890000,True,5,APARTAMENTO,7,MODERADO,42,TIPICO,False,False,False,energiai-v2-seed-42-size-5000
385.980000,False,25,ESCRITORIO,7,MODERADO,39,TIPICO,False,False,False,energiai-v2-seed-42-size-5000
271.370000,True,8,APARTAMENTO,9,MODERADO,59,TIPICO,False,False,False,energiai-v2-seed-42-size-5000
275.420000,True,8,APARTAMENTO,9,MODERADO,60,FRONTEIRA,True,False,False,energiai-v2-seed-42-size-5000
240.020000,True,4,APARTAMENTO,11,MODERADO,51,TIPICO,False,False,False,energiai-v2-seed-42-size-5000
531.910000,True,25,COMERCIO,14,INEFICIENTE,100,TIPICO,False,False,False,energiai-v2-seed-42-size-5000
349.670000,False,15,COMERCIO,9,MODERADO,37,TIPICO,False,False,False,energiai-v2-seed-42-size-5000
308.260000,False,16,CASA,6,MODERADO,41,TIPICO,False,False,False,energiai-v2-seed-42-size-5000
285.520000,True,6,APARTAMENTO,11,INEFICIENTE,64,TIPICO,False,False,False,energiai-v2-seed-42-size-5000
367.680000,True,19,COMERCIO,5,MODERADO,43,TIPICO,False,False,False,energiai-v2-seed-42-size-5000
405.850000,True,7,OUTRO,11,MODERADO,46,TIPICO,False,False,False,energiai-v2-seed-42-size-5000
394.940000,False,18,COMERCIO,11,MODERADO,53,TIPICO,False,False,False,energiai-v2-seed-42-size-5000
483.630000,True,16,CASA,12,INEFICIENTE,96,TIPICO,False,False,False,energiai-v2-seed-42-size-5000
291.100000,False,17,CASA,2,EFICIENTE,29,TIPICO,False,False,False,energiai-v2-seed-42-size-5000
322.400000,False,6,CASA,11,MODERADO,41,TIPICO,False,False,False,energiai-v2-seed-42-size-5000
411.760000,True,20,COMERCIO,9,INEFICIENTE,61,FRONTEIRA,True,False,False,energiai-v2-seed-42-size-5000
443.310000,True,12,COMERCIO,14,INEFICIENTE,71,TIPICO,False,False,False,energiai-v2-seed-42-size-5000
389.420000,True,20,CASA,6,INEFICIENTE,67,TIPICO,False,False,False,energiai-v2-seed-42-size-5000
218.590000,False,6,APARTAMENTO,7,EFICIENTE,30,FRONTEIRA,True,False,False,energiai-v2-seed-42-size-5000
551.210000,True,14,OUTRO,16,INEFICIENTE,74,TIPICO,False,False,False,energiai-v2-seed-42-size-5000
283.670000,True,9,APARTAMENTO,8,MODERADO,60,FRONTEIRA,True,False,False,energiai-v2-seed-42-size-5000
572.690000,True,31,ESCRITORIO,11,INEFICIENTE,83,TIPICO,False,False,False,energiai-v2-seed-42-size-5000
557.570000,False,13,INDUSTRIA,12,EFICIENTE,22,TIPICO,False,False,False,energiai-v2-seed-42-size-5000
206.090000,False,6,CASA,2,EFICIENTE,6,TIPICO,False,False,False,energiai-v2-seed-42-size-5000
312.660000,False,8,COMERCIO,9,EFICIENTE,24,TIPICO,False,False,False,energiai-v2-seed-42-size-5000
188.020000,True,4,APARTAMENTO,3,EFICIENTE,21,TIPICO,False,False,False,energiai-v2-seed-42-size-5000
452.430000,True,20,CASA,9,INEFICIENTE,87,TIPICO,False,False,False,energiai-v2-seed-42-size-5000
120.000000,False,2,OUTRO,2,EFICIENTE,0,TIPICO,False,False,False,energiai-v2-seed-42-size-5000
315.850000,True,16,APARTAMENTO,7,INEFICIENTE,76,TIPICO,False,False,False,energiai-v2-seed-42-size-5000
300.330000,True,13,OUTRO,3,EFICIENTE,29,TIPICO,False,False,False,energiai-v2-seed-42-size-5000
516.500000,True,33,ESCRITORIO,7,INEFICIENTE,66,TIPICO,False,False,False,energiai-v2-seed-42-size-5000
239.720000,False,11,APARTAMENTO,9,MODERADO,49,TIPICO,False,False,False,energiai-v2-seed-42-size-5000
322.150000,True,8,COMERCIO,6,EFICIENTE,28,TIPICO,False,False,False,energiai-v2-seed-42-size-5000
326.190000,True,14,APARTAMENTO,9,INEFICIENTE,82,TIPICO,False,False,False,energiai-v2-seed-42-size-5000
356.380000,True,22,CASA,2,MODERADO,51,TIPICO,False,False,False,energiai-v2-seed-42-size-5000
297.670000,False,21,COMERCIO,2,EFICIENTE,20,TIPICO,False,False,False,energiai-v2-seed-42-size-5000
318.320000,True,15,APARTAMENTO,6,INEFICIENTE,71,TIPICO,False,False,False,energiai-v2-seed-42-size-5000
190.760000,False,3,APARTAMENTO,9,EFICIENTE,25,TIPICO,False,False,False,energiai-v2-seed-42-size-5000
604.610000,True,34,ESCRITORIO,11,INEFICIENTE,89,TIPICO,False,False,False,energiai-v2-seed-42-size-5000
324.160000,True,7,CASA,7,MODERADO,42,TIPICO,False,False,False,energiai-v2-seed-42-size-5000
372.350000,False,22,CASA,5,MODERADO,54,TIPICO,False,False,False,energiai-v2-seed-42-size-5000
483.920000,True,23,COMERCIO,11,INEFICIENTE,82,TIPICO,False,False,False,energiai-v2-seed-42-size-5000
320.390000,True,10,CASA,6,MODERADO,43,TIPICO,False,False,False,energiai-v2-seed-42-size-5000
236.820000,True,13,APARTAMENTO,1,MODERADO,36,TIPICO,False,False,False,energiai-v2-seed-42-size-5000
156.540000,False,5,APARTAMENTO,2,EFICIENTE,6,TIPICO,False,False,False,energiai-v2-seed-42-size-5000
284.040000,False,16,CASA,5,MODERADO,35,TIPICO,False,False,False,energiai-v2-seed-42-size-5000
171.320000,False,9,APARTAMENTO,2,EFICIENTE,14,TIPICO,False,False,False,energiai-v2-seed-42-size-5000
303.540000,True,20,CASA,1,MODERADO,40,TIPICO,False,False,False,energiai-v2-seed-42-size-5000
71.330000,False,18,APARTAMENTO,9,MODERADO,43,RARO_EXTREMO,False,True,True,energiai-v2-seed-42-size-5000
453.330000,False,22,COMERCIO,13,INEFICIENTE,73,TIPICO,False,False,False,energiai-v2-seed-42-size-5000
428.570000,True,21,CASA,8,INEFICIENTE,81,TIPICO,False,False,False,energiai-v2-seed-42-size-5000
439.850000,True,15,CASA,11,INEFICIENTE,84,TIPICO,False,False,False,energiai-v2-seed-42-size-5000
747.480000,True,28,OUTRO,15,INEFICIENTE,100,TIPICO,False,False,False,energiai-v2-seed-42-size-5000
515.280000,True,21,CASA,12,INEFICIENTE,100,TIPICO,False,False,False,energiai-v2-seed-42-size-5000
264.840000,True,15,APARTAMENTO,3,MODERADO,50,TIPICO,False,False,False,energiai-v2-seed-42-size-5000
322.960000,True,6,CASA,7,MODERADO,41,TIPICO,False,False,False,energiai-v2-seed-42-size-5000
433.840000,True,26,COMERCIO,7,INEFICIENTE,65,TIPICO,False,False,False,energiai-v2-seed-42-size-5000
256.420000,False,19,CASA,1,EFICIENTE,24,TIPICO,False,False,False,energiai-v2-seed-42-size-5000
298.980000,False,9,COMERCIO,10,EFICIENTE,25,TIPICO,False,False,False,energiai-v2-seed-42-size-5000
260.300000,False,12,CASA,4,EFICIENTE,24,TIPICO,False,False,False,energiai-v2-seed-42-size-5000
307.930000,True,15,CASA,1,MODERADO,34,TIPICO,False,False,False,energiai-v2-seed-42-size-5000
440.860000,True,17,CASA,10,INEFICIENTE,84,TIPICO,False,False,False,energiai-v2-seed-42-size-5000
547.760000,True,25,COMERCIO,14,INEFICIENTE,100,TIPICO,False,False,False,energiai-v2-seed-42-size-5000
799.100000,True,7,ESCRITORIO,10,INEFICIENTE,72,RARO_EXTREMO,False,True,True,energiai-v2-seed-42-size-5000
301.140000,True,10,CASA,3,MODERADO,33,TIPICO,False,False,False,energiai-v2-seed-42-size-5000
281.710000,True,18,APARTAMENTO,3,MODERADO,57,TIPICO,False,False,False,energiai-v2-seed-42-size-5000
294.180000,False,12,CASA,5,MODERADO,31,FRONTEIRA,True,False,False,energiai-v2-seed-42-size-5000
235.780000,False,9,APARTAMENTO,8,MODERADO,42,TIPICO,False,False,False,energiai-v2-seed-42-size-5000
212.020000,False,9,CASA,3,EFICIENTE,12,TIPICO,False,False,False,energiai-v2-seed-42-size-5000
250.060000,True,12,APARTAMENTO,4,MODERADO,46,TIPICO,False,False,False,energiai-v2-seed-42-size-5000
243.430000,True,3,APARTAMENTO,10,MODERADO,47,TIPICO,False,False,False,energiai-v2-seed-42-size-5000
413.980000,True,19,ESCRITORIO,6,MODERADO,43,TIPICO,False,False,False,energiai-v2-seed-42-size-5000
211.620000,False,9,APARTAMENTO,6,MODERADO,32,TIPICO,False,False,False,energiai-v2-seed-42-size-5000
470.100000,True,19,CASA,10,INEFICIENTE,91,TIPICO,False,False,False,energiai-v2-seed-42-size-5000
299.590000,False,17,CASA,4,MODERADO,35,TIPICO,False,False,False,energiai-v2-seed-42-size-5000
263.670000,True,12,CASA,1,EFICIENTE,26,TIPICO,False,False,False,energiai-v2-seed-42-size-5000
255.390000,False,9,COMERCIO,3,EFICIENTE,6,TIPICO,False,False,False,energiai-v2-seed-42-size-5000
465.470000,True,28,COMERCIO,7,INEFICIENTE,72,TIPICO,False,False,False,energiai-v2-seed-42-size-5000
201.670000,True,9,APARTAMENTO,2,EFICIENTE,28,TIPICO,False,False,False,energiai-v2-seed-42-size-5000
332.780000,True,17,APARTAMENTO,8,INEFICIENTE,85,TIPICO,False,False,False,energiai-v2-seed-42-size-5000
529.030000,True,19,OUTRO,9,INEFICIENTE,62,TIPICO,False,False,False,energiai-v2-seed-42-size-5000
293.930000,False,7,CASA,12,MODERADO,41,TIPICO,False,False,False,energiai-v2-seed-42-size-5000
463.990000,False,26,INDUSTRIA,2,EFICIENTE,13,RARO_EXTREMO,False,True,False,energiai-v2-seed-42-size-5000
168.150000,False,4,APARTAMENTO,5,EFICIENTE,13,TIPICO,False,False,False,energiai-v2-seed-42-size-5000
251.380000,True,6,APARTAMENTO,9,MODERADO,51,TIPICO,False,False,False,energiai-v2-seed-42-size-5000
393.270000,False,17,CASA,11,INEFICIENTE,70,TIPICO,False,False,False,energiai-v2-seed-42-size-5000
395.590000,True,13,CASA,10,INEFICIENTE,70,TIPICO,False,False,False,energiai-v2-seed-42-size-5000
294.080000,False,16,COMERCIO,4,EFICIENTE,19,TIPICO,False,False,False,energiai-v2-seed-42-size-5000
440.240000,False,20,COMERCIO,13,INEFICIENTE,68,TIPICO,False,False,False,energiai-v2-seed-42-size-5000
416.750000,True,26,COMERCIO,4,MODERADO,54,TIPICO,False,False,False,energiai-v2-seed-42-size-5000
317.780000,False,18,CASA,5,MODERADO,42,TIPICO,False,False,False,energiai-v2-seed-42-size-5000
676.170000,True,25,OUTRO,16,INEFICIENTE,96,TIPICO,False,False,False,energiai-v2-seed-42-size-5000
544.590000,True,11,OUTRO,13,INEFICIENTE,64,TIPICO,False,False,False,energiai-v2-seed-42-size-5000
240.530000,True,5,APARTAMENTO,7,MODERADO,42,TIPICO,False,False,False,energiai-v2-seed-42-size-5000
324.270000,True,14,CASA,3,MODERADO,41,TIPICO,False,False,False,energiai-v2-seed-42-size-5000
372.760000,True,11,CASA,9,INEFICIENTE,61,TIPICO,False,False,False,energiai-v2-seed-42-size-5000
306.690000,True,9,APARTAMENTO,10,INEFICIENTE,72,TIPICO,False,False,False,energiai-v2-seed-42-size-5000
337.400000,True,8,CASA,0,EFICIENTE,30,RARO_EXTREMO,False,True,False,energiai-v2-seed-42-size-5000
422.350000,True,20,COMERCIO,8,MODERADO,60,TIPICO,False,False,False,energiai-v2-seed-42-size-5000
266.690000,True,5,APARTAMENTO,10,MODERADO,55,TIPICO,False,False,False,energiai-v2-seed-42-size-5000
180.000000,False,5,ESCRITORIO,3,EFICIENTE,0,TIPICO,False,False,False,energiai-v2-seed-42-size-5000
307.630000,False,5,COMERCIO,10,EFICIENTE,22,TIPICO,False,False,False,energiai-v2-seed-42-size-5000
238.820000,False,8,CASA,4,EFICIENTE,16,TIPICO,False,False,False,energiai-v2-seed-42-size-5000
388.010000,False,16,CASA,11,INEFICIENTE,68,TIPICO,False,False,False,energiai-v2-seed-42-size-5000
488.050000,True,20,OUTRO,9,MODERADO,60,FRONTEIRA,True,False,False,energiai-v2-seed-42-size-5000
221.890000,False,11,APARTAMENTO,4,MODERADO,31,FRONTEIRA,True,False,False,energiai-v2-seed-42-size-5000
256.800000,True,7,APARTAMENTO,10,MODERADO,57,TIPICO,False,False,False,energiai-v2-seed-42-size-5000
265.120000,False,11,APARTAMENTO,9,MODERADO,54,TIPICO,False,False,False,energiai-v2-seed-42-size-5000
248.790000,True,8,APARTAMENTO,6,MODERADO,46,TIPICO,False,False,False,energiai-v2-seed-42-size-5000
339.210000,True,17,APARTAMENTO,7,INEFICIENTE,82,TIPICO,False,False,False,energiai-v2-seed-42-size-5000
224.170000,True,12,APARTAMENTO,2,MODERADO,36,TIPICO,False,False,False,energiai-v2-seed-42-size-5000
287.750000,True,9,APARTAMENTO,10,INEFICIENTE,68,TIPICO,False,False,False,energiai-v2-seed-42-size-5000
250.190000,False,17,APARTAMENTO,3,MODERADO,41,TIPICO,False,False,False,energiai-v2-seed-42-size-5000
244.530000,False,10,CASA,4,EFICIENTE,20,TIPICO,False,False,False,energiai-v2-seed-42-size-5000
237.420000,False,7,CASA,6,EFICIENTE,19,TIPICO,False,False,False,energiai-v2-seed-42-size-5000
228.620000,True,8,APARTAMENTO,4,MODERADO,36,TIPICO,False,False,False,energiai-v2-seed-42-size-5000
271.270000,False,12,APARTAMENTO,8,MODERADO,54,TIPICO,False,False,False,energiai-v2-seed-42-size-5000
489.150000,True,24,COMERCIO,10,INEFICIENTE,81,TIPICO,False,False,False,energiai-v2-seed-42-size-5000
269.670000,False,7,COMERCIO,4,EFICIENTE,8,TIPICO,False,False,False,energiai-v2-seed-42-size-5000
548.420000,False,11,INDUSTRIA,12,EFICIENTE,21,TIPICO,False,False,False,energiai-v2-seed-42-size-5000
285.050000,False,12,CASA,5,EFICIENTE,30,FRONTEIRA,True,False,False,energiai-v2-seed-42-size-5000
437.780000,True,17,COMERCIO,11,INEFICIENTE,68,TIPICO,False,False,False,energiai-v2-seed-42-size-5000
336.560000,False,18,COMERCIO,6,MODERADO,31,FRONTEIRA,True,False,False,energiai-v2-seed-42-size-5000
300.060000,False,5,COMERCIO,11,EFICIENTE,23,TIPICO,False,False,False,energiai-v2-seed-42-size-5000
260.070000,True,15,APARTAMENTO,2,MODERADO,46,TIPICO,False,False,False,energiai-v2-seed-42-size-5000
219.490000,False,5,CASA,3,EFICIENTE,8,TIPICO,False,False,False,energiai-v2-seed-42-size-5000
385.520000,False,22,ESCRITORIO,9,MODERADO,42,TIPICO,False,False,False,energiai-v2-seed-42-size-5000
257.640000,False,16,APARTAMENTO,6,MODERADO,52,TIPICO,False,False,False,energiai-v2-seed-42-size-5000
308.360000,False,22,CASA,3,MODERADO,40,TIPICO,False,False,False,energiai-v2-seed-42-size-5000
357.400000,True,16,APARTAMENTO,9,INEFICIENTE,93,TIPICO,False,False,False,energiai-v2-seed-42-size-5000
349.140000,True,17,COMERCIO,3,MODERADO,34,TIPICO,False,False,False,energiai-v2-seed-42-size-5000
247.690000,True,18,APARTAMENTO,1,MODERADO,44,TIPICO,False,False,False,energiai-v2-seed-42-size-5000
217.940000,True,5,APARTAMENTO,2,EFICIENTE,25,TIPICO,False,False,False,energiai-v2-seed-42-size-5000
326.030000,True,11,APARTAMENTO,11,INEFICIENTE,83,TIPICO,False,False,False,energiai-v2-seed-42-size-5000
469.000000,False,12,INDUSTRIA,10,EFICIENTE,15,TIPICO,False,False,False,energiai-v2-seed-42-size-5000
323.700000,False,8,ESCRITORIO,11,EFICIENTE,29,TIPICO,False,False,False,energiai-v2-seed-42-size-5000
348.260000,True,15,APARTAMENTO,10,INEFICIENTE,93,TIPICO,False,False,False,energiai-v2-seed-42-size-5000
315.580000,True,14,CASA,3,MODERADO,40,TIPICO,False,False,False,energiai-v2-seed-42-size-5000
181.420000,False,4,APARTAMENTO,8,EFICIENTE,23,TIPICO,False,False,False,energiai-v2-seed-42-size-5000
235.060000,True,14,APARTAMENTO,1,MODERADO,37,TIPICO,False,False,False,energiai-v2-seed-42-size-5000
458.270000,False,26,INDUSTRIA,4,EFICIENTE,13,TIPICO,False,False,False,energiai-v2-seed-42-size-5000
185.190000,False,3,APARTAMENTO,9,EFICIENTE,24,TIPICO,False,False,False,energiai-v2-seed-42-size-5000
308.450000,True,17,CASA,1,MODERADO,37,TIPICO,False,False,False,energiai-v2-seed-42-size-5000
347.850000,True,15,APARTAMENTO,10,INEFICIENTE,92,TIPICO,False,False,False,energiai-v2-seed-42-size-5000
652.840000,False,8,INDUSTRIA,18,MODERADO,32,TIPICO,False,False,False,energiai-v2-seed-42-size-5000
235.400000,False,16,APARTAMENTO,5,MODERADO,44,TIPICO,False,False,False,energiai-v2-seed-42-size-5000
431.880000,False,26,COMERCIO,10,INEFICIENTE,65,TIPICO,False,False,False,energiai-v2-seed-42-size-5000
291.130000,True,14,APARTAMENTO,6,INEFICIENTE,64,TIPICO,False,False,False,energiai-v2-seed-42-size-5000
242.940000,False,13,APARTAMENTO,6,MODERADO,44,TIPICO,False,False,False,energiai-v2-seed-42-size-5000
363.270000,True,23,COMERCIO,2,MODERADO,38,TIPICO,False,False,False,energiai-v2-seed-42-size-5000
194.120000,False,8,APARTAMENTO,3,EFICIENTE,19,TIPICO,False,False,False,energiai-v2-seed-42-size-5000
458.260000,True,19,COMERCIO,11,INEFICIENTE,73,TIPICO,False,False,False,energiai-v2-seed-42-size-5000
241.780000,False,13,ESCRITORIO,5,EFICIENTE,13,TIPICO,False,False,False,energiai-v2-seed-42-size-5000
213.930000,False,10,APARTAMENTO,4,EFICIENTE,28,TIPICO,False,False,False,energiai-v2-seed-42-size-5000
326.940000,True,12,COMERCIO,5,MODERADO,31,TIPICO,False,False,False,energiai-v2-seed-42-size-5000
450.810000,True,21,CASA,10,INEFICIENTE,91,TIPICO,False,False,False,energiai-v2-seed-42-size-5000
327.190000,False,20,CASA,5,MODERADO,46,TIPICO,False,False,False,energiai-v2-seed-42-size-5000
340.050000,False,17,COMERCIO,8,MODERADO,36,TIPICO,False,False,False,energiai-v2-seed-42-size-5000
589.880000,True,32,INDUSTRIA,4,EFICIENTE,29,TIPICO,False,False,False,energiai-v2-seed-42-size-5000
222.990000,False,14,APARTAMENTO,3,MODERADO,32,TIPICO,False,False,False,energiai-v2-seed-42-size-5000
248.880000,True,14,APARTAMENTO,3,MODERADO,46,TIPICO,False,False,False,energiai-v2-seed-42-size-5000
180.000000,False,8,CASA,1,EFICIENTE,4,TIPICO,False,False,False,energiai-v2-seed-42-size-5000
404.620000,True,13,ESCRITORIO,10,MODERADO,48,TIPICO,False,False,False,energiai-v2-seed-42-size-5000
525.600000,False,15,OUTRO,16,INEFICIENTE,64,TIPICO,False,False,False,energiai-v2-seed-42-size-5000
258.740000,False,6,COMERCIO,4,EFICIENTE,6,TIPICO,False,False,False,energiai-v2-seed-42-size-5000
189.040000,False,5,CASA,1,EFICIENTE,1,TIPICO,False,False,False,energiai-v2-seed-42-size-5000
150.770000,False,4,APARTAMENTO,1,EFICIENTE,2,TIPICO,False,False,False,energiai-v2-seed-42-size-5000
328.550000,False,20,COMERCIO,5,EFICIENTE,30,TIPICO,False,False,False,energiai-v2-seed-42-size-5000
321.740000,True,7,CASA,7,MODERADO,42,TIPICO,False,False,False,energiai-v2-seed-42-size-5000
219.820000,False,3,APARTAMENTO,11,MODERADO,35,TIPICO,False,False,False,energiai-v2-seed-42-size-5000
304.720000,False,22,CASA,2,MODERADO,36,TIPICO,False,False,False,energiai-v2-seed-42-size-5000
691.070000,True,27,OUTRO,14,INEFICIENTE,94,TIPICO,False,False,False,energiai-v2-seed-42-size-5000
349.200000,False,17,APARTAMENTO,11,INEFICIENTE,92,TIPICO,False,False,False,energiai-v2-seed-42-size-5000
350.010000,True,16,APARTAMENTO,10,INEFICIENTE,95,TIPICO,False,False,False,energiai-v2-seed-42-size-5000
320.180000,True,5,CASA,10,MODERADO,46,TIPICO,False,False,False,energiai-v2-seed-42-size-5000
323.130000,True,6,CASA,9,MODERADO,46,TIPICO,False,False,False,energiai-v2-seed-42-size-5000
948.650000,True,50,INDUSTRIA,8,MODERADO,60,FRONTEIRA,True,False,False,energiai-v2-seed-42-size-5000
511.160000,True,8,INDUSTRIA,8,EFICIENTE,21,TIPICO,False,False,False,energiai-v2-seed-42-size-5000
677.940000,True,16,OUTRO,16,INEFICIENTE,87,TIPICO,False,False,False,energiai-v2-seed-42-size-5000
276.340000,True,9,APARTAMENTO,7,MODERADO,56,TIPICO,False,False,False,energiai-v2-seed-42-size-5000
429.000000,True,13,CASA,12,INEFICIENTE,82,TIPICO,False,False,False,energiai-v2-seed-42-size-5000
350.880000,False,17,COMERCIO,5,EFICIENTE,30,FRONTEIRA,True,False,False,energiai-v2-seed-42-size-5000
315.550000,True,6,CASA,8,MODERADO,42,TIPICO,False,False,False,energiai-v2-seed-42-size-5000
318.860000,True,7,COMERCIO,5,EFICIENTE,25,TIPICO,False,False,False,energiai-v2-seed-42-size-5000
275.920000,False,14,APARTAMENTO,7,MODERADO,55,TIPICO,False,False,False,energiai-v2-seed-42-size-5000
508.360000,True,12,OUTRO,13,INEFICIENTE,62,TIPICO,False,False,False,energiai-v2-seed-42-size-5000
384.220000,False,26,COMERCIO,6,MODERADO,46,TIPICO,False,False,False,energiai-v2-seed-42-size-5000
403.190000,False,28,ESCRITORIO,8,MODERADO,46,TIPICO,False,False,False,energiai-v2-seed-42-size-5000
407.090000,True,12,ESCRITORIO,7,MODERADO,39,TIPICO,False,False,False,energiai-v2-seed-42-size-5000
387.740000,False,12,COMERCIO,13,MODERADO,49,TIPICO,False,False,False,energiai-v2-seed-42-size-5000
333.510000,False,11,CASA,10,MODERADO,48,TIPICO,False,False,False,energiai-v2-seed-42-size-5000
220.550000,False,7,APARTAMENTO,7,MODERADO,33,TIPICO,False,False,False,energiai-v2-seed-42-size-5000
202.530000,False,11,APARTAMENTO,4,EFICIENTE,27,TIPICO,False,False,False,energiai-v2-seed-42-size-5000
232.550000,True,10,APARTAMENTO,4,MODERADO,40,TIPICO,False,False,False,energiai-v2-seed-42-size-5000
257.320000,True,13,APARTAMENTO,4,MODERADO,49,TIPICO,False,False,False,energiai-v2-seed-42-size-5000
273.430000,False,12,APARTAMENTO,9,MODERADO,58,TIPICO,False,False,False,energiai-v2-seed-42-size-5000
483.400000,True,28,COMERCIO,10,INEFICIENTE,85,TIPICO,False,False,False,energiai-v2-seed-42-size-5000
325.590000,True,13,CASA,5,MODERADO,45,TIPICO,False,False,False,energiai-v2-seed-42-size-5000
187.420000,False,12,APARTAMENTO,2,EFICIENTE,21,TIPICO,False,False,False,energiai-v2-seed-42-size-5000
234.270000,False,23,OUTRO,2,EFICIENTE,22,TIPICO,False,False,False,energiai-v2-seed-42-size-5000
233.340000,False,15,APARTAMENTO,3,MODERADO,36,TIPICO,False,False,False,energiai-v2-seed-42-size-5000
244.380000,False,28,APARTAMENTO,8,MODERADO,59,RARO_EXTREMO,False,True,True,energiai-v2-seed-42-size-5000
310.860000,False,9,COMERCIO,10,EFICIENTE,27,TIPICO,False,False,False,energiai-v2-seed-42-size-5000
260.760000,False,8,CASA,6,EFICIENTE,24,TIPICO,False,False,False,energiai-v2-seed-42-size-5000
228.200000,False,13,CASA,1,EFICIENTE,14,TIPICO,False,False,False,energiai-v2-seed-42-size-5000
237.990000,False,7,CASA,4,EFICIENTE,15,TIPICO,False,False,False,energiai-v2-seed-42-size-5000
400.940000,False,21,COMERCIO,10,MODERADO,54,TIPICO,False,False,False,energiai-v2-seed-42-size-5000
184.610000,False,4,APARTAMENTO,7,EFICIENTE,21,TIPICO,False,False,False,energiai-v2-seed-42-size-5000
172.290000,False,10,APARTAMENTO,1,EFICIENTE,13,TIPICO,False,False,False,energiai-v2-seed-42-size-5000
270.040000,True,5,APARTAMENTO,9,MODERADO,53,TIPICO,False,False,False,energiai-v2-seed-42-size-5000
536.500000,True,29,ESCRITORIO,9,INEFICIENTE,71,TIPICO,False,False,False,energiai-v2-seed-42-size-5000
169.700000,False,3,APARTAMENTO,7,EFICIENTE,16,TIPICO,False,False,False,energiai-v2-seed-42-size-5000
295.790000,False,3,CASA,11,MODERADO,34,RARO_EXTREMO,False,True,False,energiai-v2-seed-42-size-5000
297.590000,False,11,CASA,9,MODERADO,40,TIPICO,False,False,False,energiai-v2-seed-42-size-5000
389.970000,False,17,CASA,9,INEFICIENTE,63,TIPICO,False,False,False,energiai-v2-seed-42-size-5000
215.940000,False,5,APARTAMENTO,8,MODERADO,31,TIPICO,False,False,False,energiai-v2-seed-42-size-5000
289.990000,False,13,APARTAMENTO,9,INEFICIENTE,63,TIPICO,False,False,False,energiai-v2-seed-42-size-5000
335.890000,False,19,CASA,5,MODERADO,46,TIPICO,False,False,False,energiai-v2-seed-42-size-5000
272.810000,True,14,CASA,1,EFICIENTE,29,TIPICO,False,False,False,energiai-v2-seed-42-size-5000
266.190000,False,14,APARTAMENTO,6,MODERADO,50,TIPICO,False,False,False,energiai-v2-seed-42-size-5000
381.290000,True,21,CASA,3,MODERADO,57,TIPICO,False,False,False,energiai-v2-seed-42-size-5000
212.700000,False,18,APARTAMENTO,1,EFICIENTE,30,TIPICO,False,False,False,energiai-v2-seed-42-size-5000
361.520000,False,53,ESCRITORIO,7,MODERADO,45,RARO_EXTREMO,False,True,True,energiai-v2-seed-42-size-5000
203.400000,True,7,APARTAMENTO,4,MODERADO,31,FRONTEIRA,True,False,False,energiai-v2-seed-42-size-5000
335.140000,False,15,COMERCIO,7,EFICIENTE,30,FRONTEIRA,True,False,False,energiai-v2-seed-42-size-5000
280.560000,True,10,CASA,3,MODERADO,31,FRONTEIRA,True,False,False,energiai-v2-seed-42-size-5000
265.250000,True,9,APARTAMENTO,7,MODERADO,54,TIPICO,False,False,False,energiai-v2-seed-42-size-5000
140.860000,False,7,APARTAMENTO,1,EFICIENTE,5,TIPICO,False,False,False,energiai-v2-seed-42-size-5000
230.830000,False,11,ESCRITORIO,4,EFICIENTE,9,TIPICO,False,False,False,energiai-v2-seed-42-size-5000
317.770000,False,8,COMERCIO,8,EFICIENTE,23,TIPICO,False,False,False,energiai-v2-seed-42-size-5000
208.870000,False,5,APARTAMENTO,7,EFICIENTE,27,TIPICO,False,False,False,energiai-v2-seed-42-size-5000
312.540000,True,10,CASA,0,EFICIENTE,29,RARO_EXTREMO,False,True,False,energiai-v2-seed-42-size-5000
646.870000,True,32,ESCRITORIO,14,INEFICIENTE,100,TIPICO,False,False,False,energiai-v2-seed-42-size-5000
252.840000,False,23,OUTRO,2,EFICIENTE,23,TIPICO,False,False,False,energiai-v2-seed-42-size-5000
159.910000,False,4,APARTAMENTO,2,EFICIENTE,5,TIPICO,False,False,False,energiai-v2-seed-42-size-5000
750.450000,True,27,INDUSTRIA,6,MODERADO,36,TIPICO,False,False,False,energiai-v2-seed-42-size-5000
282.340000,False,6,ESCRITORIO,11,EFICIENTE,24,TIPICO,False,False,False,energiai-v2-seed-42-size-5000
494.500000,True,22,COMERCIO,13,INEFICIENTE,89,TIPICO,False,False,False,energiai-v2-seed-42-size-5000
446.420000,True,20,CASA,9,INEFICIENTE,86,TIPICO,False,False,False,energiai-v2-seed-42-size-5000
264.020000,True,4,CASA,3,EFICIENTE,21,TIPICO,False,False,False,energiai-v2-seed-42-size-5000
343.870000,True,18,CASA,3,MODERADO,48,TIPICO,False,False,False,energiai-v2-seed-42-size-5000
442.660000,True,25,COMERCIO,7,INEFICIENTE,66,TIPICO,False,False,False,energiai-v2-seed-42-size-5000
186.440000,False,13,APARTAMENTO,1,EFICIENTE,19,TIPICO,False,False,False,energiai-v2-seed-42-size-5000
246.060000,False,13,APARTAMENTO,6,MODERADO,44,TIPICO,False,False,False,energiai-v2-seed-42-size-5000
260.510000,False,10,APARTAMENTO,8,MODERADO,48,TIPICO,False,False,False,energiai-v2-seed-42-size-5000
364.030000,True,12,CASA,9,INEFICIENTE,61,TIPICO,False,False,False,energiai-v2-seed-42-size-5000
314.760000,False,21,CASA,3,MODERADO,39,TIPICO,False,False,False,energiai-v2-seed-42-size-5000
162.260000,False,7,APARTAMENTO,3,EFICIENTE,12,TIPICO,False,False,False,energiai-v2-seed-42-size-5000
269.040000,False,5,COMERCIO,5,EFICIENTE,8,TIPICO,False,False,False,energiai-v2-seed-42-size-5000
165.870000,False,5,APARTAMENTO,3,EFICIENTE,10,TIPICO,False,False,False,energiai-v2-seed-42-size-5000
396.900000,True,13,CASA,9,INEFICIENTE,67,TIPICO,False,False,False,energiai-v2-seed-42-size-5000
234.010000,False,16,APARTAMENTO,3,MODERADO,37,TIPICO,False,False,False,energiai-v2-seed-42-size-5000
228.040000,False,10,APARTAMENTO,5,MODERADO,33,TIPICO,False,False,False,energiai-v2-seed-42-size-5000
61.690000,False,15,INDUSTRIA,11,EFICIENTE,12,RARO_EXTREMO,False,True,True,energiai-v2-seed-42-size-5000
350.810000,False,32,ESCRITORIO,6,MODERADO,38,TIPICO,False,False,False,energiai-v2-seed-42-size-5000
326.050000,True,14,APARTAMENTO,8,INEFICIENTE,78,TIPICO,False,False,False,energiai-v2-seed-42-size-5000
380.600000,True,24,COMERCIO,4,MODERADO,47,TIPICO,False,False,False,energiai-v2-seed-42-size-5000
218.080000,True,5,APARTAMENTO,3,EFICIENTE,27,TIPICO,False,False,False,energiai-v2-seed-42-size-5000
195.310000,False,7,CASA,2,EFICIENTE,6,TIPICO,False,False,False,energiai-v2-seed-42-size-5000
244.810000,True,2,APARTAMENTO,1,EFICIENTE,24,RARO_EXTREMO,False,True,False,energiai-v2-seed-42-size-5000
279.640000,False,26,ESCRITORIO,4,EFICIENTE,23,TIPICO,False,False,False,energiai-v2-seed-42-size-5000
269.080000,True,16,APARTAMENTO,2,MODERADO,49,TIPICO,False,False,False,energiai-v2-seed-42-size-5000
148.540000,False,3,APARTAMENTO,3,EFICIENTE,4,TIPICO,False,False,False,energiai-v2-seed-42-size-5000
307.960000,True,10,APARTAMENTO,9,INEFICIENTE,71,TIPICO,False,False,False,energiai-v2-seed-42-size-5000
520.760000,True,29,ESCRITORIO,11,INEFICIENTE,76,TIPICO,False,False,False,energiai-v2-seed-42-size-5000
419.330000,True,18,CASA,8,INEFICIENTE,75,TIPICO,False,False,False,energiai-v2-seed-42-size-5000
281.150000,True,8,APARTAMENTO,9,INEFICIENTE,61,FRONTEIRA,True,False,False,energiai-v2-seed-42-size-5000
384.820000,True,21,CASA,5,INEFICIENTE,64,TIPICO,False,False,False,energiai-v2-seed-42-size-5000
233.900000,False,10,CASA,2,EFICIENTE,14,TIPICO,False,False,False,energiai-v2-seed-42-size-5000
359.730000,False,11,ESCRITORIO,13,MODERADO,40,TIPICO,False,False,False,energiai-v2-seed-42-size-5000
868.380000,True,28,INDUSTRIA,11,MODERADO,51,TIPICO,False,False,False,energiai-v2-seed-42-size-5000
315.420000,True,15,APARTAMENTO,8,INEFICIENTE,78,TIPICO,False,False,False,energiai-v2-seed-42-size-5000
317.810000,False,12,CASA,9,MODERADO,45,TIPICO,False,False,False,energiai-v2-seed-42-size-5000
290.950000,True,17,APARTAMENTO,4,INEFICIENTE,61,FRONTEIRA,True,False,False,energiai-v2-seed-42-size-5000
237.090000,True,4,APARTAMENTO,9,MODERADO,45,TIPICO,False,False,False,energiai-v2-seed-42-size-5000
204.640000,False,7,CASA,5,EFICIENTE,13,TIPICO,False,False,False,energiai-v2-seed-42-size-5000
387.370000,False,20,COMERCIO,9,MODERADO,48,TIPICO,False,False,False,energiai-v2-seed-42-size-5000
353.220000,True,8,CASA,10,MODERADO,56,TIPICO,False,False,False,energiai-v2-seed-42-size-5000
408.860000,False,22,CASA,9,INEFICIENTE,74,TIPICO,False,False,False,energiai-v2-seed-42-size-5000
234.890000,True,3,APARTAMENTO,9,MODERADO,42,TIPICO,False,False,False,energiai-v2-seed-42-size-5000
250.180000,False,6,CASA,8,EFICIENTE,24,TIPICO,False,False,False,energiai-v2-seed-42-size-5000
388.810000,False,14,CASA,12,INEFICIENTE,68,TIPICO,False,False,False,energiai-v2-seed-42-size-5000
311.270000,False,11,COMERCIO,8,EFICIENTE,25,TIPICO,False,False,False,energiai-v2-seed-42-size-5000
229.670000,True,4,CASA,2,EFICIENTE,15,TIPICO,False,False,False,energiai-v2-seed-42-size-5000
173.930000,False,4,APARTAMENTO,5,EFICIENTE,14,TIPICO,False,False,False,energiai-v2-seed-42-size-5000
538.530000,True,25,ESCRITORIO,11,INEFICIENTE,74,TIPICO,False,False,False,energiai-v2-seed-42-size-5000
311.730000,True,8,OUTRO,8,MODERADO,35,TIPICO,False,False,False,energiai-v2-seed-42-size-5000
281.820000,False,12,CASA,0,EFICIENTE,19,RARO_EXTREMO,False,True,False,energiai-v2-seed-42-size-5000
224.830000,False,6,APARTAMENTO,7,MODERADO,32,TIPICO,False,False,False,energiai-v2-seed-42-size-5000
242.000000,False,16,APARTAMENTO,4,MODERADO,42,TIPICO,False,False,False,energiai-v2-seed-42-size-5000
462.250000,True,19,CASA,11,INEFICIENTE,94,TIPICO,False,False,False,energiai-v2-seed-42-size-5000
292.780000,True,8,APARTAMENTO,11,INEFICIENTE,70,TIPICO,False,False,False,energiai-v2-seed-42-size-5000
244.710000,False,5,CASA,6,EFICIENTE,18,TIPICO,False,False,False,energiai-v2-seed-42-size-5000
304.770000,False,20,CASA,3,MODERADO,37,TIPICO,False,False,False,energiai-v2-seed-42-size-5000
270.750000,True,9,APARTAMENTO,8,MODERADO,58,TIPICO,False,False,False,energiai-v2-seed-42-size-5000
254.660000,False,7,APARTAMENTO,11,MODERADO,51,TIPICO,False,False,False,energiai-v2-seed-42-size-5000
280.860000,True,15,APARTAMENTO,4,MODERADO,56,TIPICO,False,False,False,energiai-v2-seed-42-size-5000
421.690000,True,21,CASA,6,INEFICIENTE,73,TIPICO,False,False,False,energiai-v2-seed-42-size-5000
407.020000,True,11,CASA,12,INEFICIENTE,75,TIPICO,False,False,False,energiai-v2-seed-42-size-5000
359.790000,True,21,CASA,4,MODERADO,57,TIPICO,False,False,False,energiai-v2-seed-42-size-5000
489.620000,True,20,CASA,11,INEFICIENTE,100,TIPICO,False,False,False,energiai-v2-seed-42-size-5000
248.130000,False,17,APARTAMENTO,3,MODERADO,41,TIPICO,False,False,False,energiai-v2-seed-42-size-5000
277.880000,False,20,CASA,1,EFICIENTE,28,TIPICO,False,False,False,energiai-v2-seed-42-size-5000
205.010000,False,4,APARTAMENTO,12,MODERADO,34,RARO_EXTREMO,False,True,False,energiai-v2-seed-42-size-5000
250.340000,False,16,CASA,1,EFICIENTE,20,TIPICO,False,False,False,energiai-v2-seed-42-size-5000
298.630000,False,23,ESCRITORIO,4,EFICIENTE,22,TIPICO,False,False,False,energiai-v2-seed-42-size-5000
416.500000,True,14,CASA,10,INEFICIENTE,75,TIPICO,False,False,False,energiai-v2-seed-42-size-5000
384.590000,True,16,CASA,9,INEFICIENTE,70,TIPICO,False,False,False,energiai-v2-seed-42-size-5000
254.930000,True,7,CASA,3,EFICIENTE,24,TIPICO,False,False,False,energiai-v2-seed-42-size-5000
226.450000,False,12,CASA,1,EFICIENTE,13,TIPICO,False,False,False,energiai-v2-seed-42-size-5000
267.710000,False,4,CASA,9,EFICIENTE,26,TIPICO,False,False,False,energiai-v2-seed-42-size-5000
359.190000,False,33,ESCRITORIO,4,MODERADO,34,TIPICO,False,False,False,energiai-v2-seed-42-size-5000
250.570000,True,7,APARTAMENTO,6,MODERADO,44,TIPICO,False,False,False,energiai-v2-seed-42-size-5000
184.390000,True,6,APARTAMENTO,2,EFICIENTE,21,TIPICO,False,False,False,energiai-v2-seed-42-size-5000
1161.470000,True,32,INDUSTRIA,20,INEFICIENTE,87,TIPICO,False,False,False,energiai-v2-seed-42-size-5000
288.240000,False,18,CASA,4,MODERADO,35,TIPICO,False,False,False,energiai-v2-seed-42-size-5000
254.390000,False,20,CASA,2,EFICIENTE,28,TIPICO,False,False,False,energiai-v2-seed-42-size-5000
270.770000,False,7,COMERCIO,3,EFICIENTE,6,TIPICO,False,False,False,energiai-v2-seed-42-size-5000
1126.170000,True,49,INDUSTRIA,13,INEFICIENTE,80,TIPICO,False,False,False,energiai-v2-seed-42-size-5000
207.580000,False,8,APARTAMENTO,5,EFICIENTE,26,TIPICO,False,False,False,energiai-v2-seed-42-size-5000
315.880000,False,5,COMERCIO,12,EFICIENTE,27,TIPICO,False,False,False,energiai-v2-seed-42-size-5000
450.120000,True,15,OUTRO,10,MODERADO,54,TIPICO,False,False,False,energiai-v2-seed-42-size-5000
382.000000,False,13,ESCRITORIO,10,MODERADO,37,TIPICO,False,False,False,energiai-v2-seed-42-size-5000
290.460000,False,8,CASA,8,MODERADO,32,TIPICO,False,False,False,energiai-v2-seed-42-size-5000
226.070000,False,5,CASA,2,EFICIENTE,7,TIPICO,False,False,False,energiai-v2-seed-42-size-5000
506.200000,True,27,COMERCIO,11,INEFICIENTE,91,TIPICO,False,False,False,energiai-v2-seed-42-size-5000
283.650000,True,17,APARTAMENTO,4,MODERADO,60,TIPICO,False,False,False,energiai-v2-seed-42-size-5000
440.400000,True,15,CASA,10,INEFICIENTE,80,TIPICO,False,False,False,energiai-v2-seed-42-size-5000
162.760000,False,5,OUTRO,3,EFICIENTE,6,TIPICO,False,False,False,energiai-v2-seed-42-size-5000
383.400000,True,5,ESCRITORIO,11,MODERADO,41,TIPICO,False,False,False,energiai-v2-seed-42-size-5000
383.840000,True,13,CASA,10,INEFICIENTE,68,TIPICO,False,False,False,energiai-v2-seed-42-size-5000
270.660000,True,8,APARTAMENTO,8,MODERADO,56,TIPICO,False,False,False,energiai-v2-seed-42-size-5000
573.080000,True,19,ESCRITORIO,14,INEFICIENTE,82,TIPICO,False,False,False,energiai-v2-seed-42-size-5000
220.800000,True,4,APARTAMENTO,10,MODERADO,44,TIPICO,False,False,False,energiai-v2-seed-42-size-5000
651.810000,True,31,ESCRITORIO,13,INEFICIENTE,99,TIPICO,False,False,False,energiai-v2-seed-42-size-5000
231.200000,False,4,CASA,5,EFICIENTE,13,TIPICO,False,False,False,energiai-v2-seed-42-size-5000
374.100000,False,9,COMERCIO,14,MODERADO,46,TIPICO,False,False,False,energiai-v2-seed-42-size-5000
370.130000,False,12,COMERCIO,10,MODERADO,39,TIPICO,False,False,False,energiai-v2-seed-42-size-5000
262.170000,False,20,CASA,1,EFICIENTE,26,TIPICO,False,False,False,energiai-v2-seed-42-size-5000
176.450000,False,9,APARTAMENTO,1,EFICIENTE,12,TIPICO,False,False,False,energiai-v2-seed-42-size-5000
233.680000,True,11,APARTAMENTO,3,MODERADO,39,TIPICO,False,False,False,energiai-v2-seed-42-size-5000
250.040000,True,7,APARTAMENTO,6,MODERADO,44,TIPICO,False,False,False,energiai-v2-seed-42-size-5000
336.920000,False,10,CASA,10,MODERADO,47,TIPICO,False,False,False,energiai-v2-seed-42-size-5000
286.760000,False,10,CASA,5,EFICIENTE,27,TIPICO,False,False,False,energiai-v2-seed-42-size-5000
255.470000,False,7,CASA,4,EFICIENTE,17,TIPICO,False,False,False,energiai-v2-seed-42-size-5000
269.920000,False,11,CASA,0,EFICIENTE,16,RARO_EXTREMO,False,True,False,energiai-v2-seed-42-size-5000
346.500000,True,7,COMERCIO,7,MODERADO,33,TIPICO,False,False,False,energiai-v2-seed-42-size-5000
529.630000,True,21,ESCRITORIO,13,INEFICIENTE,76,TIPICO,False,False,False,energiai-v2-seed-42-size-5000
492.530000,True,21,CASA,11,INEFICIENTE,100,TIPICO,False,False,False,energiai-v2-seed-42-size-5000
169.000000,False,7,APARTAMENTO,3,EFICIENTE,13,TIPICO,False,False,False,energiai-v2-seed-42-size-5000
246.030000,True,8,APARTAMENTO,4,MODERADO,39,TIPICO,False,False,False,energiai-v2-seed-42-size-5000
562.460000,True,19,ESCRITORIO,13,INEFICIENTE,78,TIPICO,False,False,False,energiai-v2-seed-42-size-5000
227.370000,True,7,APARTAMENTO,5,MODERADO,37,TIPICO,False,False,False,energiai-v2-seed-42-size-5000
297.150000,False,8,CASA,10,MODERADO,38,TIPICO,False,False,False,energiai-v2-seed-42-size-5000
219.900000,True,8,APARTAMENTO,2,EFICIENTE,29,TIPICO,False,False,False,energiai-v2-seed-42-size-5000
525.700000,True,20,ESCRITORIO,12,INEFICIENTE,72,TIPICO,False,False,False,energiai-v2-seed-42-size-5000
182.730000,False,3,APARTAMENTO,5,EFICIENTE,14,TIPICO,False,False,False,energiai-v2-seed-42-size-5000
609.470000,True,16,INDUSTRIA,7,EFICIENTE,27,TIPICO,False,False,False,energiai-v2-seed-42-size-5000
300.630000,False,20,CASA,3,MODERADO,36,TIPICO,False,False,False,energiai-v2-seed-42-size-5000
252.390000,False,17,APARTAMENTO,4,MODERADO,45,TIPICO,False,False,False,energiai-v2-seed-42-size-5000
474.320000,True,18,COMERCIO,14,INEFICIENTE,84,TIPICO,False,False,False,energiai-v2-seed-42-size-5000
384.920000,True,20,CASA,6,INEFICIENTE,66,TIPICO,False,False,False,energiai-v2-seed-42-size-5000
306.930000,False,7,COMERCIO,6,EFICIENTE,16,TIPICO,False,False,False,energiai-v2-seed-42-size-5000
355.770000,True,8,COMERCIO,8,MODERADO,37,TIPICO,False,False,False,energiai-v2-seed-42-size-5000
259.790000,False,13,CASA,3,EFICIENTE,23,TIPICO,False,False,False,energiai-v2-seed-42-size-5000
544.350000,True,14,OUTRO,11,INEFICIENTE,63,TIPICO,False,False,False,energiai-v2-seed-42-size-5000
1400.000000,True,46,INDUSTRIA,19,INEFICIENTE,100,TIPICO,False,False,False,energiai-v2-seed-42-size-5000
459.390000,True,15,CASA,12,INEFICIENTE,90,TIPICO,False,False,False,energiai-v2-seed-42-size-5000
207.730000,False,13,APARTAMENTO,2,EFICIENTE,25,TIPICO,False,False,False,energiai-v2-seed-42-size-5000
353.080000,True,18,APARTAMENTO,8,INEFICIENTE,91,TIPICO,False,False,False,energiai-v2-seed-42-size-5000
238.290000,False,14,CASA,2,EFICIENTE,19,TIPICO,False,False,False,energiai-v2-seed-42-size-5000
302.080000,False,11,ESCRITORIO,8,EFICIENTE,23,TIPICO,False,False,False,energiai-v2-seed-42-size-5000
323.770000,False,9,CASA,11,MODERADO,46,TIPICO,False,False,False,energiai-v2-seed-42-size-5000
181.040000,False,3,APARTAMENTO,6,EFICIENTE,16,TIPICO,False,False,False,energiai-v2-seed-42-size-5000
442.220000,False,14,INDUSTRIA,10,EFICIENTE,15,TIPICO,False,False,False,energiai-v2-seed-42-size-5000
479.530000,True,22,CASA,9,INEFICIENTE,94,TIPICO,False,False,False,energiai-v2-seed-42-size-5000
175.040000,False,3,APARTAMENTO,6,EFICIENTE,15,TIPICO,False,False,False,energiai-v2-seed-42-size-5000
182.780000,False,8,APARTAMENTO,3,EFICIENTE,17,TIPICO,False,False,False,energiai-v2-seed-42-size-5000
186.840000,False,4,CASA,1,EFICIENTE,0,TIPICO,False,False,False,energiai-v2-seed-42-size-5000
218.550000,False,10,APARTAMENTO,5,MODERADO,32,TIPICO,False,False,False,energiai-v2-seed-42-size-5000
318.300000,True,11,APARTAMENTO,11,INEFICIENTE,82,TIPICO,False,False,False,energiai-v2-seed-42-size-5000
278.290000,True,12,APARTAMENTO,6,MODERADO,58,TIPICO,False,False,False,energiai-v2-seed-42-size-5000
412.860000,True,12,COMERCIO,11,MODERADO,58,TIPICO,False,False,False,energiai-v2-seed-42-size-5000
390.980000,True,11,COMERCIO,9,MODERADO,48,TIPICO,False,False,False,energiai-v2-seed-42-size-5000
330.690000,False,14,OUTRO,8,MODERADO,32,TIPICO,False,False,False,energiai-v2-seed-42-size-5000
412.860000,True,15,OUTRO,9,MODERADO,50,TIPICO,False,False,False,energiai-v2-seed-42-size-5000
296.460000,True,18,APARTAMENTO,5,INEFICIENTE,68,TIPICO,False,False,False,energiai-v2-seed-42-size-5000
300.080000,False,4,CASA,12,MODERADO,37,TIPICO,False,False,False,energiai-v2-seed-42-size-5000
240.820000,False,12,CASA,3,EFICIENTE,19,TIPICO,False,False,False,energiai-v2-seed-42-size-5000
271.470000,False,12,CASA,6,MODERADO,31,FRONTEIRA,True,False,False,energiai-v2-seed-42-size-5000
423.080000,True,18,APARTAMENTO,9,INEFICIENTE,100,RARO_EXTREMO,False,True,True,energiai-v2-seed-42-size-5000
222.750000,False,16,APARTAMENTO,3,MODERADO,35,TIPICO,False,False,False,energiai-v2-seed-42-size-5000
362.900000,False,13,COMERCIO,10,MODERADO,39,TIPICO,False,False,False,energiai-v2-seed-42-size-5000
346.700000,True,21,ESCRITORIO,4,MODERADO,33,TIPICO,False,False,False,energiai-v2-seed-42-size-5000
259.730000,True,11,APARTAMENTO,4,MODERADO,46,TIPICO,False,False,False,energiai-v2-seed-42-size-5000
176.190000,False,10,APARTAMENTO,19,MODERADO,40,RARO_EXTREMO,False,True,True,energiai-v2-seed-42-size-5000
247.280000,False,4,CASA,6,EFICIENTE,17,TIPICO,False,False,False,energiai-v2-seed-42-size-5000
276.270000,True,16,APARTAMENTO,4,MODERADO,57,TIPICO,False,False,False,energiai-v2-seed-42-size-5000
678.680000,True,31,ESCRITORIO,14,INEFICIENTE,100,TIPICO,False,False,False,energiai-v2-seed-42-size-5000
421.420000,True,20,CASA,8,INEFICIENTE,78,TIPICO,False,False,False,energiai-v2-seed-42-size-5000
394.710000,True,20,CASA,6,INEFICIENTE,67,TIPICO,False,False,False,energiai-v2-seed-42-size-5000
1242.360000,True,44,INDUSTRIA,17,INEFICIENTE,92,TIPICO,False,False,False,energiai-v2-seed-42-size-5000
507.470000,True,21,CASA,11,INEFICIENTE,100,TIPICO,False,False,False,energiai-v2-seed-42-size-5000
349.540000,True,16,APARTAMENTO,9,INEFICIENTE,91,TIPICO,False,False,False,energiai-v2-seed-42-size-5000
357.910000,True,21,CASA,2,MODERADO,50,TIPICO,False,False,False,energiai-v2-seed-42-size-5000
323.230000,False,17,COMERCIO,4,EFICIENTE,24,TIPICO,False,False,False,energiai-v2-seed-42-size-5000
256.840000,True,17,APARTAMENTO,1,MODERADO,45,TIPICO,False,False,False,energiai-v2-seed-42-size-5000
353.430000,False,9,CASA,12,MODERADO,54,TIPICO,False,False,False,energiai-v2-seed-42-size-5000
350.820000,False,10,COMERCIO,14,MODERADO,43,TIPICO,False,False,False,energiai-v2-seed-42-size-5000
277.720000,False,16,ESCRITORIO,3,EFICIENTE,13,TIPICO,False,False,False,energiai-v2-seed-42-size-5000
339.590000,False,21,COMERCIO,5,MODERADO,32,TIPICO,False,False,False,energiai-v2-seed-42-size-5000
237.760000,True,8,APARTAMENTO,5,MODERADO,41,TIPICO,False,False,False,energiai-v2-seed-42-size-5000
207.640000,False,16,APARTAMENTO,1,EFICIENTE,26,TIPICO,False,False,False,energiai-v2-seed-42-size-5000
372.980000,True,23,COMERCIO,3,MODERADO,42,TIPICO,False,False,False,energiai-v2-seed-42-size-5000
482.540000,False,19,OUTRO,12,MODERADO,56,TIPICO,False,False,False,energiai-v2-seed-42-size-5000
319.490000,False,6,COMERCIO,13,MODERADO,31,FRONTEIRA,True,False,False,energiai-v2-seed-42-size-5000
423.080000,False,3,APARTAMENTO,3,MODERADO,47,RARO_EXTREMO,False,True,True,energiai-v2-seed-42-size-5000
399.840000,False,13,COMERCIO,14,MODERADO,55,TIPICO,False,False,False,energiai-v2-seed-42-size-5000
399.780000,True,17,OUTRO,8,MODERADO,49,TIPICO,False,False,False,energiai-v2-seed-42-size-5000
464.200000,True,20,COMERCIO,11,INEFICIENTE,75,TIPICO,False,False,False,energiai-v2-seed-42-size-5000
783.870000,True,20,INDUSTRIA,14,MODERADO,48,TIPICO,False,False,False,energiai-v2-seed-42-size-5000
227.690000,False,15,APARTAMENTO,4,MODERADO,38,TIPICO,False,False,False,energiai-v2-seed-42-size-5000
309.590000,False,5,ESCRITORIO,9,EFICIENTE,21,TIPICO,False,False,False,energiai-v2-seed-42-size-5000
315.630000,False,19,COMERCIO,2,EFICIENTE,20,TIPICO,False,False,False,energiai-v2-seed-42-size-5000
495.750000,True,22,CASA,11,INEFICIENTE,100,TIPICO,False,False,False,energiai-v2-seed-42-size-5000
344.600000,True,17,CASA,3,MODERADO,47,TIPICO,False,False,False,energiai-v2-seed-42-size-5000
206.710000,True,6,APARTAMENTO,3,EFICIENTE,27,TIPICO,False,False,False,energiai-v2-seed-42-size-5000
341.580000,True,6,COMERCIO,10,MODERADO,37,TIPICO,False,False,False,energiai-v2-seed-42-size-5000
856.750000,True,26,OUTRO,12,INEFICIENTE,97,RARO_EXTREMO,False,True,True,energiai-v2-seed-42-size-5000
425.110000,True,9,ESCRITORIO,14,MODERADO,56,TIPICO,False,False,False,energiai-v2-seed-42-size-5000
392.160000,False,11,INDUSTRIA,8,EFICIENTE,9,TIPICO,False,False,False,energiai-v2-seed-42-size-5000
246.860000,True,3,APARTAMENTO,10,MODERADO,48,TIPICO,False,False,False,energiai-v2-seed-42-size-5000
389.640000,True,14,CASA,8,INEFICIENTE,65,TIPICO,False,False,False,energiai-v2-seed-42-size-5000
433.210000,True,25,COMERCIO,6,INEFICIENTE,61,FRONTEIRA,True,False,False,energiai-v2-seed-42-size-5000
428.770000,True,16,CASA,10,INEFICIENTE,80,TIPICO,False,False,False,energiai-v2-seed-42-size-5000
450.250000,True,14,CASA,12,INEFICIENTE,87,TIPICO,False,False,False,energiai-v2-seed-42-size-5000
176.160000,False,7,OUTRO,2,EFICIENTE,7,TIPICO,False,False,False,energiai-v2-seed-42-size-5000
185.700000,False,3,APARTAMENTO,8,EFICIENTE,22,TIPICO,False,False,False,energiai-v2-seed-42-size-5000
410.440000,False,20,ESCRITORIO,13,MODERADO,54,TIPICO,False,False,False,energiai-v2-seed-42-size-5000
191.890000,True,4,APARTAMENTO,1,EFICIENTE,17,TIPICO,False,False,False,energiai-v2-seed-42-size-5000
231.940000,False,15,CASA,1,EFICIENTE,17,TIPICO,False,False,False,energiai-v2-seed-42-size-5000
621.090000,True,31,ESCRITORIO,13,INEFICIENTE,96,TIPICO,False,False,False,energiai-v2-seed-42-size-5000
205.600000,False,8,APARTAMENTO,7,MODERADO,31,TIPICO,False,False,False,energiai-v2-seed-42-size-5000
513.920000,False,9,INDUSTRIA,11,EFICIENTE,17,TIPICO,False,False,False,energiai-v2-seed-42-size-5000
233.960000,True,12,APARTAMENTO,2,MODERADO,37,TIPICO,False,False,False,energiai-v2-seed-42-size-5000
358.520000,True,27,COMERCIO,2,MODERADO,41,TIPICO,False,False,False,energiai-v2-seed-42-size-5000
369.510000,False,18,CASA,20,INEFICIENTE,71,RARO_EXTREMO,False,True,True,energiai-v2-seed-42-size-5000
1278.060000,True,38,INDUSTRIA,20,INEFICIENTE,97,TIPICO,False,False,False,energiai-v2-seed-42-size-5000
358.990000,False,24,COMERCIO,5,MODERADO,38,TIPICO,False,False,False,energiai-v2-seed-42-size-5000
1106.390000,True,30,INDUSTRIA,20,INEFICIENTE,83,TIPICO,False,False,False,energiai-v2-seed-42-size-5000
566.590000,False,21,INDUSTRIA,11,EFICIENTE,26,TIPICO,False,False,False,energiai-v2-seed-42-size-5000
417.430000,True,9,OUTRO,10,MODERADO,47,TIPICO,False,False,False,energiai-v2-seed-42-size-5000
314.160000,False,12,CASA,7,MODERADO,39,TIPICO,False,False,False,energiai-v2-seed-42-size-5000
320.220000,False,14,COMERCIO,5,EFICIENTE,23,TIPICO,False,False,False,energiai-v2-seed-42-size-5000
263.620000,True,11,APARTAMENTO,5,MODERADO,50,TIPICO,False,False,False,energiai-v2-seed-42-size-5000
451.070000,False,22,COMERCIO,13,INEFICIENTE,73,TIPICO,False,False,False,energiai-v2-seed-42-size-5000
155.990000,False,4,APARTAMENTO,2,EFICIENTE,5,TIPICO,False,False,False,energiai-v2-seed-42-size-5000
397.440000,True,20,CASA,6,INEFICIENTE,68,TIPICO,False,False,False,energiai-v2-seed-42-size-5000
149.840000,False,4,OUTRO,3,EFICIENTE,5,TIPICO,False,False,False,energiai-v2-seed-42-size-5000
309.870000,False,8,CASA,10,MODERADO,40,TIPICO,False,False,False,energiai-v2-seed-42-size-5000
300.850000,False,7,COMERCIO,10,EFICIENTE,23,TIPICO,False,False,False,energiai-v2-seed-42-size-5000
218.220000,False,5,CASA,5,EFICIENTE,12,TIPICO,False,False,False,energiai-v2-seed-42-size-5000
413.310000,True,17,CASA,9,INEFICIENTE,76,TIPICO,False,False,False,energiai-v2-seed-42-size-5000
374.960000,True,22,CASA,4,MODERADO,60,FRONTEIRA,True,False,False,energiai-v2-seed-42-size-5000
885.830000,True,46,INDUSTRIA,8,MODERADO,56,TIPICO,False,False,False,energiai-v2-seed-42-size-5000
164.640000,False,8,APARTAMENTO,2,EFICIENTE,12,TIPICO,False,False,False,energiai-v2-seed-42-size-5000
301.000000,True,14,CASA,3,MODERADO,38,TIPICO,False,False,False,energiai-v2-seed-42-size-5000
436.920000,True,16,CASA,11,INEFICIENTE,85,TIPICO,False,False,False,energiai-v2-seed-42-size-5000
396.630000,True,18,ESCRITORIO,6,MODERADO,41,TIPICO,False,False,False,energiai-v2-seed-42-size-5000
224.770000,False,4,CASA,8,EFICIENTE,18,TIPICO,False,False,False,energiai-v2-seed-42-size-5000
341.310000,False,26,COMERCIO,2,EFICIENTE,29,TIPICO,False,False,False,energiai-v2-seed-42-size-5000
350.340000,False,17,CASA,7,MODERADO,51,TIPICO,False,False,False,energiai-v2-seed-42-size-5000
905.470000,True,24,INDUSTRIA,16,MODERADO,60,TIPICO,False,False,False,energiai-v2-seed-42-size-5000
200.120000,False,8,APARTAMENTO,6,EFICIENTE,28,TIPICO,False,False,False,energiai-v2-seed-42-size-5000
277.690000,False,16,CASA,20,MODERADO,53,RARO_EXTREMO,False,True,True,energiai-v2-seed-42-size-5000
551.890000,True,31,ESCRITORIO,10,INEFICIENTE,78,TIPICO,False,False,False,energiai-v2-seed-42-size-5000
188.050000,False,11,APARTAMENTO,2,EFICIENTE,20,TIPICO,False,False,False,energiai-v2-seed-42-size-5000
414.960000,False,15,ESCRITORIO,14,MODERADO,52,TIPICO,False,False,False,energiai-v2-seed-42-size-5000
421.140000,True,14,CASA,10,INEFICIENTE,76,TIPICO,False,False,False,energiai-v2-seed-42-size-5000
518.120000,True,18,OUTRO,10,INEFICIENTE,62,TIPICO,False,False,False,energiai-v2-seed-42-size-5000
426.230000,False,35,ESCRITORIO,6,MODERADO,47,TIPICO,False,False,False,energiai-v2-seed-42-size-5000
334.350000,True,14,COMERCIO,2,EFICIENTE,27,TIPICO,False,False,False,energiai-v2-seed-42-size-5000
542.470000,True,27,ESCRITORIO,12,INEFICIENTE,80,TIPICO,False,False,False,energiai-v2-seed-42-size-5000
208.800000,False,7,CASA,2,EFICIENTE,8,TIPICO,False,False,False,energiai-v2-seed-42-size-5000
311.440000,True,9,APARTAMENTO,10,INEFICIENTE,73,TIPICO,False,False,False,energiai-v2-seed-42-size-5000
393.410000,True,20,CASA,0,MODERADO,50,RARO_EXTREMO,False,True,False,energiai-v2-seed-42-size-5000
472.020000,True,22,COMERCIO,10,INEFICIENTE,76,TIPICO,False,False,False,energiai-v2-seed-42-size-5000
223.130000,False,11,APARTAMENTO,5,MODERADO,34,TIPICO,False,False,False,energiai-v2-seed-42-size-5000
313.610000,True,6,ESCRITORIO,9,MODERADO,31,FRONTEIRA,True,False,False,energiai-v2-seed-42-size-5000
189.980000,False,9,APARTAMENTO,2,EFICIENTE,17,TIPICO,False,False,False,energiai-v2-seed-42-size-5000
437.500000,True,27,COMERCIO,6,INEFICIENTE,64,TIPICO,False,False,False,energiai-v2-seed-42-size-5000
426.890000,True,23,ESCRITORIO,6,MODERADO,47,TIPICO,False,False,False,energiai-v2-seed-42-size-5000
276.360000,False,11,CASA,4,EFICIENTE,25,TIPICO,False,False,False,energiai-v2-seed-42-size-5000
392.810000,False,7,OUTRO,14,MODERADO,41,TIPICO,False,False,False,energiai-v2-seed-42-size-5000
159.470000,False,7,APARTAMENTO,2,EFICIENTE,10,TIPICO,False,False,False,energiai-v2-seed-42-size-5000
554.940000,True,28,COMERCIO,14,INEFICIENTE,100,TIPICO,False,False,False,energiai-v2-seed-42-size-5000
200.780000,False,6,APARTAMENTO,5,EFICIENTE,22,TIPICO,False,False,False,energiai-v2-seed-42-size-5000
427.270000,False,18,COMERCIO,14,INEFICIENTE,66,TIPICO,False,False,False,energiai-v2-seed-42-size-5000
273.790000,False,11,CASA,6,EFICIENTE,29,TIPICO,False,False,False,energiai-v2-seed-42-size-5000
425.910000,False,30,ESCRITORIO,2,MODERADO,34,RARO_EXTREMO,False,True,False,energiai-v2-seed-42-size-5000
216.460000,False,7,CASA,1,EFICIENTE,6,TIPICO,False,False,False,energiai-v2-seed-42-size-5000
386.230000,True,7,COMERCIO,13,MODERADO,52,TIPICO,False,False,False,energiai-v2-seed-42-size-5000
335.360000,False,20,COMERCIO,5,MODERADO,31,FRONTEIRA,True,False,False,energiai-v2-seed-42-size-5000
340.920000,True,10,CASA,8,MODERADO,52,TIPICO,False,False,False,energiai-v2-seed-42-size-5000
535.760000,True,27,COMERCIO,13,INEFICIENTE,100,TIPICO,False,False,False,energiai-v2-seed-42-size-5000
315.830000,True,14,ESCRITORIO,5,EFICIENTE,28,TIPICO,False,False,False,energiai-v2-seed-42-size-5000
467.590000,True,9,OUTRO,15,MODERADO,60,TIPICO,False,False,False,energiai-v2-seed-42-size-5000
359.550000,False,13,COMERCIO,12,MODERADO,44,TIPICO,False,False,False,energiai-v2-seed-42-size-5000
973.010000,True,36,INDUSTRIA,13,INEFICIENTE,65,TIPICO,False,False,False,energiai-v2-seed-42-size-5000
409.560000,False,11,ESCRITORIO,14,MODERADO,48,TIPICO,False,False,False,energiai-v2-seed-42-size-5000
483.800000,True,19,CASA,12,INEFICIENTE,100,TIPICO,False,False,False,energiai-v2-seed-42-size-5000
183.810000,False,16,APARTAMENTO,1,EFICIENTE,23,TIPICO,False,False,False,energiai-v2-seed-42-size-5000
294.030000,True,12,APARTAMENTO,6,INEFICIENTE,61,TIPICO,False,False,False,energiai-v2-seed-42-size-5000
282.220000,True,4,CASA,7,MODERADO,32,TIPICO,False,False,False,energiai-v2-seed-42-size-5000
287.390000,True,9,APARTAMENTO,9,INEFICIENTE,64,TIPICO,False,False,False,energiai-v2-seed-42-size-5000
357.080000,True,9,CASA,10,MODERADO,58,TIPICO,False,False,False,energiai-v2-seed-42-size-5000
430.120000,True,21,CASA,8,INEFICIENTE,81,TIPICO,False,False,False,energiai-v2-seed-42-size-5000
248.100000,False,9,CASA,4,EFICIENTE,19,TIPICO,False,False,False,energiai-v2-seed-42-size-5000
284.360000,True,6,APARTAMENTO,10,INEFICIENTE,61,TIPICO,False,False,False,energiai-v2-seed-42-size-5000
506.680000,False,26,OUTRO,9,MODERADO,57,TIPICO,False,False,False,energiai-v2-seed-42-size-5000
454.720000,True,20,ESCRITORIO,9,MODERADO,56,TIPICO,False,False,False,energiai-v2-seed-42-size-5000
175.250000,False,6,APARTAMENTO,2,EFICIENTE,11,TIPICO,False,False,False,energiai-v2-seed-42-size-5000
356.100000,True,13,APARTAMENTO,11,INEFICIENTE,94,TIPICO,False,False,False,energiai-v2-seed-42-size-5000
334.940000,False,19,COMERCIO,5,EFICIENTE,30,FRONTEIRA,True,False,False,energiai-v2-seed-42-size-5000
315.690000,True,11,APARTAMENTO,9,INEFICIENTE,74,TIPICO,False,False,False,energiai-v2-seed-42-size-5000
502.660000,True,21,ESCRITORIO,13,INEFICIENTE,73,TIPICO,False,False,False,energiai-v2-seed-42-size-5000
219.830000,False,6,CASA,4,EFICIENTE,12,TIPICO,False,False,False,energiai-v2-seed-42-size-5000
674.950000,True,34,ESCRITORIO,13,INEFICIENTE,100,TIPICO,False,False,False,energiai-v2-seed-42-size-5000
273.670000,False,6,COMERCIO,5,EFICIENTE,9,TIPICO,False,False,False,energiai-v2-seed-42-size-5000
252.880000,False,5,ESCRITORIO,9,EFICIENTE,16,TIPICO,False,False,False,energiai-v2-seed-42-size-5000
318.210000,False,18,ESCRITORIO,6,EFICIENTE,25,TIPICO,False,False,False,energiai-v2-seed-42-size-5000
328.410000,True,6,CASA,11,MODERADO,51,TIPICO,False,False,False,energiai-v2-seed-42-size-5000
447.840000,True,25,COMERCIO,8,INEFICIENTE,69,TIPICO,False,False,False,energiai-v2-seed-42-size-5000
438.600000,True,22,CASA,8,INEFICIENTE,84,TIPICO,False,False,False,energiai-v2-seed-42-size-5000
193.710000,False,7,APARTAMENTO,4,EFICIENTE,20,TIPICO,False,False,False,energiai-v2-seed-42-size-5000
335.340000,False,13,CASA,7,MODERADO,43,TIPICO,False,False,False,energiai-v2-seed-42-size-5000
249.710000,True,12,APARTAMENTO,4,MODERADO,46,TIPICO,False,False,False,energiai-v2-seed-42-size-5000
190.770000,False,9,APARTAMENTO,3,EFICIENTE,20,TIPICO,False,False,False,energiai-v2-seed-42-size-5000
272.090000,True,12,APARTAMENTO,6,MODERADO,57,TIPICO,False,False,False,energiai-v2-seed-42-size-5000
324.390000,True,12,APARTAMENTO,11,INEFICIENTE,85,TIPICO,False,False,False,energiai-v2-seed-42-size-5000
346.200000,False,10,COMERCIO,9,MODERADO,31,TIPICO,False,False,False,energiai-v2-seed-42-size-5000
445.510000,True,17,COMERCIO,11,INEFICIENTE,69,TIPICO,False,False,False,energiai-v2-seed-42-size-5000
439.290000,True,15,CASA,10,INEFICIENTE,80,TIPICO,False,False,False,energiai-v2-seed-42-size-5000
431.030000,True,11,COMERCIO,13,INEFICIENTE,64,TIPICO,False,False,False,energiai-v2-seed-42-size-5000
327.950000,True,14,APARTAMENTO,9,INEFICIENTE,82,TIPICO,False,False,False,energiai-v2-seed-42-size-5000
311.830000,True,16,APARTAMENTO,6,INEFICIENTE,71,TIPICO,False,False,False,energiai-v2-seed-42-size-5000
261.790000,True,9,APARTAMENTO,7,MODERADO,53,TIPICO,False,False,False,energiai-v2-seed-42-size-5000
226.480000,False,7,CASA,1,EFICIENTE,7,TIPICO,False,False,False,energiai-v2-seed-42-size-5000
205.790000,False,4,CASA,4,EFICIENTE,8,TIPICO,False,False,False,energiai-v2-seed-42-size-5000
351.190000,True,16,APARTAMENTO,10,INEFICIENTE,95,TIPICO,False,False,False,energiai-v2-seed-42-size-5000
406.390000,True,16,COMERCIO,8,MODERADO,53,TIPICO,False,False,False,energiai-v2-seed-42-size-5000
331.240000,False,6,COMERCIO,15,MODERADO,35,RARO_EXTREMO,False,True,False,energiai-v2-seed-42-size-5000
381.820000,False,14,OUTRO,8,MODERADO,36,TIPICO,False,False,False,energiai-v2-seed-42-size-5000
962.770000,True,22,INDUSTRIA,18,INEFICIENTE,66,TIPICO,False,False,False,energiai-v2-seed-42-size-5000
358.620000,True,16,CASA,5,MODERADO,54,TIPICO,False,False,False,energiai-v2-seed-42-size-5000
306.180000,False,21,CASA,4,MODERADO,41,TIPICO,False,False,False,energiai-v2-seed-42-size-5000
255.370000,False,12,CASA,5,EFICIENTE,26,TIPICO,False,False,False,energiai-v2-seed-42-size-5000
523.270000,False,37,INDUSTRIA,4,EFICIENTE,20,TIPICO,False,False,False,energiai-v2-seed-42-size-5000
526.830000,True,23,COMERCIO,14,INEFICIENTE,100,TIPICO,False,False,False,energiai-v2-seed-42-size-5000
273.200000,False,16,CASA,3,EFICIENTE,28,TIPICO,False,False,False,energiai-v2-seed-42-size-5000
411.620000,True,14,CASA,9,INEFICIENTE,71,TIPICO,False,False,False,energiai-v2-seed-42-size-5000
229.260000,True,5,APARTAMENTO,6,MODERADO,37,TIPICO,False,False,False,energiai-v2-seed-42-size-5000
253.990000,True,10,APARTAMENTO,7,MODERADO,53,TIPICO,False,False,False,energiai-v2-seed-42-size-5000
326.240000,False,22,OUTRO,6,MODERADO,35,TIPICO,False,False,False,energiai-v2-seed-42-size-5000
256.230000,False,17,APARTAMENTO,4,MODERADO,46,TIPICO,False,False,False,energiai-v2-seed-42-size-5000
312.160000,True,4,CASA,10,MODERADO,43,TIPICO,False,False,False,energiai-v2-seed-42-size-5000
377.540000,True,16,APARTAMENTO,11,INEFICIENTE,100,TIPICO,False,False,False,energiai-v2-seed-42-size-5000
390.090000,True,19,COMERCIO,5,MODERADO,46,TIPICO,False,False,False,energiai-v2-seed-42-size-5000
452.620000,False,22,CASA,11,INEFICIENTE,88,TIPICO,False,False,False,energiai-v2-seed-42-size-5000
238.240000,True,13,APARTAMENTO,1,MODERADO,36,TIPICO,False,False,False,energiai-v2-seed-42-size-5000
310.820000,True,9,ESCRITORIO,3,EFICIENTE,20,TIPICO,False,False,False,energiai-v2-seed-42-size-5000
369.160000,True,15,CASA,6,MODERADO,57,TIPICO,False,False,False,energiai-v2-seed-42-size-5000
322.700000,True,14,APARTAMENTO,9,INEFICIENTE,81,TIPICO,False,False,False,energiai-v2-seed-42-size-5000
351.790000,True,11,COMERCIO,4,MODERADO,31,TIPICO,False,False,False,energiai-v2-seed-42-size-5000
331.790000,True,14,COMERCIO,2,EFICIENTE,26,TIPICO,False,False,False,energiai-v2-seed-42-size-5000
263.860000,True,5,APARTAMENTO,9,MODERADO,52,TIPICO,False,False,False,energiai-v2-seed-42-size-5000
311.620000,True,16,APARTAMENTO,6,INEFICIENTE,71,TIPICO,False,False,False,energiai-v2-seed-42-size-5000
502.780000,False,27,COMERCIO,13,INEFICIENTE,88,TIPICO,False,False,False,energiai-v2-seed-42-size-5000
338.750000,False,17,CASA,7,MODERADO,49,TIPICO,False,False,False,energiai-v2-seed-42-size-5000
292.420000,False,14,CASA,7,MODERADO,39,TIPICO,False,False,False,energiai-v2-seed-42-size-5000
307.360000,False,14,CASA,7,MODERADO,41,TIPICO,False,False,False,energiai-v2-seed-42-size-5000
277.600000,True,6,APARTAMENTO,10,MODERADO,60,FRONTEIRA,True,False,False,energiai-v2-seed-42-size-5000
335.290000,True,10,CASA,7,MODERADO,48,TIPICO,False,False,False,energiai-v2-seed-42-size-5000
654.630000,True,9,INDUSTRIA,11,MODERADO,31,FRONTEIRA,True,False,False,energiai-v2-seed-42-size-5000
646.390000,False,40,INDUSTRIA,6,EFICIENTE,30,FRONTEIRA,True,False,False,energiai-v2-seed-42-size-5000
344.010000,False,22,OUTRO,4,MODERADO,32,TIPICO,False,False,False,energiai-v2-seed-42-size-5000
915.170000,True,32,INDUSTRIA,22,INEFICIENTE,74,RARO_EXTREMO,False,True,False,energiai-v2-seed-42-size-5000
221.170000,True,5,APARTAMENTO,5,MODERADO,33,TIPICO,False,False,False,energiai-v2-seed-42-size-5000
269.470000,False,19,CASA,2,EFICIENTE,28,TIPICO,False,False,False,energiai-v2-seed-42-size-5000
219.320000,False,9,APARTAMENTO,4,EFICIENTE,27,TIPICO,False,False,False,energiai-v2-seed-42-size-5000
291.130000,True,17,APARTAMENTO,4,INEFICIENTE,61,TIPICO,False,False,False,energiai-v2-seed-42-size-5000
288.000000,False,15,COMERCIO,2,EFICIENTE,13,TIPICO,False,False,False,energiai-v2-seed-42-size-5000
221.860000,False,12,APARTAMENTO,4,MODERADO,32,TIPICO,False,False,False,energiai-v2-seed-42-size-5000
326.330000,False,13,COMERCIO,7,EFICIENTE,27,TIPICO,False,False,False,energiai-v2-seed-42-size-5000
458.270000,False,32,ESCRITORIO,9,MODERADO,57,TIPICO,False,False,False,energiai-v2-seed-42-size-5000
433.330000,True,16,COMERCIO,10,INEFICIENTE,63,TIPICO,False,False,False,energiai-v2-seed-42-size-5000
250.570000,True,7,APARTAMENTO,7,MODERADO,47,TIPICO,False,False,False,energiai-v2-seed-42-size-5000
376.190000,True,18,APARTAMENTO,10,INEFICIENTE,100,TIPICO,False,False,False,energiai-v2-seed-42-size-5000
359.080000,True,17,CASA,5,MODERADO,55,TIPICO,False,False,False,energiai-v2-seed-42-size-5000
478.280000,True,18,COMERCIO,14,INEFICIENTE,84,TIPICO,False,False,False,energiai-v2-seed-42-size-5000
186.370000,False,5,CASA,1,EFICIENTE,1,TIPICO,False,False,False,energiai-v2-seed-42-size-5000
428.420000,True,12,CASA,11,INEFICIENTE,77,TIPICO,False,False,False,energiai-v2-seed-42-size-5000
229.600000,False,9,CASA,4,EFICIENTE,17,TIPICO,False,False,False,energiai-v2-seed-42-size-5000
859.360000,True,43,INDUSTRIA,2,MODERADO,44,RARO_EXTREMO,False,True,False,energiai-v2-seed-42-size-5000
335.030000,True,12,ESCRITORIO,8,MODERADO,36,TIPICO,False,False,False,energiai-v2-seed-42-size-5000
226.060000,False,12,CASA,2,EFICIENTE,15,TIPICO,False,False,False,energiai-v2-seed-42-size-5000
269.440000,False,34,CASA,1,EFICIENTE,29,RARO_EXTREMO,False,True,True,energiai-v2-seed-42-size-5000
299.100000,False,13,ESCRITORIO,9,EFICIENTE,27,TIPICO,False,False,False,energiai-v2-seed-42-size-5000
331.600000,True,13,CASA,4,MODERADO,43,TIPICO,False,False,False,energiai-v2-seed-42-size-5000
321.120000,False,9,ESCRITORIO,9,EFICIENTE,25,TIPICO,False,False,False,energiai-v2-seed-42-size-5000
296.580000,False,15,OUTRO,5,EFICIENTE,25,TIPICO,False,False,False,energiai-v2-seed-42-size-5000
255.280000,False,18,APARTAMENTO,4,MODERADO,47,TIPICO,False,False,False,energiai-v2-seed-42-size-5000
309.590000,True,9,CASA,5,MODERADO,38,TIPICO,False,False,False,energiai-v2-seed-42-size-5000
278.560000,False,11,CASA,7,MODERADO,33,TIPICO,False,False,False,energiai-v2-seed-42-size-5000
547.550000,True,17,ESCRITORIO,14,INEFICIENTE,77,TIPICO,False,False,False,energiai-v2-seed-42-size-5000
160.120000,False,6,APARTAMENTO,1,EFICIENTE,6,TIPICO,False,False,False,energiai-v2-seed-42-size-5000
307.620000,True,7,OUTRO,2,EFICIENTE,23,TIPICO,False,False,False,energiai-v2-seed-42-size-5000
294.600000,True,9,CASA,4,MODERADO,34,TIPICO,False,False,False,energiai-v2-seed-42-size-5000
355.180000,False,15,CASA,9,MODERADO,55,TIPICO,False,False,False,energiai-v2-seed-42-size-5000
244.280000,False,6,CASA,6,EFICIENTE,19,TIPICO,False,False,False,energiai-v2-seed-42-size-5000
263.800000,False,8,COMERCIO,3,EFICIENTE,6,TIPICO,False,False,False,energiai-v2-seed-42-size-5000
300.440000,False,13,COMERCIO,7,EFICIENTE,24,TIPICO,False,False,False,energiai-v2-seed-42-size-5000
252.660000,True,13,APARTAMENTO,3,MODERADO,45,TIPICO,False,False,False,energiai-v2-seed-42-size-5000
520.210000,True,18,OUTRO,9,MODERADO,60,FRONTEIRA,True,False,False,energiai-v2-seed-42-size-5000
352.400000,True,9,CASA,10,MODERADO,57,TIPICO,False,False,False,energiai-v2-seed-42-size-5000
287.430000,True,7,CASA,3,EFICIENTE,28,TIPICO,False,False,False,energiai-v2-seed-42-size-5000
331.630000,True,10,CASA,7,MODERADO,48,TIPICO,False,False,False,energiai-v2-seed-42-size-5000
372.500000,False,24,COMERCIO,6,MODERADO,42,TIPICO,False,False,False,energiai-v2-seed-42-size-5000
186.450000,False,14,APARTAMENTO,1,EFICIENTE,21,TIPICO,False,False,False,energiai-v2-seed-42-size-5000
228.650000,False,6,CASA,5,EFICIENTE,15,TIPICO,False,False,False,energiai-v2-seed-42-size-5000
625.910000,True,21,OUTRO,13,INEFICIENTE,80,TIPICO,False,False,False,energiai-v2-seed-42-size-5000
464.470000,True,27,COMERCIO,9,INEFICIENTE,77,TIPICO,False,False,False,energiai-v2-seed-42-size-5000
436.860000,True,18,CASA,9,INEFICIENTE,81,TIPICO,False,False,False,energiai-v2-seed-42-size-5000
542.180000,True,23,ESCRITORIO,12,INEFICIENTE,76,TIPICO,False,False,False,energiai-v2-seed-42-size-5000
259.380000,False,20,CASA,1,EFICIENTE,26,TIPICO,False,False,False,energiai-v2-seed-42-size-5000
366.410000,True,10,CASA,9,MODERADO,58,TIPICO,False,False,False,energiai-v2-seed-42-size-5000
273.010000,True,15,CASA,1,EFICIENTE,30,FRONTEIRA,True,False,False,energiai-v2-seed-42-size-5000
345.680000,True,14,APARTAMENTO,10,INEFICIENTE,90,TIPICO,False,False,False,energiai-v2-seed-42-size-5000
337.550000,True,4,CASA,11,MODERADO,50,TIPICO,False,False,False,energiai-v2-seed-42-size-5000
379.270000,True,17,APARTAMENTO,10,INEFICIENTE,100,TIPICO,False,False,False,energiai-v2-seed-42-size-5000
787.950000,False,41,INDUSTRIA,10,MODERADO,44,TIPICO,False,False,False,energiai-v2-seed-42-size-5000
463.740000,True,22,CASA,9,INEFICIENTE,91,TIPICO,False,False,False,energiai-v2-seed-42-size-5000
297.440000,True,5,CASA,7,MODERADO,36,TIPICO,False,False,False,energiai-v2-seed-42-size-5000
392.980000,True,8,ESCRITORIO,13,MODERADO,50,TIPICO,False,False,False,energiai-v2-seed-42-size-5000
201.710000,True,9,APARTAMENTO,2,EFICIENTE,28,TIPICO,False,False,False,energiai-v2-seed-42-size-5000
214.900000,False,9,APARTAMENTO,5,EFICIENTE,29,TIPICO,False,False,False,energiai-v2-seed-42-size-5000
518.300000,True,24,COMERCIO,14,INEFICIENTE,99,TIPICO,False,False,False,energiai-v2-seed-42-size-5000
310.740000,False,13,ESCRITORIO,7,EFICIENTE,23,TIPICO,False,False,False,energiai-v2-seed-42-size-5000
457.940000,True,19,COMERCIO,11,INEFICIENTE,73,TIPICO,False,False,False,energiai-v2-seed-42-size-5000
205.910000,True,5,APARTAMENTO,4,EFICIENTE,28,TIPICO,False,False,False,energiai-v2-seed-42-size-5000
384.610000,True,11,COMERCIO,8,MODERADO,45,TIPICO,False,False,False,energiai-v2-seed-42-size-5000
255.520000,False,11,CASA,4,EFICIENTE,22,TIPICO,False,False,False,energiai-v2-seed-42-size-5000
457.120000,False,19,COMERCIO,14,INEFICIENTE,73,TIPICO,False,False,False,energiai-v2-seed-42-size-5000
335.370000,False,14,COMERCIO,6,EFICIENTE,27,TIPICO,False,False,False,energiai-v2-seed-42-size-5000
236.620000,False,14,APARTAMENTO,5,MODERADO,41,TIPICO,False,False,False,energiai-v2-seed-42-size-5000
79.890000,False,13,CASA,7,EFICIENTE,23,RARO_EXTREMO,False,True,True,energiai-v2-seed-42-size-5000
368.990000,True,21,CASA,3,MODERADO,55,TIPICO,False,False,False,energiai-v2-seed-42-size-5000
416.620000,True,12,CASA,12,INEFICIENTE,78,TIPICO,False,False,False,energiai-v2-seed-42-size-5000
217.800000,False,13,APARTAMENTO,4,MODERADO,33,TIPICO,False,False,False,energiai-v2-seed-42-size-5000
290.260000,False,12,CASA,5,EFICIENTE,30,TIPICO,False,False,False,energiai-v2-seed-42-size-5000
177.920000,False,5,APARTAMENTO,4,EFICIENTE,14,TIPICO,False,False,False,energiai-v2-seed-42-size-5000
468.920000,True,26,ESCRITORIO,8,MODERADO,59,TIPICO,False,False,False,energiai-v2-seed-42-size-5000
235.300000,False,8,CASA,3,EFICIENTE,14,TIPICO,False,False,False,energiai-v2-seed-42-size-5000
506.880000,False,32,INDUSTRIA,5,EFICIENTE,19,TIPICO,False,False,False,energiai-v2-seed-42-size-5000
452.630000,True,13,OUTRO,12,MODERADO,57,TIPICO,False,False,False,energiai-v2-seed-42-size-5000
386.130000,True,8,CASA,11,INEFICIENTE,64,TIPICO,False,False,False,energiai-v2-seed-42-size-5000
299.060000,False,17,APARTAMENTO,7,INEFICIENTE,65,TIPICO,False,False,False,energiai-v2-seed-42-size-5000
198.050000,False,9,APARTAMENTO,4,EFICIENTE,24,TIPICO,False,False,False,energiai-v2-seed-42-size-5000
202.630000,False,5,APARTAMENTO,8,EFICIENTE,28,TIPICO,False,False,False,energiai-v2-seed-42-size-5000
196.990000,False,5,CASA,2,EFICIENTE,4,TIPICO,False,False,False,energiai-v2-seed-42-size-5000
475.410000,True,24,COMERCIO,12,INEFICIENTE,85,TIPICO,False,False,False,energiai-v2-seed-42-size-5000
576.130000,False,18,CASA,3,INEFICIENTE,63,RARO_EXTREMO,False,True,True,energiai-v2-seed-42-size-5000
1057.000000,True,27,INDUSTRIA,19,INEFICIENTE,76,TIPICO,False,False,False,energiai-v2-seed-42-size-5000
222.100000,False,7,APARTAMENTO,8,MODERADO,36,TIPICO,False,False,False,energiai-v2-seed-42-size-5000
254.150000,False,4,CASA,7,EFICIENTE,20,TIPICO,False,False,False,energiai-v2-seed-42-size-5000
576.130000,True,14,CASA,5,INEFICIENTE,74,RARO_EXTREMO,False,True,True,energiai-v2-seed-42-size-5000
382.560000,False,15,COMERCIO,9,MODERADO,42,TIPICO,False,False,False,energiai-v2-seed-42-size-5000
160.600000,False,7,APARTAMENTO,1,EFICIENTE,7,TIPICO,False,False,False,energiai-v2-seed-42-size-5000
165.040000,False,9,APARTAMENTO,2,EFICIENTE,13,TIPICO,False,False,False,energiai-v2-seed-42-size-5000
923.340000,True,50,INDUSTRIA,9,INEFICIENTE,62,TIPICO,False,False,False,energiai-v2-seed-42-size-5000
247.400000,False,8,CASA,4,EFICIENTE,17,TIPICO,False,False,False,energiai-v2-seed-42-size-5000
337.250000,False,22,CASA,4,MODERADO,46,TIPICO,False,False,False,energiai-v2-seed-42-size-5000
257.430000,False,9,APARTAMENTO,9,MODERADO,49,TIPICO,False,False,False,energiai-v2-seed-42-size-5000
364.130000,False,10,ESCRITORIO,13,MODERADO,40,TIPICO,False,False,False,energiai-v2-seed-42-size-5000
354.320000,True,22,CASA,3,MODERADO,54,TIPICO,False,False,False,energiai-v2-seed-42-size-5000
272.910000,True,12,CASA,3,MODERADO,32,TIPICO,False,False,False,energiai-v2-seed-42-size-5000
251.890000,False,4,CASA,8,EFICIENTE,21,TIPICO,False,False,False,energiai-v2-seed-42-size-5000
269.350000,False,6,CASA,10,MODERADO,31,FRONTEIRA,True,False,False,energiai-v2-seed-42-size-5000
269.840000,True,7,APARTAMENTO,10,MODERADO,60,FRONTEIRA,True,False,False,energiai-v2-seed-42-size-5000
243.290000,False,15,APARTAMENTO,5,MODERADO,44,TIPICO,False,False,False,energiai-v2-seed-42-size-5000
532.580000,False,29,ESCRITORIO,12,INEFICIENTE,72,TIPICO,False,False,False,energiai-v2-seed-42-size-5000
376.940000,True,15,APARTAMENTO,11,INEFICIENTE,100,TIPICO,False,False,False,energiai-v2-seed-42-size-5000
333.580000,True,17,CASA,3,MODERADO,46,TIPICO,False,False,False,energiai-v2-seed-42-size-5000
144.030000,False,5,COMERCIO,12,EFICIENTE,16,RARO_EXTREMO,False,True,True,energiai-v2-seed-42-size-5000
345.280000,True,8,ESCRITORIO,9,MODERADO,36,TIPICO,False,False,False,energiai-v2-seed-42-size-5000
320.000000,False,21,COMERCIO,3,EFICIENTE,25,TIPICO,False,False,False,energiai-v2-seed-42-size-5000
180.730000,False,11,APARTAMENTO,3,EFICIENTE,21,TIPICO,False,False,False,energiai-v2-seed-42-size-5000
304.780000,True,12,APARTAMENTO,9,INEFICIENTE,74,TIPICO,False,False,False,energiai-v2-seed-42-size-5000
71.330000,False,13,APARTAMENTO,2,EFICIENTE,15,RARO_EXTREMO,False,True,True,energiai-v2-seed-42-size-5000
219.820000,False,15,APARTAMENTO,3,MODERADO,33,TIPICO,False,False,False,energiai-v2-seed-42-size-5000
527.100000,False,25,INDUSTRIA,10,EFICIENTE,25,TIPICO,False,False,False,energiai-v2-seed-42-size-5000
159.660000,False,4,APARTAMENTO,4,EFICIENTE,10,TIPICO,False,False,False,energiai-v2-seed-42-size-5000
227.300000,False,5,CASA,4,EFICIENTE,11,TIPICO,False,False,False,energiai-v2-seed-42-size-5000
259.150000,False,14,CASA,1,EFICIENTE,19,TIPICO,False,False,False,energiai-v2-seed-42-size-5000
305.830000,True,8,APARTAMENTO,9,INEFICIENTE,66,TIPICO,False,False,False,energiai-v2-seed-42-size-5000
252.390000,True,6,CASA,5,EFICIENTE,27,TIPICO,False,False,False,energiai-v2-seed-42-size-5000
145.230000,False,4,APARTAMENTO,1,EFICIENTE,1,TIPICO,False,False,False,energiai-v2-seed-42-size-5000
267.890000,False,23,ESCRITORIO,4,EFICIENTE,20,TIPICO,False,False,False,energiai-v2-seed-42-size-5000
293.040000,True,8,APARTAMENTO,10,INEFICIENTE,67,TIPICO,False,False,False,energiai-v2-seed-42-size-5000
355.140000,True,9,CASA,11,MODERADO,60,TIPICO,False,False,False,energiai-v2-seed-42-size-5000
931.790000,True,31,INDUSTRIA,15,INEFICIENTE,64,TIPICO,False,False,False,energiai-v2-seed-42-size-5000
441.240000,True,15,CASA,10,INEFICIENTE,81,TIPICO,False,False,False,energiai-v2-seed-42-size-5000
315.860000,False,23,ESCRITORIO,6,EFICIENTE,29,TIPICO,False,False,False,energiai-v2-seed-42-size-5000
459.370000,True,14,OUTRO,9,MODERADO,52,TIPICO,False,False,False,energiai-v2-seed-42-size-5000
283.590000,False,13,APARTAMENTO,7,MODERADO,55,TIPICO,False,False,False,energiai-v2-seed-42-size-5000
182.860000,False,8,APARTAMENTO,2,EFICIENTE,14,TIPICO,False,False,False,energiai-v2-seed-42-size-5000
342.820000,False,12,CASA,8,MODERADO,46,TIPICO,False,False,False,energiai-v2-seed-42-size-5000
414.130000,True,17,CASA,9,INEFICIENTE,76,TIPICO,False,False,False,energiai-v2-seed-42-size-5000
293.540000,True,12,APARTAMENTO,7,INEFICIENTE,64,TIPICO,False,False,False,energiai-v2-seed-42-size-5000
310.850000,False,14,COMERCIO,5,EFICIENTE,22,TIPICO,False,False,False,energiai-v2-seed-42-size-5000
262.960000,False,4,CASA,10,EFICIENTE,27,TIPICO,False,False,False,energiai-v2-seed-42-size-5000
215.770000,False,6,APARTAMENTO,7,EFICIENTE,30,FRONTEIRA,True,False,False,energiai-v2-seed-42-size-5000
466.060000,True,26,COMERCIO,8,INEFICIENTE,73,TIPICO,False,False,False,energiai-v2-seed-42-size-5000
144.030000,False,20,COMERCIO,9,EFICIENTE,28,RARO_EXTREMO,False,True,True,energiai-v2-seed-42-size-5000
300.640000,False,21,CASA,2,MODERADO,34,TIPICO,False,False,False,energiai-v2-seed-42-size-5000
285.790000,False,8,CASA,11,MODERADO,39,TIPICO,False,False,False,energiai-v2-seed-42-size-5000
145.280000,False,4,APARTAMENTO,3,EFICIENTE,5,TIPICO,False,False,False,energiai-v2-seed-42-size-5000
244.730000,True,14,APARTAMENTO,2,MODERADO,42,TIPICO,False,False,False,energiai-v2-seed-42-size-5000
345.860000,True,17,APARTAMENTO,8,INEFICIENTE,88,TIPICO,False,False,False,energiai-v2-seed-42-size-5000
264.080000,False,5,ESCRITORIO,8,EFICIENTE,15,TIPICO,False,False,False,energiai-v2-seed-42-size-5000
346.340000,True,17,APARTAMENTO,8,INEFICIENTE,88,TIPICO,False,False,False,energiai-v2-seed-42-size-5000
211.360000,False,3,APARTAMENTO,11,MODERADO,34,TIPICO,False,False,False,energiai-v2-seed-42-size-5000
151.310000,False,5,APARTAMENTO,2,EFICIENTE,6,TIPICO,False,False,False,energiai-v2-seed-42-size-5000
411.490000,True,18,ESCRITORIO,7,MODERADO,45,TIPICO,False,False,False,energiai-v2-seed-42-size-5000
322.970000,True,12,APARTAMENTO,11,INEFICIENTE,85,TIPICO,False,False,False,energiai-v2-seed-42-size-5000
374.760000,True,16,COMERCIO,6,MODERADO,44,TIPICO,False,False,False,energiai-v2-seed-42-size-5000
288.160000,False,7,COMERCIO,7,EFICIENTE,16,TIPICO,False,False,False,energiai-v2-seed-42-size-5000
367.890000,False,16,CASA,9,MODERADO,58,TIPICO,False,False,False,energiai-v2-seed-42-size-5000
375.920000,True,17,CASA,5,MODERADO,57,TIPICO,False,False,False,energiai-v2-seed-42-size-5000
192.100000,True,3,APARTAMENTO,2,EFICIENTE,18,TIPICO,False,False,False,energiai-v2-seed-42-size-5000
190.660000,False,11,APARTAMENTO,1,EFICIENTE,17,TIPICO,False,False,False,energiai-v2-seed-42-size-5000
453.350000,True,14,CASA,12,INEFICIENTE,88,TIPICO,False,False,False,energiai-v2-seed-42-size-5000
388.090000,False,17,COMERCIO,11,MODERADO,50,TIPICO,False,False,False,energiai-v2-seed-42-size-5000
488.110000,True,22,CASA,10,INEFICIENTE,99,TIPICO,False,False,False,energiai-v2-seed-42-size-5000
285.650000,False,11,COMERCIO,8,EFICIENTE,22,TIPICO,False,False,False,energiai-v2-seed-42-size-5000
199.520000,True,3,APARTAMENTO,4,EFICIENTE,24,TIPICO,False,False,False,energiai-v2-seed-42-size-5000
1258.340000,True,43,INDUSTRIA,17,INEFICIENTE,92,TIPICO,False,False,False,energiai-v2-seed-42-size-5000
326.480000,True,14,ESCRITORIO,4,EFICIENTE,27,TIPICO,False,False,False,energiai-v2-seed-42-size-5000
303.360000,True,16,APARTAMENTO,5,INEFICIENTE,66,TIPICO,False,False,False,energiai-v2-seed-42-size-5000
378.850000,True,21,ESCRITORIO,6,MODERADO,41,TIPICO,False,False,False,energiai-v2-seed-42-size-5000
322.370000,False,19,COMERCIO,3,EFICIENTE,23,TIPICO,False,False,False,energiai-v2-seed-42-size-5000
190.670000,True,3,APARTAMENTO,4,EFICIENTE,22,TIPICO,False,False,False,energiai-v2-seed-42-size-5000
304.460000,True,13,APARTAMENTO,9,INEFICIENTE,75,TIPICO,False,False,False,energiai-v2-seed-42-size-5000
274.150000,True,10,APARTAMENTO,7,MODERADO,57,TIPICO,False,False,False,energiai-v2-seed-42-size-5000
714.310000,False,19,INDUSTRIA,18,MODERADO,43,TIPICO,False,False,False,energiai-v2-seed-42-size-5000
288.550000,False,9,ESCRITORIO,8,EFICIENTE,20,TIPICO,False,False,False,energiai-v2-seed-42-size-5000
244.720000,False,11,APARTAMENTO,7,MODERADO,44,TIPICO,False,False,False,energiai-v2-seed-42-size-5000
381.760000,True,19,CASA,4,MODERADO,58,TIPICO,False,False,False,energiai-v2-seed-42-size-5000
317.880000,True,15,APARTAMENTO,6,INEFICIENTE,71,TIPICO,False,False,False,energiai-v2-seed-42-size-5000
267.070000,False,9,APARTAMENTO,10,MODERADO,54,TIPICO,False,False,False,energiai-v2-seed-42-size-5000
390.320000,True,17,CASA,6,INEFICIENTE,63,TIPICO,False,False,False,energiai-v2-seed-42-size-5000
221.080000,False,12,ESCRITORIO,3,EFICIENTE,7,TIPICO,False,False,False,energiai-v2-seed-42-size-5000
264.350000,True,8,APARTAMENTO,9,MODERADO,58,TIPICO,False,False,False,energiai-v2-seed-42-size-5000
257.500000,True,8,APARTAMENTO,8,MODERADO,53,TIPICO,False,False,False,energiai-v2-seed-42-size-5000
215.610000,False,9,CASA,2,EFICIENTE,11,TIPICO,False,False,False,energiai-v2-seed-42-size-5000
305.980000,False,18,COMERCIO,2,EFICIENTE,18,TIPICO,False,False,False,energiai-v2-seed-42-size-5000
381.340000,True,21,ESCRITORIO,7,MODERADO,44,TIPICO,False,False,False,energiai-v2-seed-42-size-5000
198.380000,False,9,APARTAMENTO,4,EFICIENTE,24,TIPICO,False,False,False,energiai-v2-seed-42-size-5000
323.430000,False,12,COMERCIO,7,EFICIENTE,26,TIPICO,False,False,False,energiai-v2-seed-42-size-5000
182.570000,False,6,OUTRO,2,EFICIENTE,7,TIPICO,False,False,False,energiai-v2-seed-42-size-5000
278.090000,False,13,CASA,6,MODERADO,33,TIPICO,False,False,False,energiai-v2-seed-42-size-5000
155.930000,False,7,APARTAMENTO,1,EFICIENTE,7,TIPICO,False,False,False,energiai-v2-seed-42-size-5000
192.630000,False,17,APARTAMENTO,1,EFICIENTE,26,TIPICO,False,False,False,energiai-v2-seed-42-size-5000
499.400000,True,21,COMERCIO,12,INEFICIENTE,86,TIPICO,False,False,False,energiai-v2-seed-42-size-5000
333.630000,True,13,APARTAMENTO,10,INEFICIENTE,85,TIPICO,False,False,False,energiai-v2-seed-42-size-5000
304.800000,True,17,CASA,2,MODERADO,39,TIPICO,False,False,False,energiai-v2-seed-42-size-5000
339.270000,True,17,APARTAMENTO,8,INEFICIENTE,86,TIPICO,False,False,False,energiai-v2-seed-42-size-5000
274.680000,False,8,CASA,7,EFICIENTE,28,TIPICO,False,False,False,energiai-v2-seed-42-size-5000
159.340000,False,6,APARTAMENTO,1,EFICIENTE,6,TIPICO,False,False,False,energiai-v2-seed-42-size-5000
202.730000,True,4,APARTAMENTO,4,EFICIENTE,26,TIPICO,False,False,False,energiai-v2-seed-42-size-5000
201.520000,False,5,CASA,3,EFICIENTE,6,TIPICO,False,False,False,energiai-v2-seed-42-size-5000
999.140000,True,21,INDUSTRIA,16,INEFICIENTE,63,TIPICO,False,False,False,energiai-v2-seed-42-size-5000
646.230000,True,30,ESCRITORIO,14,INEFICIENTE,100,TIPICO,False,False,False,energiai-v2-seed-42-size-5000
541.350000,True,21,OUTRO,0,MODERADO,46,RARO_EXTREMO,False,True,False,energiai-v2-seed-42-size-5000
384.620000,True,8,COMERCIO,12,MODERADO,51,TIPICO,False,False,False,energiai-v2-seed-42-size-5000
340.210000,True,14,CASA,7,MODERADO,54,TIPICO,False,False,False,energiai-v2-seed-42-size-5000
469.500000,True,29,ESCRITORIO,6,MODERADO,55,TIPICO,False,False,False,energiai-v2-seed-42-size-5000
248.830000,False,11,ESCRITORIO,6,EFICIENTE,14,TIPICO,False,False,False,energiai-v2-seed-42-size-5000
344.720000,True,18,APARTAMENTO,7,INEFICIENTE,85,TIPICO,False,False,False,energiai-v2-seed-42-size-5000
402.540000,True,12,CASA,20,INEFICIENTE,76,RARO_EXTREMO,False,True,True,energiai-v2-seed-42-size-5000
285.690000,True,4,CASA,8,MODERADO,35,TIPICO,False,False,False,energiai-v2-seed-42-size-5000
1055.200000,True,28,INDUSTRIA,20,INEFICIENTE,78,TIPICO,False,False,False,energiai-v2-seed-42-size-5000
292.920000,False,24,ESCRITORIO,5,EFICIENTE,25,TIPICO,False,False,False,energiai-v2-seed-42-size-5000
430.080000,True,19,CASA,7,INEFICIENTE,75,TIPICO,False,False,False,energiai-v2-seed-42-size-5000
385.840000,True,15,COMERCIO,9,MODERADO,52,TIPICO,False,False,False,energiai-v2-seed-42-size-5000
251.270000,True,7,APARTAMENTO,6,MODERADO,45,TIPICO,False,False,False,energiai-v2-seed-42-size-5000
184.930000,False,10,APARTAMENTO,2,EFICIENTE,18,TIPICO,False,False,False,energiai-v2-seed-42-size-5000
217.390000,False,18,APARTAMENTO,2,MODERADO,34,TIPICO,False,False,False,energiai-v2-seed-42-size-5000
406.780000,False,27,COMERCIO,7,MODERADO,53,TIPICO,False,False,False,energiai-v2-seed-42-size-5000
367.280000,True,17,CASA,5,MODERADO,56,TIPICO,False,False,False,energiai-v2-seed-42-size-5000
296.770000,False,15,APARTAMENTO,9,INEFICIENTE,68,TIPICO,False,False,False,energiai-v2-seed-42-size-5000
265.390000,True,15,APARTAMENTO,2,MODERADO,47,TIPICO,False,False,False,energiai-v2-seed-42-size-5000
195.860000,False,4,CASA,1,EFICIENTE,1,TIPICO,False,False,False,energiai-v2-seed-42-size-5000
343.300000,False,13,COMERCIO,7,EFICIENTE,30,TIPICO,False,False,False,energiai-v2-seed-42-size-5000
233.040000,True,13,APARTAMENTO,2,MODERADO,38,TIPICO,False,False,False,energiai-v2-seed-42-size-5000
505.110000,True,23,COMERCIO,12,INEFICIENTE,89,TIPICO,False,False,False,energiai-v2-seed-42-size-5000
418.720000,True,20,CASA,7,INEFICIENTE,74,TIPICO,False,False,False,energiai-v2-seed-42-size-5000
387.220000,True,21,COMERCIO,6,MODERADO,50,TIPICO,False,False,False,energiai-v2-seed-42-size-5000
264.510000,False,17,APARTAMENTO,5,MODERADO,51,TIPICO,False,False,False,energiai-v2-seed-42-size-5000
325.050000,True,18,CASA,1,MODERADO,40,TIPICO,False,False,False,energiai-v2-seed-42-size-5000
491.240000,True,7,OUTRO,13,MODERADO,56,TIPICO,False,False,False,energiai-v2-seed-42-size-5000
1005.180000,True,40,INDUSTRIA,12,INEFICIENTE,66,TIPICO,False,False,False,energiai-v2-seed-42-size-5000
267.620000,True,6,APARTAMENTO,10,MODERADO,58,TIPICO,False,False,False,energiai-v2-seed-42-size-5000
475.720000,True,17,CASA,12,INEFICIENTE,96,TIPICO,False,False,False,energiai-v2-seed-42-size-5000
328.760000,True,12,COMERCIO,4,EFICIENTE,29,TIPICO,False,False,False,energiai-v2-seed-42-size-5000
343.120000,True,15,APARTAMENTO,10,INEFICIENTE,91,TIPICO,False,False,False,energiai-v2-seed-42-size-5000
460.630000,True,18,CASA,10,INEFICIENTE,88,TIPICO,False,False,False,energiai-v2-seed-42-size-5000
363.920000,True,11,COMERCIO,8,MODERADO,42,TIPICO,False,False,False,energiai-v2-seed-42-size-5000
257.780000,False,9,CASA,7,EFICIENTE,27,TIPICO,False,False,False,energiai-v2-seed-42-size-5000
509.730000,True,28,COMERCIO,11,INEFICIENTE,93,TIPICO,False,False,False,energiai-v2-seed-42-size-5000
398.530000,False,21,COMERCIO,8,MODERADO,49,TIPICO,False,False,False,energiai-v2-seed-42-size-5000
520.000000,True,21,CASA,12,INEFICIENTE,100,TIPICO,False,False,False,energiai-v2-seed-42-size-5000
277.280000,False,24,ESCRITORIO,4,EFICIENTE,21,TIPICO,False,False,False,energiai-v2-seed-42-size-5000
472.990000,True,28,COMERCIO,8,INEFICIENTE,77,TIPICO,False,False,False,energiai-v2-seed-42-size-5000
451.750000,False,16,INDUSTRIA,11,EFICIENTE,18,TIPICO,False,False,False,energiai-v2-seed-42-size-5000
411.230000,True,10,COMERCIO,12,MODERADO,57,TIPICO,False,False,False,energiai-v2-seed-42-size-5000
228.220000,False,2,APARTAMENTO,4,EFICIENTE,19,RARO_EXTREMO,False,True,False,energiai-v2-seed-42-size-5000
300.860000,False,23,ESCRITORIO,3,EFICIENTE,20,TIPICO,False,False,False,energiai-v2-seed-42-size-5000
687.410000,False,22,INDUSTRIA,13,MODERADO,35,TIPICO,False,False,False,energiai-v2-seed-42-size-5000
403.570000,True,15,CASA,8,INEFICIENTE,68,TIPICO,False,False,False,energiai-v2-seed-42-size-5000
467.510000,True,21,CASA,9,INEFICIENTE,90,TIPICO,False,False,False,energiai-v2-seed-42-size-5000
177.200000,False,9,APARTAMENTO,1,EFICIENTE,12,TIPICO,False,False,False,energiai-v2-seed-42-size-5000
487.280000,True,21,CASA,11,INEFICIENTE,100,TIPICO,False,False,False,energiai-v2-seed-42-size-5000
590.480000,False,33,ESCRITORIO,14,INEFICIENTE,89,TIPICO,False,False,False,energiai-v2-seed-42-size-5000
429.260000,False,23,ESCRITORIO,10,MODERADO,50,TIPICO,False,False,False,energiai-v2-seed-42-size-5000
180.000000,False,5,CASA,2,EFICIENTE,2,TIPICO,False,False,False,energiai-v2-seed-42-size-5000
263.910000,True,5,APARTAMENTO,9,MODERADO,52,TIPICO,False,False,False,energiai-v2-seed-42-size-5000
259.140000,True,7,CASA,2,EFICIENTE,22,TIPICO,False,False,False,energiai-v2-seed-42-size-5000
372.440000,True,13,CASA,8,INEFICIENTE,61,FRONTEIRA,True,False,False,energiai-v2-seed-42-size-5000
214.340000,False,11,APARTAMENTO,6,MODERADO,35,TIPICO,False,False,False,energiai-v2-seed-42-size-5000
254.430000,True,4,APARTAMENTO,11,MODERADO,54,TIPICO,False,False,False,energiai-v2-seed-42-size-5000
952.310000,True,27,INDUSTRIA,15,INEFICIENTE,62,TIPICO,False,False,False,energiai-v2-seed-42-size-5000
745.920000,True,17,INDUSTRIA,11,MODERADO,40,TIPICO,False,False,False,energiai-v2-seed-42-size-5000
258.960000,True,14,APARTAMENTO,2,MODERADO,44,TIPICO,False,False,False,energiai-v2-seed-42-size-5000
543.850000,True,26,COMERCIO,14,INEFICIENTE,100,TIPICO,False,False,False,energiai-v2-seed-42-size-5000
1080.190000,True,38,INDUSTRIA,17,INEFICIENTE,80,TIPICO,False,False,False,energiai-v2-seed-42-size-5000
212.750000,False,13,APARTAMENTO,3,EFICIENTE,29,TIPICO,False,False,False,energiai-v2-seed-42-size-5000
230.030000,False,14,APARTAMENTO,4,MODERADO,37,TIPICO,False,False,False,energiai-v2-seed-42-size-5000
344.340000,False,27,ESCRITORIO,6,MODERADO,34,TIPICO,False,False,False,energiai-v2-seed-42-size-5000
238.760000,True,3,APARTAMENTO,11,MODERADO,48,TIPICO,False,False,False,energiai-v2-seed-42-size-5000
307.680000,True,11,APARTAMENTO,10,INEFICIENTE,76,TIPICO,False,False,False,energiai-v2-seed-42-size-5000
667.810000,True,33,ESCRITORIO,13,INEFICIENTE,100,TIPICO,False,False,False,energiai-v2-seed-42-size-5000
400.120000,False,22,COMERCIO,9,MODERADO,53,TIPICO,False,False,False,energiai-v2-seed-42-size-5000
455.270000,True,25,COMERCIO,8,INEFICIENTE,71,TIPICO,False,False,False,energiai-v2-seed-42-size-5000
318.400000,True,17,APARTAMENTO,6,INEFICIENTE,74,TIPICO,False,False,False,energiai-v2-seed-42-size-5000
247.400000,False,6,CASA,6,EFICIENTE,19,TIPICO,False,False,False,energiai-v2-seed-42-size-5000
246.420000,True,3,APARTAMENTO,10,MODERADO,47,TIPICO,False,False,False,energiai-v2-seed-42-size-5000
373.330000,False,21,COMERCIO,8,MODERADO,45,TIPICO,False,False,False,energiai-v2-seed-42-size-5000
294.900000,False,7,CASA,11,MODERADO,39,TIPICO,False,False,False,energiai-v2-seed-42-size-5000
299.480000,True,16,APARTAMENTO,4,INEFICIENTE,61,FRONTEIRA,True,False,False,energiai-v2-seed-42-size-5000
412.720000,True,5,OUTRO,13,MODERADO,48,TIPICO,False,False,False,energiai-v2-seed-42-size-5000
282.480000,True,18,APARTAMENTO,3,MODERADO,58,TIPICO,False,False,False,energiai-v2-seed-42-size-5000
288.990000,True,8,APARTAMENTO,10,INEFICIENTE,66,TIPICO,False,False,False,energiai-v2-seed-42-size-5000
255.730000,False,11,CASA,4,EFICIENTE,22,TIPICO,False,False,False,energiai-v2-seed-42-size-5000
577.610000,True,19,OUTRO,12,INEFICIENTE,72,TIPICO,False,False,False,energiai-v2-seed-42-size-5000
274.330000,True,8,APARTAMENTO,10,INEFICIENTE,63,TIPICO,False,False,False,energiai-v2-seed-42-size-5000
765.150000,False,32,INDUSTRIA,13,MODERADO,44,TIPICO,False,False,False,energiai-v2-seed-42-size-5000
559.930000,True,32,ESCRITORIO,9,INEFICIENTE,76,TIPICO,False,False,False,energiai-v2-seed-42-size-5000
505.500000,True,20,CASA,11,INEFICIENTE,100,TIPICO,False,False,False,energiai-v2-seed-42-size-5000
235.290000,False,8,CASA,5,EFICIENTE,18,TIPICO,False,False,False,energiai-v2-seed-42-size-5000
472.090000,True,22,CASA,9,INEFICIENTE,93,TIPICO,False,False,False,energiai-v2-seed-42-size-5000
372.190000,True,18,APARTAMENTO,8,INEFICIENTE,95,TIPICO,False,False,False,energiai-v2-seed-42-size-5000
175.340000,False,3,APARTAMENTO,7,EFICIENTE,17,TIPICO,False,False,False,energiai-v2-seed-42-size-5000
286.250000,True,13,APARTAMENTO,5,MODERADO,58,TIPICO,False,False,False,energiai-v2-seed-42-size-5000
456.310000,True,21,COMERCIO,10,INEFICIENTE,72,TIPICO,False,False,False,energiai-v2-seed-42-size-5000
248.260000,False,13,APARTAMENTO,7,MODERADO,48,TIPICO,False,False,False,energiai-v2-seed-42-size-5000
1077.570000,True,35,INDUSTRIA,15,INEFICIENTE,73,TIPICO,False,False,False,energiai-v2-seed-42-size-5000
292.790000,False,20,COMERCIO,2,EFICIENTE,18,TIPICO,False,False,False,energiai-v2-seed-42-size-5000
377.940000,True,15,APARTAMENTO,11,INEFICIENTE,100,TIPICO,False,False,False,energiai-v2-seed-42-size-5000
318.640000,True,11,APARTAMENTO,11,INEFICIENTE,82,TIPICO,False,False,False,energiai-v2-seed-42-size-5000
143.220000,False,6,APARTAMENTO,1,EFICIENTE,4,TIPICO,False,False,False,energiai-v2-seed-42-size-5000
267.770000,True,12,APARTAMENTO,7,MODERADO,59,TIPICO,False,False,False,energiai-v2-seed-42-size-5000
235.520000,True,12,APARTAMENTO,1,MODERADO,34,TIPICO,False,False,False,energiai-v2-seed-42-size-5000
144.030000,False,15,COMERCIO,12,EFICIENTE,28,RARO_EXTREMO,False,True,True,energiai-v2-seed-42-size-5000
214.330000,False,6,CASA,1,EFICIENTE,5,TIPICO,False,False,False,energiai-v2-seed-42-size-5000
299.150000,False,10,CASA,7,MODERADO,34,TIPICO,False,False,False,energiai-v2-seed-42-size-5000
261.580000,False,15,APARTAMENTO,5,MODERADO,47,TIPICO,False,False,False,energiai-v2-seed-42-size-5000
324.000000,True,9,CASA,8,MODERADO,48,TIPICO,False,False,False,energiai-v2-seed-42-size-5000
262.070000,False,7,COMERCIO,6,EFICIENTE,11,TIPICO,False,False,False,energiai-v2-seed-42-size-5000
245.460000,True,10,CASA,1,EFICIENTE,22,TIPICO,False,False,False,energiai-v2-seed-42-size-5000
192.350000,False,5,APARTAMENTO,5,EFICIENTE,19,TIPICO,False,False,False,energiai-v2-seed-42-size-5000
402.530000,True,9,ESCRITORIO,11,MODERADO,47,TIPICO,False,False,False,energiai-v2-seed-42-size-5000
248.420000,True,4,APARTAMENTO,6,MODERADO,39,TIPICO,False,False,False,energiai-v2-seed-42-size-5000
197.980000,True,5,APARTAMENTO,1,EFICIENTE,19,TIPICO,False,False,False,energiai-v2-seed-42-size-5000
388.780000,True,17,APARTAMENTO,11,INEFICIENTE,100,TIPICO,False,False,False,energiai-v2-seed-42-size-5000
328.750000,False,10,CASA,11,MODERADO,49,TIPICO,False,False,False,energiai-v2-seed-42-size-5000
152.130000,False,2,OUTRO,5,EFICIENTE,6,TIPICO,False,False,False,energiai-v2-seed-42-size-5000
265.790000,True,16,APARTAMENTO,4,MODERADO,55,TIPICO,False,False,False,energiai-v2-seed-42-size-5000
284.560000,True,14,APARTAMENTO,5,MODERADO,59,TIPICO,False,False,False,energiai-v2-seed-42-size-5000
274.860000,True,11,OUTRO,2,EFICIENTE,25,TIPICO,False,False,False,energiai-v2-seed-42-size-5000
346.370000,False,14,COMERCIO,8,MODERADO,33,TIPICO,False,False,False,energiai-v2-seed-42-size-5000
462.530000,True,18,CASA,12,INEFICIENTE,96,TIPICO,False,False,False,energiai-v2-seed-42-size-5000
396.690000,True,13,CASA,9,INEFICIENTE,67,TIPICO,False,False,False,energiai-v2-seed-42-size-5000
473.140000,True,4,ESCRITORIO,6,MODERADO,37,RARO_EXTREMO,False,True,False,energiai-v2-seed-42-size-5000
375.770000,True,10,CASA,12,INEFICIENTE,68,TIPICO,False,False,False,energiai-v2-seed-42-size-5000
79.900000,False,4,CASA,2,EFICIENTE,1,RARO_EXTREMO,False,True,True,energiai-v2-seed-42-size-5000
182.610000,False,5,APARTAMENTO,5,EFICIENTE,17,TIPICO,False,False,False,energiai-v2-seed-42-size-5000
166.010000,False,6,APARTAMENTO,3,EFICIENTE,11,TIPICO,False,False,False,energiai-v2-seed-42-size-5000
267.350000,True,5,APARTAMENTO,10,MODERADO,56,TIPICO,False,False,False,energiai-v2-seed-42-size-5000
249.600000,False,12,APARTAMENTO,6,MODERADO,43,TIPICO,False,False,False,energiai-v2-seed-42-size-5000
501.690000,False,32,ESCRITORIO,11,INEFICIENTE,68,TIPICO,False,False,False,energiai-v2-seed-42-size-5000
393.200000,True,11,ESCRITORIO,9,MODERADO,42,TIPICO,False,False,False,energiai-v2-seed-42-size-5000
294.580000,True,4,CASA,7,MODERADO,34,TIPICO,False,False,False,energiai-v2-seed-42-size-5000
478.890000,True,16,COMERCIO,13,INEFICIENTE,79,TIPICO,False,False,False,energiai-v2-seed-42-size-5000
541.800000,True,28,COMERCIO,12,INEFICIENTE,100,TIPICO,False,False,False,energiai-v2-seed-42-size-5000
621.790000,True,23,COMERCIO,8,INEFICIENTE,85,RARO_EXTREMO,False,True,True,energiai-v2-seed-42-size-5000
230.570000,False,5,APARTAMENTO,10,MODERADO,39,TIPICO,False,False,False,energiai-v2-seed-42-size-5000
387.040000,True,16,COMERCIO,9,MODERADO,53,TIPICO,False,False,False,energiai-v2-seed-42-size-5000
405.060000,True,22,CASA,4,INEFICIENTE,65,TIPICO,False,False,False,energiai-v2-seed-42-size-5000
278.770000,True,6,CASA,5,EFICIENTE,30,TIPICO,False,False,False,energiai-v2-seed-42-size-5000
226.460000,False,17,APARTAMENTO,3,MODERADO,37,TIPICO,False,False,False,energiai-v2-seed-42-size-5000
270.100000,False,18,CASA,2,EFICIENTE,27,TIPICO,False,False,False,energiai-v2-seed-42-size-5000
373.770000,True,10,COMERCIO,9,MODERADO,44,TIPICO,False,False,False,energiai-v2-seed-42-size-5000
399.550000,True,16,COMERCIO,7,MODERADO,50,TIPICO,False,False,False,energiai-v2-seed-42-size-5000
359.080000,True,14,CASA,5,MODERADO,51,TIPICO,False,False,False,energiai-v2-seed-42-size-5000
420.720000,True,24,COMERCIO,7,INEFICIENTE,61,FRONTEIRA,True,False,False,energiai-v2-seed-42-size-5000
404.060000,True,11,COMERCIO,10,MODERADO,53,TIPICO,False,False,False,energiai-v2-seed-42-size-5000
250.130000,True,6,CASA,3,EFICIENTE,22,TIPICO,False,False,False,energiai-v2-seed-42-size-5000
219.560000,False,9,APARTAMENTO,6,MODERADO,33,TIPICO,False,False,False,energiai-v2-seed-42-size-5000
202.930000,False,9,APARTAMENTO,6,EFICIENTE,30,TIPICO,False,False,False,energiai-v2-seed-42-size-5000
254.080000,False,10,CASA,4,EFICIENTE,21,TIPICO,False,False,False,energiai-v2-seed-42-size-5000
470.880000,True,20,CASA,10,INEFICIENTE,93,TIPICO,False,False,False,energiai-v2-seed-42-size-5000
420.100000,True,21,COMERCIO,8,INEFICIENTE,61,TIPICO,False,False,False,energiai-v2-seed-42-size-5000
359.850000,True,19,ESCRITORIO,5,MODERADO,36,TIPICO,False,False,False,energiai-v2-seed-42-size-5000
390.940000,True,12,CASA,9,INEFICIENTE,65,TIPICO,False,False,False,energiai-v2-seed-42-size-5000
361.720000,True,12,OUTRO,5,MODERADO,36,TIPICO,False,False,False,energiai-v2-seed-42-size-5000
344.810000,True,7,COMERCIO,7,MODERADO,32,TIPICO,False,False,False,energiai-v2-seed-42-size-5000
251.620000,False,8,APARTAMENTO,11,MODERADO,52,TIPICO,False,False,False,energiai-v2-seed-42-size-5000
434.130000,True,15,CASA,12,INEFICIENTE,86,TIPICO,False,False,False,energiai-v2-seed-42-size-5000
278.570000,False,10,COMERCIO,2,EFICIENTE,8,TIPICO,False,False,False,energiai-v2-seed-42-size-5000
316.880000,False,20,CASA,5,MODERADO,44,TIPICO,False,False,False,energiai-v2-seed-42-size-5000
285.480000,False,20,CASA,3,MODERADO,34,TIPICO,False,False,False,energiai-v2-seed-42-size-5000
190.960000,False,5,CASA,2,EFICIENTE,3,TIPICO,False,False,False,energiai-v2-seed-42-size-5000
326.980000,True,14,APARTAMENTO,10,INEFICIENTE,86,TIPICO,False,False,False,energiai-v2-seed-42-size-5000
430.990000,False,26,COMERCIO,9,INEFICIENTE,62,TIPICO,False,False,False,energiai-v2-seed-42-size-5000
296.050000,False,15,CASA,5,MODERADO,35,TIPICO,False,False,False,energiai-v2-seed-42-size-5000
623.380000,True,28,OUTRO,9,INEFICIENTE,77,TIPICO,False,False,False,energiai-v2-seed-42-size-5000
385.340000,True,17,APARTAMENTO,11,INEFICIENTE,100,TIPICO,False,False,False,energiai-v2-seed-42-size-5000
344.460000,False,14,COMERCIO,7,MODERADO,31,TIPICO,False,False,False,energiai-v2-seed-42-size-5000
321.310000,True,7,CASA,5,MODERADO,37,TIPICO,False,False,False,energiai-v2-seed-42-size-5000
252.030000,True,14,APARTAMENTO,1,MODERADO,40,TIPICO,False,False,False,energiai-v2-seed-42-size-5000
281.250000,True,14,CASA,1,EFICIENTE,30,FRONTEIRA,True,False,False,energiai-v2-seed-42-size-5000
420.660000,True,17,COMERCIO,10,INEFICIENTE,62,TIPICO,False,False,False,energiai-v2-seed-42-size-5000
429.740000,True,18,CASA,8,INEFICIENTE,76,TIPICO,False,False,False,energiai-v2-seed-42-size-5000
217.180000,False,5,CASA,4,EFICIENTE,10,TIPICO,False,False,False,energiai-v2-seed-42-size-5000
187.610000,True,4,APARTAMENTO,3,EFICIENTE,21,TIPICO,False,False,False,energiai-v2-seed-42-size-5000
261.340000,True,5,ESCRITORIO,3,EFICIENTE,14,TIPICO,False,False,False,energiai-v2-seed-42-size-5000
260.410000,True,16,APARTAMENTO,3,MODERADO,51,TIPICO,False,False,False,energiai-v2-seed-42-size-5000
446.850000,True,18,CASA,10,INEFICIENTE,86,TIPICO,False,False,False,energiai-v2-seed-42-size-5000
369.640000,True,11,CASA,9,MODERADO,60,FRONTEIRA,True,False,False,energiai-v2-seed-42-size-5000
420.950000,True,14,ESCRITORIO,12,MODERADO,56,TIPICO,False,False,False,energiai-v2-seed-42-size-5000
206.680000,False,28,APARTAMENTO,10,MODERADO,59,RARO_EXTREMO,False,True,True,energiai-v2-seed-42-size-5000
256.020000,False,10,APARTAMENTO,9,MODERADO,51,TIPICO,False,False,False,energiai-v2-seed-42-size-5000
369.190000,True,16,CASA,5,MODERADO,55,TIPICO,False,False,False,energiai-v2-seed-42-size-5000
144.030000,True,6,COMERCIO,11,EFICIENTE,25,RARO_EXTREMO,False,True,True,energiai-v2-seed-42-size-5000
188.320000,True,3,APARTAMENTO,1,EFICIENTE,15,TIPICO,False,False,False,energiai-v2-seed-42-size-5000
515.150000,True,22,CASA,12,INEFICIENTE,100,TIPICO,False,False,False,energiai-v2-seed-42-size-5000
255.020000,True,13,APARTAMENTO,3,MODERADO,45,TIPICO,False,False,False,energiai-v2-seed-42-size-5000
840.880000,True,49,INDUSTRIA,6,MODERADO,51,TIPICO,False,False,False,energiai-v2-seed-42-size-5000
347.150000,True,16,CASA,6,MODERADO,55,TIPICO,False,False,False,energiai-v2-seed-42-size-5000
233.470000,False,11,APARTAMENTO,3,EFICIENTE,30,FRONTEIRA,True,False,False,energiai-v2-seed-42-size-5000
357.970000,True,17,ESCRITORIO,3,EFICIENTE,29,TIPICO,False,False,False,energiai-v2-seed-42-size-5000
248.050000,True,11,APARTAMENTO,3,MODERADO,41,TIPICO,False,False,False,energiai-v2-seed-42-size-5000
336.430000,False,21,COMERCIO,4,EFICIENTE,29,TIPICO,False,False,False,energiai-v2-seed-42-size-5000
353.580000,False,19,COMERCIO,8,MODERADO,40,TIPICO,False,False,False,energiai-v2-seed-42-size-5000
253.390000,True,6,APARTAMENTO,8,MODERADO,49,TIPICO,False,False,False,energiai-v2-seed-42-size-5000
276.180000,True,10,APARTAMENTO,7,MODERADO,57,TIPICO,False,False,False,energiai-v2-seed-42-size-5000
379.530000,False,16,CASA,8,MODERADO,57,TIPICO,False,False,False,energiai-v2-seed-42-size-5000
270.160000,False,7,CASA,8,EFICIENTE,28,TIPICO,False,False,False,energiai-v2-seed-42-size-5000
180.610000,False,4,APARTAMENTO,6,EFICIENTE,18,TIPICO,False,False,False,energiai-v2-seed-42-size-5000
202.870000,False,4,CASA,4,EFICIENTE,7,TIPICO,False,False,False,energiai-v2-seed-42-size-5000
345.080000,True,9,OUTRO,5,MODERADO,32,TIPICO,False,False,False,energiai-v2-seed-42-size-5000
252.870000,False,5,COMERCIO,6,EFICIENTE,7,TIPICO,False,False,False,energiai-v2-seed-42-size-5000
257.710000,False,7,COMERCIO,3,EFICIENTE,5,TIPICO,False,False,False,energiai-v2-seed-42-size-5000
230.700000,True,6,APARTAMENTO,6,MODERADO,39,TIPICO,False,False,False,energiai-v2-seed-42-size-5000
376.950000,True,22,CASA,3,MODERADO,57,TIPICO,False,False,False,energiai-v2-seed-42-size-5000
576.130000,True,6,CASA,9,INEFICIENTE,77,RARO_EXTREMO,False,True,True,energiai-v2-seed-42-size-5000
360.150000,False,17,CASA,8,MODERADO,55,TIPICO,False,False,False,energiai-v2-seed-42-size-5000
398.860000,True,20,OUTRO,3,MODERADO,41,TIPICO,False,False,False,energiai-v2-seed-42-size-5000
236.090000,False,8,APARTAMENTO,10,MODERADO,46,TIPICO,False,False,False,energiai-v2-seed-42-size-5000
335.490000,False,20,COMERCIO,5,MODERADO,31,FRONTEIRA,True,False,False,energiai-v2-seed-42-size-5000
294.580000,False,13,CASA,6,MODERADO,35,TIPICO,False,False,False,energiai-v2-seed-42-size-5000
1495.180000,False,45,INDUSTRIA,9,INEFICIENTE,71,RARO_EXTREMO,False,True,True,energiai-v2-seed-42-size-5000
324.550000,True,10,COMERCIO,3,EFICIENTE,24,TIPICO,False,False,False,energiai-v2-seed-42-size-5000
292.210000,False,22,COMERCIO,2,EFICIENTE,20,TIPICO,False,False,False,energiai-v2-seed-42-size-5000
170.660000,False,10,APARTAMENTO,1,EFICIENTE,13,TIPICO,False,False,False,energiai-v2-seed-42-size-5000
203.570000,False,4,CASA,4,EFICIENTE,7,TIPICO,False,False,False,energiai-v2-seed-42-size-5000
363.800000,True,16,OUTRO,3,MODERADO,35,TIPICO,False,False,False,energiai-v2-seed-42-size-5000
205.460000,True,6,APARTAMENTO,3,EFICIENTE,27,TIPICO,False,False,False,energiai-v2-seed-42-size-5000
181.540000,False,9,APARTAMENTO,2,EFICIENTE,16,TIPICO,False,False,False,energiai-v2-seed-42-size-5000
1088.030000,True,31,INDUSTRIA,20,INEFICIENTE,82,TIPICO,False,False,False,energiai-v2-seed-42-size-5000
407.290000,True,21,CASA,7,INEFICIENTE,74,TIPICO,False,False,False,energiai-v2-seed-42-size-5000
468.930000,True,22,CASA,8,INEFICIENTE,88,TIPICO,False,False,False,energiai-v2-seed-42-size-5000
226.430000,False,6,APARTAMENTO,10,MODERADO,40,TIPICO,False,False,False,energiai-v2-seed-42-size-5000
229.790000,False,6,APARTAMENTO,9,MODERADO,38,TIPICO,False,False,False,energiai-v2-seed-42-size-5000
384.430000,True,10,COMERCIO,9,MODERADO,46,TIPICO,False,False,False,energiai-v2-seed-42-size-5000
302.460000,False,8,CASA,12,MODERADO,44,TIPICO,False,False,False,energiai-v2-seed-42-size-5000
157.150000,False,3,APARTAMENTO,4,EFICIENTE,8,TIPICO,False,False,False,energiai-v2-seed-42-size-5000
908.620000,True,50,INDUSTRIA,8,MODERADO,59,TIPICO,False,False,False,energiai-v2-seed-42-size-5000
217.950000,False,19,ESCRITORIO,3,EFICIENTE,11,TIPICO,False,False,False,energiai-v2-seed-42-size-5000
869.740000,True,49,INDUSTRIA,7,MODERADO,54,TIPICO,False,False,False,energiai-v2-seed-42-size-5000
342.620000,False,12,CASA,10,MODERADO,51,TIPICO,False,False,False,energiai-v2-seed-42-size-5000
161.710000,False,3,APARTAMENTO,5,EFICIENTE,11,TIPICO,False,False,False,energiai-v2-seed-42-size-5000
280.610000,False,42,COMERCIO,6,MODERADO,34,RARO_EXTREMO,False,True,True,energiai-v2-seed-42-size-5000
290.740000,True,8,APARTAMENTO,10,INEFICIENTE,66,TIPICO,False,False,False,energiai-v2-seed-42-size-5000
314.220000,False,19,CASA,4,MODERADO,40,TIPICO,False,False,False,energiai-v2-seed-42-size-5000
334.070000,False,6,COMERCIO,12,MODERADO,31,TIPICO,False,False,False,energiai-v2-seed-42-size-5000
237.700000,True,11,APARTAMENTO,3,MODERADO,39,TIPICO,False,False,False,energiai-v2-seed-42-size-5000
856.750000,True,23,OUTRO,11,INEFICIENTE,91,RARO_EXTREMO,False,True,True,energiai-v2-seed-42-size-5000
413.960000,True,15,COMERCIO,10,MODERADO,59,TIPICO,False,False,False,energiai-v2-seed-42-size-5000
337.730000,True,18,APARTAMENTO,5,INEFICIENTE,76,TIPICO,False,False,False,energiai-v2-seed-42-size-5000
198.380000,False,12,APARTAMENTO,3,EFICIENTE,25,TIPICO,False,False,False,energiai-v2-seed-42-size-5000
216.340000,False,12,APARTAMENTO,3,EFICIENTE,28,TIPICO,False,False,False,energiai-v2-seed-42-size-5000
339.850000,True,17,APARTAMENTO,8,INEFICIENTE,87,TIPICO,False,False,False,energiai-v2-seed-42-size-5000
290.200000,False,15,CASA,5,MODERADO,34,TIPICO,False,False,False,energiai-v2-seed-42-size-5000
326.520000,False,42,COMERCIO,2,EFICIENTE,29,RARO_EXTREMO,False,True,True,energiai-v2-seed-42-size-5000
243.950000,False,14,CASA,2,EFICIENTE,20,TIPICO,False,False,False,energiai-v2-seed-42-size-5000
185.130000,False,7,APARTAMENTO,1,EFICIENTE,11,TIPICO,False,False,False,energiai-v2-seed-42-size-5000
611.930000,True,26,ESCRITORIO,14,INEFICIENTE,93,TIPICO,False,False,False,energiai-v2-seed-42-size-5000
270.660000,False,12,APARTAMENTO,8,MODERADO,54,TIPICO,False,False,False,energiai-v2-seed-42-size-5000
209.460000,False,16,APARTAMENTO,2,EFICIENTE,30,FRONTEIRA,True,False,False,energiai-v2-seed-42-size-5000
354.880000,True,16,COMERCIO,6,MODERADO,41,TIPICO,False,False,False,energiai-v2-seed-42-size-5000
323.190000,False,22,COMERCIO,3,EFICIENTE,26,TIPICO,False,False,False,energiai-v2-seed-42-size-5000
475.230000,True,22,ESCRITORIO,9,MODERADO,59,TIPICO,False,False,False,energiai-v2-seed-42-size-5000
365.930000,True,9,COMERCIO,9,MODERADO,42,TIPICO,False,False,False,energiai-v2-seed-42-size-5000
282.010000,True,9,APARTAMENTO,8,MODERADO,60,FRONTEIRA,True,False,False,energiai-v2-seed-42-size-5000
392.110000,True,10,CASA,11,INEFICIENTE,68,TIPICO,False,False,False,energiai-v2-seed-42-size-5000
269.150000,True,7,APARTAMENTO,11,INEFICIENTE,63,TIPICO,False,False,False,energiai-v2-seed-42-size-5000
225.780000,True,3,APARTAMENTO,8,MODERADO,38,TIPICO,False,False,False,energiai-v2-seed-42-size-5000
213.560000,False,12,APARTAMENTO,0,EFICIENTE,22,RARO_EXTREMO,False,True,False,energiai-v2-seed-42-size-5000
257.380000,False,13,CASA,3,EFICIENTE,22,TIPICO,False,False,False,energiai-v2-seed-42-size-5000
194.830000,False,4,APARTAMENTO,6,EFICIENTE,20,TIPICO,False,False,False,energiai-v2-seed-42-size-5000
265.410000,True,15,APARTAMENTO,3,MODERADO,50,TIPICO,False,False,False,energiai-v2-seed-42-size-5000
1260.240000,True,48,INDUSTRIA,17,INEFICIENTE,96,TIPICO,False,False,False,energiai-v2-seed-42-size-5000
374.530000,True,9,ESCRITORIO,2,EFICIENTE,25,RARO_EXTREMO,False,True,False,energiai-v2-seed-42-size-5000
377.310000,True,6,CASA,20,INEFICIENTE,62,RARO_EXTREMO,False,True,True,energiai-v2-seed-42-size-5000
358.700000,True,17,CASA,4,MODERADO,52,TIPICO,False,False,False,energiai-v2-seed-42-size-5000
274.530000,False,7,CASA,8,EFICIENTE,29,TIPICO,False,False,False,energiai-v2-seed-42-size-5000
210.310000,False,8,CASA,1,EFICIENTE,7,TIPICO,False,False,False,energiai-v2-seed-42-size-5000
257.990000,False,3,CASA,1,EFICIENTE,7,RARO_EXTREMO,False,True,False,energiai-v2-seed-42-size-5000
243.150000,False,9,ESCRITORIO,4,EFICIENTE,8,TIPICO,False,False,False,energiai-v2-seed-42-size-5000
405.360000,True,17,CASA,9,INEFICIENTE,75,TIPICO,False,False,False,energiai-v2-seed-42-size-5000
521.170000,True,16,ESCRITORIO,14,INEFICIENTE,74,TIPICO,False,False,False,energiai-v2-seed-42-size-5000
911.220000,True,29,INDUSTRIA,13,MODERADO,58,TIPICO,False,False,False,energiai-v2-seed-42-size-5000
704.500000,True,53,INDUSTRIA,9,MODERADO,53,RARO_EXTREMO,False,True,False,energiai-v2-seed-42-size-5000
192.660000,False,7,APARTAMENTO,5,EFICIENTE,22,TIPICO,False,False,False,energiai-v2-seed-42-size-5000
357.350000,True,16,CASA,6,MODERADO,57,TIPICO,False,False,False,energiai-v2-seed-42-size-5000
474.850000,False,23,INDUSTRIA,7,EFICIENTE,17,TIPICO,False,False,False,energiai-v2-seed-42-size-5000
316.510000,False,7,CASA,11,MODERADO,42,TIPICO,False,False,False,energiai-v2-seed-42-size-5000
386.130000,True,13,COMERCIO,9,MODERADO,50,TIPICO,False,False,False,energiai-v2-seed-42-size-5000
232.710000,False,2,APARTAMENTO,3,EFICIENTE,18,RARO_EXTREMO,False,True,False,energiai-v2-seed-42-size-5000
312.960000,False,18,CASA,5,MODERADO,41,TIPICO,False,False,False,energiai-v2-seed-42-size-5000
214.530000,True,9,APARTAMENTO,3,MODERADO,33,TIPICO,False,False,False,energiai-v2-seed-42-size-5000
265.550000,False,12,APARTAMENTO,8,MODERADO,53,TIPICO,False,False,False,energiai-v2-seed-42-size-5000
236.110000,False,34,CASA,5,MODERADO,37,RARO_EXTREMO,False,True,True,energiai-v2-seed-42-size-5000
551.210000,True,26,ESCRITORIO,11,INEFICIENTE,77,TIPICO,False,False,False,energiai-v2-seed-42-size-5000
300.710000,False,12,CASA,7,MODERADO,37,TIPICO,False,False,False,energiai-v2-seed-42-size-5000
208.900000,True,5,APARTAMENTO,3,EFICIENTE,26,TIPICO,False,False,False,energiai-v2-seed-42-size-5000
340.380000,True,13,APARTAMENTO,11,INEFICIENTE,91,TIPICO,False,False,False,energiai-v2-seed-42-size-5000
180.000000,False,4,CASA,4,EFICIENTE,5,TIPICO,False,False,False,energiai-v2-seed-42-size-5000
355.820000,True,16,APARTAMENTO,10,INEFICIENTE,96,TIPICO,False,False,False,energiai-v2-seed-42-size-5000
522.600000,True,14,ESCRITORIO,14,INEFICIENTE,72,TIPICO,False,False,False,energiai-v2-seed-42-size-5000
321.290000,True,18,CASA,3,MODERADO,45,TIPICO,False,False,False,energiai-v2-seed-42-size-5000
500.470000,True,21,COMERCIO,13,INEFICIENTE,89,TIPICO,False,False,False,energiai-v2-seed-42-size-5000
288.920000,True,18,APARTAMENTO,3,MODERADO,59,TIPICO,False,False,False,energiai-v2-seed-42-size-5000
142.840000,False,3,APARTAMENTO,1,EFICIENTE,0,TIPICO,False,False,False,energiai-v2-seed-42-size-5000
214.690000,False,13,APARTAMENTO,3,EFICIENTE,30,FRONTEIRA,True,False,False,energiai-v2-seed-42-size-5000
1150.440000,True,37,INDUSTRIA,18,INEFICIENTE,85,TIPICO,False,False,False,energiai-v2-seed-42-size-5000
283.880000,False,17,CASA,4,MODERADO,33,TIPICO,False,False,False,energiai-v2-seed-42-size-5000
368.540000,True,15,ESCRITORIO,7,MODERADO,38,TIPICO,False,False,False,energiai-v2-seed-42-size-5000
337.250000,False,11,CASA,11,MODERADO,52,TIPICO,False,False,False,energiai-v2-seed-42-size-5000
377.560000,False,20,CASA,9,INEFICIENTE,66,TIPICO,False,False,False,energiai-v2-seed-42-size-5000
295.470000,True,7,COMERCIO,3,EFICIENTE,18,TIPICO,False,False,False,energiai-v2-seed-42-size-5000
312.490000,True,12,APARTAMENTO,8,INEFICIENTE,72,TIPICO,False,False,False,energiai-v2-seed-42-size-5000
701.540000,False,25,INDUSTRIA,12,MODERADO,35,TIPICO,False,False,False,energiai-v2-seed-42-size-5000
281.210000,True,10,APARTAMENTO,6,MODERADO,55,TIPICO,False,False,False,energiai-v2-seed-42-size-5000
262.820000,True,7,CASA,2,EFICIENTE,23,TIPICO,False,False,False,energiai-v2-seed-42-size-5000
207.290000,False,4,CASA,2,EFICIENTE,4,TIPICO,False,False,False,energiai-v2-seed-42-size-5000
229.470000,False,14,APARTAMENTO,3,MODERADO,33,TIPICO,False,False,False,energiai-v2-seed-42-size-5000
257.170000,True,10,APARTAMENTO,6,MODERADO,51,TIPICO,False,False,False,energiai-v2-seed-42-size-5000
344.620000,True,12,CASA,7,MODERADO,52,TIPICO,False,False,False,energiai-v2-seed-42-size-5000
462.160000,True,21,COMERCIO,9,INEFICIENTE,70,TIPICO,False,False,False,energiai-v2-seed-42-size-5000
237.700000,True,7,APARTAMENTO,6,MODERADO,42,TIPICO,False,False,False,energiai-v2-seed-42-size-5000
180.000000,False,7,CASA,1,EFICIENTE,2,TIPICO,False,False,False,energiai-v2-seed-42-size-5000
850.880000,False,48,INDUSTRIA,8,MODERADO,46,TIPICO,False,False,False,energiai-v2-seed-42-size-5000
263.030000,False,11,COMERCIO,2,EFICIENTE,7,TIPICO,False,False,False,energiai-v2-seed-42-size-5000
454.830000,True,19,CASA,10,INEFICIENTE,89,TIPICO,False,False,False,energiai-v2-seed-42-size-5000
216.600000,False,7,APARTAMENTO,8,MODERADO,34,TIPICO,False,False,False,energiai-v2-seed-42-size-5000
353.310000,False,23,COMERCIO,5,MODERADO,36,TIPICO,False,False,False,energiai-v2-seed-42-size-5000
369.370000,True,9,CASA,11,INEFICIENTE,63,TIPICO,False,False,False,energiai-v2-seed-42-size-5000
293.250000,True,9,CASA,3,MODERADO,31,FRONTEIRA,True,False,False,energiai-v2-seed-42-size-5000
270.260000,True,4,CASA,3,EFICIENTE,22,TIPICO,False,False,False,energiai-v2-seed-42-size-5000
184.150000,False,4,CASA,4,EFICIENTE,5,TIPICO,False,False,False,energiai-v2-seed-42-size-5000
380.990000,True,8,ESCRITORIO,8,MODERADO,36,TIPICO,False,False,False,energiai-v2-seed-42-size-5000
344.000000,True,12,APARTAMENTO,11,INEFICIENTE,90,TIPICO,False,False,False,energiai-v2-seed-42-size-5000
360.910000,True,25,COMERCIO,2,MODERADO,40,TIPICO,False,False,False,energiai-v2-seed-42-size-5000
411.620000,True,15,ESCRITORIO,10,MODERADO,50,TIPICO,False,False,False,energiai-v2-seed-42-size-5000
413.540000,False,22,OUTRO,5,MODERADO,38,TIPICO,False,False,False,energiai-v2-seed-42-size-5000
288.820000,False,10,COMERCIO,4,EFICIENTE,13,TIPICO,False,False,False,energiai-v2-seed-42-size-5000
270.800000,False,10,COMERCIO,2,EFICIENTE,7,TIPICO,False,False,False,energiai-v2-seed-42-size-5000
364.220000,True,14,APARTAMENTO,11,INEFICIENTE,98,TIPICO,False,False,False,energiai-v2-seed-42-size-5000
272.550000,False,34,CASA,10,MODERADO,56,RARO_EXTREMO,False,True,True,energiai-v2-seed-42-size-5000
363.940000,True,15,APARTAMENTO,11,INEFICIENTE,100,TIPICO,False,False,False,energiai-v2-seed-42-size-5000
386.870000,False,27,COMERCIO,6,MODERADO,47,TIPICO,False,False,False,energiai-v2-seed-42-size-5000
277.880000,True,16,APARTAMENTO,4,MODERADO,57,TIPICO,False,False,False,energiai-v2-seed-42-size-5000
364.570000,True,5,ESCRITORIO,10,MODERADO,37,TIPICO,False,False,False,energiai-v2-seed-42-size-5000
226.820000,False,15,APARTAMENTO,3,MODERADO,35,TIPICO,False,False,False,energiai-v2-seed-42-size-5000
425.210000,True,17,CASA,9,INEFICIENTE,78,TIPICO,False,False,False,energiai-v2-seed-42-size-5000
681.400000,False,35,INDUSTRIA,11,MODERADO,38,TIPICO,False,False,False,energiai-v2-seed-42-size-5000
331.130000,True,14,CASA,4,MODERADO,45,TIPICO,False,False,False,energiai-v2-seed-42-size-5000
414.660000,True,22,CASA,6,INEFICIENTE,73,TIPICO,False,False,False,energiai-v2-seed-42-size-5000
184.020000,False,6,APARTAMENTO,6,EFICIENTE,22,TIPICO,False,False,False,energiai-v2-seed-42-size-5000
392.290000,True,17,COMERCIO,7,MODERADO,50,TIPICO,False,False,False,energiai-v2-seed-42-size-5000
148.600000,False,5,APARTAMENTO,1,EFICIENTE,3,TIPICO,False,False,False,energiai-v2-seed-42-size-5000
468.280000,False,10,INDUSTRIA,9,EFICIENTE,13,TIPICO,False,False,False,energiai-v2-seed-42-size-5000
400.800000,False,20,COMERCIO,10,MODERADO,53,TIPICO,False,False,False,energiai-v2-seed-42-size-5000
372.430000,True,23,ESCRITORIO,4,MODERADO,37,TIPICO,False,False,False,energiai-v2-seed-42-size-5000
502.640000,True,20,CASA,12,INEFICIENTE,100,TIPICO,False,False,False,energiai-v2-seed-42-size-5000
150.000000,False,9,APARTAMENTO,1,EFICIENTE,9,TIPICO,False,False,False,energiai-v2-seed-42-size-5000
353.410000,True,14,APARTAMENTO,11,INEFICIENTE,96,TIPICO,False,False,False,energiai-v2-seed-42-size-5000
327.810000,False,33,ESCRITORIO,22,INEFICIENTE,61,RARO_EXTREMO,False,True,True,energiai-v2-seed-42-size-5000
695.800000,True,28,OUTRO,12,INEFICIENTE,90,TIPICO,False,False,False,energiai-v2-seed-42-size-5000
202.300000,False,9,APARTAMENTO,5,EFICIENTE,27,TIPICO,False,False,False,energiai-v2-seed-42-size-5000
344.640000,True,17,APARTAMENTO,8,INEFICIENTE,88,TIPICO,False,False,False,energiai-v2-seed-42-size-5000
218.430000,True,6,APARTAMENTO,4,MODERADO,32,TIPICO,False,False,False,energiai-v2-seed-42-size-5000
449.820000,True,22,CASA,8,INEFICIENTE,85,TIPICO,False,False,False,energiai-v2-seed-42-size-5000
347.910000,True,13,CASA,6,MODERADO,51,TIPICO,False,False,False,energiai-v2-seed-42-size-5000
349.410000,True,5,COMERCIO,11,MODERADO,39,TIPICO,False,False,False,energiai-v2-seed-42-size-5000
377.310000,True,21,CASA,5,INEFICIENTE,63,TIPICO,False,False,False,energiai-v2-seed-42-size-5000
218.460000,False,2,APARTAMENTO,10,MODERADO,33,RARO_EXTREMO,False,True,False,energiai-v2-seed-42-size-5000
338.220000,False,26,COMERCIO,3,MODERADO,32,TIPICO,False,False,False,energiai-v2-seed-42-size-5000
278.070000,True,11,CASA,1,EFICIENTE,26,TIPICO,False,False,False,energiai-v2-seed-42-size-5000
615.570000,False,12,INDUSTRIA,15,EFICIENTE,29,TIPICO,False,False,False,energiai-v2-seed-42-size-5000
908.380000,True,19,INDUSTRIA,20,INEFICIENTE,65,TIPICO,False,False,False,energiai-v2-seed-42-size-5000
298.730000,True,14,APARTAMENTO,6,INEFICIENTE,65,TIPICO,False,False,False,energiai-v2-seed-42-size-5000
278.660000,True,13,OUTRO,2,EFICIENTE,26,TIPICO,False,False,False,energiai-v2-seed-42-size-5000
247.150000,False,8,APARTAMENTO,10,MODERADO,48,TIPICO,False,False,False,energiai-v2-seed-42-size-5000
282.530000,True,13,APARTAMENTO,7,INEFICIENTE,64,TIPICO,False,False,False,energiai-v2-seed-42-size-5000
79.890000,True,4,CASA,12,EFICIENTE,29,RARO_EXTREMO,False,True,True,energiai-v2-seed-42-size-5000
262.460000,False,11,CASA,5,EFICIENTE,26,TIPICO,False,False,False,energiai-v2-seed-42-size-5000
302.290000,False,6,CASA,12,MODERADO,41,TIPICO,False,False,False,energiai-v2-seed-42-size-5000
335.600000,False,19,CASA,7,MODERADO,52,TIPICO,False,False,False,energiai-v2-seed-42-size-5000
299.170000,True,17,APARTAMENTO,5,INEFICIENTE,67,TIPICO,False,False,False,energiai-v2-seed-42-size-5000
476.920000,True,26,ESCRITORIO,8,MODERADO,60,FRONTEIRA,True,False,False,energiai-v2-seed-42-size-5000
261.620000,False,17,CASA,3,EFICIENTE,28,TIPICO,False,False,False,energiai-v2-seed-42-size-5000
157.930000,False,3,APARTAMENTO,4,EFICIENTE,8,TIPICO,False,False,False,energiai-v2-seed-42-size-5000
258.570000,True,6,APARTAMENTO,7,MODERADO,47,TIPICO,False,False,False,energiai-v2-seed-42-size-5000
248.870000,True,15,APARTAMENTO,3,MODERADO,47,TIPICO,False,False,False,energiai-v2-seed-42-size-5000
451.310000,True,24,COMERCIO,9,INEFICIENTE,72,TIPICO,False,False,False,energiai-v2-seed-42-size-5000
240.000000,False,7,COMERCIO,2,EFICIENTE,1,TIPICO,False,False,False,energiai-v2-seed-42-size-5000
445.870000,True,16,CASA,12,INEFICIENTE,90,TIPICO,False,False,False,energiai-v2-seed-42-size-5000
450.150000,True,22,CASA,8,INEFICIENTE,85,TIPICO,False,False,False,energiai-v2-seed-42-size-5000
190.960000,True,6,APARTAMENTO,3,EFICIENTE,24,TIPICO,False,False,False,energiai-v2-seed-42-size-5000
484.240000,True,21,COMERCIO,12,INEFICIENTE,83,TIPICO,False,False,False,energiai-v2-seed-42-size-5000
400.560000,True,9,COMERCIO,12,MODERADO,54,TIPICO,False,False,False,energiai-v2-seed-42-size-5000
321.530000,False,17,CASA,7,MODERADO,47,TIPICO,False,False,False,energiai-v2-seed-42-size-5000
207.260000,False,18,APARTAMENTO,1,EFICIENTE,29,TIPICO,False,False,False,energiai-v2-seed-42-size-5000
291.360000,False,10,CASA,9,MODERADO,38,TIPICO,False,False,False,energiai-v2-seed-42-size-5000
279.450000,True,17,APARTAMENTO,3,MODERADO,56,TIPICO,False,False,False,energiai-v2-seed-42-size-5000
325.660000,True,16,APARTAMENTO,19,INEFICIENTE,93,RARO_EXTREMO,False,True,True,energiai-v2-seed-42-size-5000
642.260000,False,10,INDUSTRIA,20,MODERADO,36,TIPICO,False,False,False,energiai-v2-seed-42-size-5000
416.940000,False,24,COMERCIO,10,MODERADO,60,FRONTEIRA,True,False,False,energiai-v2-seed-42-size-5000
290.570000,True,14,APARTAMENTO,6,INEFICIENTE,64,TIPICO,False,False,False,energiai-v2-seed-42-size-5000
332.610000,True,4,CASA,10,MODERADO,46,TIPICO,False,False,False,energiai-v2-seed-42-size-5000
176.490000,False,10,APARTAMENTO,1,EFICIENTE,14,TIPICO,False,False,False,energiai-v2-seed-42-size-5000
621.790000,True,18,COMERCIO,9,INEFICIENTE,83,RARO_EXTREMO,False,True,True,energiai-v2-seed-42-size-5000
588.560000,True,34,ESCRITORIO,10,INEFICIENTE,84,TIPICO,False,False,False,energiai-v2-seed-42-size-5000
408.700000,True,9,COMERCIO,14,INEFICIENTE,61,FRONTEIRA,True,False,False,energiai-v2-seed-42-size-5000
217.930000,False,8,CASA,2,EFICIENTE,10,TIPICO,False,False,False,energiai-v2-seed-42-size-5000
432.080000,True,15,CASA,10,INEFICIENTE,79,TIPICO,False,False,False,energiai-v2-seed-42-size-5000
272.440000,False,5,COMERCIO,6,EFICIENTE,10,TIPICO,False,False,False,energiai-v2-seed-42-size-5000
390.400000,True,25,COMERCIO,3,MODERADO,46,TIPICO,False,False,False,energiai-v2-seed-42-size-5000
293.350000,False,6,ESCRITORIO,7,EFICIENTE,16,TIPICO,False,False,False,energiai-v2-seed-42-size-5000
359.040000,False,33,ESCRITORIO,5,MODERADO,37,TIPICO,False,False,False,energiai-v2-seed-42-size-5000
279.060000,True,8,APARTAMENTO,0,MODERADO,36,RARO_EXTREMO,False,True,False,energiai-v2-seed-42-size-5000
206.030000,False,5,OUTRO,2,EFICIENTE,7,TIPICO,False,False,False,energiai-v2-seed-42-size-5000
263.340000,True,4,APARTAMENTO,10,MODERADO,53,TIPICO,False,False,False,energiai-v2-seed-42-size-5000
833.470000,True,34,INDUSTRIA,10,MODERADO,51,TIPICO,False,False,False,energiai-v2-seed-42-size-5000
304.730000,True,18,APARTAMENTO,5,INEFICIENTE,69,TIPICO,False,False,False,energiai-v2-seed-42-size-5000
392.070000,True,28,ESCRITORIO,4,MODERADO,42,TIPICO,False,False,False,energiai-v2-seed-42-size-5000
340.260000,False,34,ESCRITORIO,3,EFICIENTE,30,FRONTEIRA,True,False,False,energiai-v2-seed-42-size-5000
147.380000,False,3,APARTAMENTO,1,EFICIENTE,0,TIPICO,False,False,False,energiai-v2-seed-42-size-5000
415.770000,False,15,ESCRITORIO,12,MODERADO,47,TIPICO,False,False,False,energiai-v2-seed-42-size-5000
278.290000,False,12,CASA,5,EFICIENTE,29,TIPICO,False,False,False,energiai-v2-seed-42-size-5000
309.020000,False,6,CASA,12,MODERADO,42,TIPICO,False,False,False,energiai-v2-seed-42-size-5000
271.890000,True,16,APARTAMENTO,4,MODERADO,56,TIPICO,False,False,False,energiai-v2-seed-42-size-5000
682.700000,True,31,ESCRITORIO,14,INEFICIENTE,100,TIPICO,False,False,False,energiai-v2-seed-42-size-5000
517.660000,True,21,CASA,12,INEFICIENTE,100,TIPICO,False,False,False,energiai-v2-seed-42-size-5000
390.540000,False,15,CASA,11,INEFICIENTE,66,TIPICO,False,False,False,energiai-v2-seed-42-size-5000
343.200000,True,13,APARTAMENTO,11,INEFICIENTE,91,TIPICO,False,False,False,energiai-v2-seed-42-size-5000
383.210000,False,23,COMERCIO,21,INEFICIENTE,65,RARO_EXTREMO,False,True,True,energiai-v2-seed-42-size-5000
436.530000,True,20,CASA,8,INEFICIENTE,80,TIPICO,False,False,False,energiai-v2-seed-42-size-5000
352.990000,False,30,ESCRITORIO,7,MODERADO,40,TIPICO,False,False,False,energiai-v2-seed-42-size-5000
436.790000,True,17,CASA,10,INEFICIENTE,83,TIPICO,False,False,False,energiai-v2-seed-42-size-5000
79.900000,False,13,CASA,7,EFICIENTE,23,RARO_EXTREMO,False,True,True,energiai-v2-seed-42-size-5000
576.130000,True,22,CASA,11,INEFICIENTE,100,RARO_EXTREMO,False,True,True,energiai-v2-seed-42-size-5000
242.900000,False,12,APARTAMENTO,6,MODERADO,42,TIPICO,False,False,False,energiai-v2-seed-42-size-5000
317.320000,False,11,OUTRO,6,EFICIENTE,25,TIPICO,False,False,False,energiai-v2-seed-42-size-5000
364.000000,True,10,CASA,10,INEFICIENTE,61,FRONTEIRA,True,False,False,energiai-v2-seed-42-size-5000
431.140000,True,17,CASA,11,INEFICIENTE,85,TIPICO,False,False,False,energiai-v2-seed-42-size-5000
318.310000,True,15,APARTAMENTO,9,INEFICIENTE,82,TIPICO,False,False,False,energiai-v2-seed-42-size-5000
369.180000,True,13,COMERCIO,9,MODERADO,47,TIPICO,False,False,False,energiai-v2-seed-42-size-5000
379.280000,True,3,OUTRO,10,MODERADO,38,TIPICO,False,False,False,energiai-v2-seed-42-size-5000
395.140000,True,5,ESCRITORIO,10,MODERADO,40,TIPICO,False,False,False,energiai-v2-seed-42-size-5000
218.760000,False,16,APARTAMENTO,2,MODERADO,31,FRONTEIRA,True,False,False,energiai-v2-seed-42-size-5000
331.100000,True,14,CASA,4,MODERADO,45,TIPICO,False,False,False,energiai-v2-seed-42-size-5000
322.400000,True,6,CASA,11,MODERADO,50,TIPICO,False,False,False,energiai-v2-seed-42-size-5000
409.770000,True,13,CASA,10,INEFICIENTE,72,TIPICO,False,False,False,energiai-v2-seed-42-size-5000
332.730000,True,6,CASA,11,MODERADO,52,TIPICO,False,False,False,energiai-v2-seed-42-size-5000
336.290000,False,4,ESCRITORIO,6,EFICIENTE,17,RARO_EXTREMO,False,True,False,energiai-v2-seed-42-size-5000
282.540000,False,17,CASA,3,EFICIENTE,30,FRONTEIRA,True,False,False,energiai-v2-seed-42-size-5000
347.980000,True,21,CASA,3,MODERADO,52,TIPICO,False,False,False,energiai-v2-seed-42-size-5000
349.750000,True,14,APARTAMENTO,11,INEFICIENTE,95,TIPICO,False,False,False,energiai-v2-seed-42-size-5000
351.230000,True,15,ESCRITORIO,3,EFICIENTE,27,TIPICO,False,False,False,energiai-v2-seed-42-size-5000
239.300000,False,12,APARTAMENTO,6,MODERADO,42,TIPICO,False,False,False,energiai-v2-seed-42-size-5000
241.130000,False,7,APARTAMENTO,9,MODERADO,42,TIPICO,False,False,False,energiai-v2-seed-42-size-5000
242.180000,False,11,CASA,6,EFICIENTE,25,TIPICO,False,False,False,energiai-v2-seed-42-size-5000
346.210000,True,20,ESCRITORIO,5,MODERADO,35,TIPICO,False,False,False,energiai-v2-seed-42-size-5000
435.300000,True,9,COMERCIO,14,INEFICIENTE,65,TIPICO,False,False,False,energiai-v2-seed-42-size-5000
424.430000,True,19,CASA,7,INEFICIENTE,74,TIPICO,False,False,False,energiai-v2-seed-42-size-5000
455.440000,True,16,CASA,12,INEFICIENTE,91,TIPICO,False,False,False,energiai-v2-seed-42-size-5000
310.000000,False,13,ESCRITORIO,7,EFICIENTE,23,TIPICO,False,False,False,energiai-v2-seed-42-size-5000
357.420000,True,17,CASA,4,MODERADO,52,TIPICO,False,False,False,energiai-v2-seed-42-size-5000
287.550000,True,5,CASA,3,EFICIENTE,25,TIPICO,False,False,False,energiai-v2-seed-42-size-5000
258.420000,False,12,APARTAMENTO,8,MODERADO,52,TIPICO,False,False,False,energiai-v2-seed-42-size-5000
220.650000,False,10,OUTRO,4,EFICIENTE,15,TIPICO,False,False,False,energiai-v2-seed-42-size-5000
230.590000,True,4,APARTAMENTO,7,MODERADO,38,TIPICO,False,False,False,energiai-v2-seed-42-size-5000
294.090000,False,16,CASA,5,MODERADO,36,TIPICO,False,False,False,energiai-v2-seed-42-size-5000
320.630000,True,5,CASA,10,MODERADO,46,TIPICO,False,False,False,energiai-v2-seed-42-size-5000
310.780000,False,14,CASA,6,MODERADO,38,TIPICO,False,False,False,energiai-v2-seed-42-size-5000
234.120000,True,7,APARTAMENTO,6,MODERADO,41,TIPICO,False,False,False,energiai-v2-seed-42-size-5000
346.400000,True,14,APARTAMENTO,10,INEFICIENTE,90,TIPICO,False,False,False,energiai-v2-seed-42-size-5000
571.230000,True,15,INDUSTRIA,6,EFICIENTE,24,TIPICO,False,False,False,energiai-v2-seed-42-size-5000
358.860000,True,16,CASA,4,MODERADO,51,TIPICO,False,False,False,energiai-v2-seed-42-size-5000
267.850000,False,12,APARTAMENTO,9,MODERADO,57,TIPICO,False,False,False,energiai-v2-seed-42-size-5000
239.090000,False,9,CASA,3,EFICIENTE,15,TIPICO,False,False,False,energiai-v2-seed-42-size-5000
199.660000,False,7,APARTAMENTO,5,EFICIENTE,23,TIPICO,False,False,False,energiai-v2-seed-42-size-5000
247.690000,False,5,CASA,9,EFICIENTE,24,TIPICO,False,False,False,energiai-v2-seed-42-size-5000
152.240000,False,3,APARTAMENTO,3,EFICIENTE,5,TIPICO,False,False,False,energiai-v2-seed-42-size-5000
741.150000,True,19,INDUSTRIA,11,MODERADO,41,TIPICO,False,False,False,energiai-v2-seed-42-size-5000
389.400000,True,20,OUTRO,3,MODERADO,40,TIPICO,False,False,False,energiai-v2-seed-42-size-5000
440.700000,True,17,OUTRO,9,MODERADO,54,TIPICO,False,False,False,energiai-v2-seed-42-size-5000
269.850000,False,7,ESCRITORIO,7,EFICIENTE,15,TIPICO,False,False,False,energiai-v2-seed-42-size-5000
171.610000,False,7,APARTAMENTO,1,EFICIENTE,9,TIPICO,False,False,False,energiai-v2-seed-42-size-5000
700.000000,True,33,ESCRITORIO,14,INEFICIENTE,100,TIPICO,False,False,False,energiai-v2-seed-42-size-5000
431.800000,True,19,CASA,9,INEFICIENTE,82,TIPICO,False,False,False,energiai-v2-seed-42-size-5000
1249.620000,True,44,INDUSTRIA,19,INEFICIENTE,97,TIPICO,False,False,False,energiai-v2-seed-42-size-5000
291.870000,True,8,CASA,6,MODERADO,37,TIPICO,False,False,False,energiai-v2-seed-42-size-5000
453.150000,True,21,CASA,8,INEFICIENTE,85,TIPICO,False,False,False,energiai-v2-seed-42-size-5000
471.070000,True,25,COMERCIO,10,INEFICIENTE,79,TIPICO,False,False,False,energiai-v2-seed-42-size-5000
625.350000,True,26,OUTRO,11,INEFICIENTE,80,TIPICO,False,False,False,energiai-v2-seed-42-size-5000
325.580000,True,14,APARTAMENTO,9,INEFICIENTE,82,TIPICO,False,False,False,energiai-v2-seed-42-size-5000
333.190000,False,21,CASA,4,MODERADO,45,TIPICO,False,False,False,energiai-v2-seed-42-size-5000
473.500000,True,16,CASA,12,INEFICIENTE,94,TIPICO,False,False,False,energiai-v2-seed-42-size-5000
321.850000,True,18,CASA,2,MODERADO,42,TIPICO,False,False,False,energiai-v2-seed-42-size-5000
251.850000,False,16,CASA,2,EFICIENTE,23,TIPICO,False,False,False,energiai-v2-seed-42-size-5000
183.910000,False,4,APARTAMENTO,5,EFICIENTE,16,TIPICO,False,False,False,energiai-v2-seed-42-size-5000
375.540000,False,18,CASA,8,MODERADO,59,TIPICO,False,False,False,energiai-v2-seed-42-size-5000
333.120000,False,25,COMERCIO,2,EFICIENTE,27,TIPICO,False,False,False,energiai-v2-seed-42-size-5000
413.380000,True,19,ESCRITORIO,8,MODERADO,48,TIPICO,False,False,False,energiai-v2-seed-42-size-5000
360.600000,True,15,APARTAMENTO,10,INEFICIENTE,95,TIPICO,False,False,False,energiai-v2-seed-42-size-5000
195.030000,False,15,APARTAMENTO,1,EFICIENTE,23,TIPICO,False,False,False,energiai-v2-seed-42-size-5000
200.300000,False,5,APARTAMENTO,8,EFICIENTE,28,TIPICO,False,False,False,energiai-v2-seed-42-size-5000
280.950000,False,12,COMERCIO,2,EFICIENTE,10,TIPICO,False,False,False,energiai-v2-seed-42-size-5000
251.070000,False,21,CASA,1,EFICIENTE,26,TIPICO,False,False,False,energiai-v2-seed-42-size-5000
234.380000,False,13,APARTAMENTO,5,MODERADO,39,TIPICO,False,False,False,energiai-v2-seed-42-size-5000
245.710000,False,6,CASA,6,EFICIENTE,19,TIPICO,False,False,False,energiai-v2-seed-42-size-5000
366.570000,True,8,CASA,12,INEFICIENTE,63,TIPICO,False,False,False,energiai-v2-seed-42-size-5000
257.430000,False,16,CASA,1,EFICIENTE,21,TIPICO,False,False,False,energiai-v2-seed-42-size-5000
477.590000,True,18,CASA,12,INEFICIENTE,98,TIPICO,False,False,False,energiai-v2-seed-42-size-5000
230.760000,False,7,APARTAMENTO,9,MODERADO,40,TIPICO,False,False,False,energiai-v2-seed-42-size-5000
236.960000,False,14,CASA,2,EFICIENTE,19,TIPICO,False,False,False,energiai-v2-seed-42-size-5000
228.510000,False,5,APARTAMENTO,9,MODERADO,36,TIPICO,False,False,False,energiai-v2-seed-42-size-5000
230.380000,False,4,CASA,8,EFICIENTE,19,TIPICO,False,False,False,energiai-v2-seed-42-size-5000
208.910000,False,5,CASA,4,EFICIENTE,9,TIPICO,False,False,False,energiai-v2-seed-42-size-5000
318.340000,True,16,CASA,2,MODERADO,40,TIPICO,False,False,False,energiai-v2-seed-42-size-5000
308.720000,False,13,COMERCIO,5,EFICIENTE,20,TIPICO,False,False,False,energiai-v2-seed-42-size-5000
288.380000,True,6,APARTAMENTO,10,INEFICIENTE,62,TIPICO,False,False,False,energiai-v2-seed-42-size-5000
264.270000,False,14,APARTAMENTO,7,MODERADO,53,TIPICO,False,False,False,energiai-v2-seed-42-size-5000
140.000000,False,3,APARTAMENTO,1,EFICIENTE,0,TIPICO,False,False,False,energiai-v2-seed-42-size-5000
390.440000,True,17,CASA,6,INEFICIENTE,63,TIPICO,False,False,False,energiai-v2-seed-42-size-5000
359.810000,True,10,CASA,9,MODERADO,57,TIPICO,False,False,False,energiai-v2-seed-42-size-5000
318.260000,False,21,CASA,2,MODERADO,36,TIPICO,False,False,False,energiai-v2-seed-42-size-5000
238.480000,True,4,APARTAMENTO,11,MODERADO,50,TIPICO,False,False,False,energiai-v2-seed-42-size-5000
203.630000,False,8,APARTAMENTO,6,EFICIENTE,28,TIPICO,False,False,False,energiai-v2-seed-42-size-5000
243.180000,False,3,COMERCIO,2,EFICIENTE,0,RARO_EXTREMO,False,True,False,energiai-v2-seed-42-size-5000
276.050000,False,15,APARTAMENTO,8,MODERADO,60,FRONTEIRA,True,False,False,energiai-v2-seed-42-size-5000
428.720000,False,24,COMERCIO,10,INEFICIENTE,62,TIPICO,False,False,False,energiai-v2-seed-42-size-5000
340.850000,False,5,OUTRO,14,MODERADO,35,TIPICO,False,False,False,energiai-v2-seed-42-size-5000
752.850000,True,25,OUTRO,16,INEFICIENTE,100,TIPICO,False,False,False,energiai-v2-seed-42-size-5000
226.140000,False,9,APARTAMENTO,7,MODERADO,37,TIPICO,False,False,False,energiai-v2-seed-42-size-5000
537.300000,True,53,ESCRITORIO,13,INEFICIENTE,90,RARO_EXTREMO,False,True,True,energiai-v2-seed-42-size-5000
302.330000,False,17,APARTAMENTO,8,INEFICIENTE,69,TIPICO,False,False,False,energiai-v2-seed-42-size-5000
373.950000,True,13,COMERCIO,8,MODERADO,45,TIPICO,False,False,False,energiai-v2-seed-42-size-5000
301.820000,True,10,COMERCIO,3,EFICIENTE,21,TIPICO,False,False,False,energiai-v2-seed-42-size-5000
415.280000,True,12,COMERCIO,12,INEFICIENTE,61,FRONTEIRA,True,False,False,energiai-v2-seed-42-size-5000
273.770000,False,13,CASA,4,EFICIENTE,27,TIPICO,False,False,False,energiai-v2-seed-42-size-5000
234.330000,False,15,APARTAMENTO,5,MODERADO,42,TIPICO,False,False,False,energiai-v2-seed-42-size-5000
238.410000,False,7,CASA,6,EFICIENTE,20,TIPICO,False,False,False,energiai-v2-seed-42-size-5000
367.210000,True,16,APARTAMENTO,11,INEFICIENTE,100,TIPICO,False,False,False,energiai-v2-seed-42-size-5000
331.390000,False,21,COMERCIO,3,EFICIENTE,26,TIPICO,False,False,False,energiai-v2-seed-42-size-5000
353.420000,False,20,COMERCIO,6,MODERADO,36,TIPICO,False,False,False,energiai-v2-seed-42-size-5000
265.700000,False,6,COMERCIO,2,EFICIENTE,3,TIPICO,False,False,False,energiai-v2-seed-42-size-5000
313.750000,False,21,CASA,3,MODERADO,39,TIPICO,False,False,False,energiai-v2-seed-42-size-5000
542.260000,True,21,OUTRO,9,INEFICIENTE,64,TIPICO,False,False,False,energiai-v2-seed-42-size-5000
356.910000,False,21,OUTRO,4,MODERADO,32,TIPICO,False,False,False,energiai-v2-seed-42-size-5000
245.200000,False,15,APARTAMENTO,5,MODERADO,44,TIPICO,False,False,False,energiai-v2-seed-42-size-5000
305.570000,False,18,APARTAMENTO,7,INEFICIENTE,68,TIPICO,False,False,False,energiai-v2-seed-42-size-5000
266.490000,False,13,CASA,5,EFICIENTE,29,TIPICO,False,False,False,energiai-v2-seed-42-size-5000
554.700000,True,27,OUTRO,9,INEFICIENTE,71,TIPICO,False,False,False,energiai-v2-seed-42-size-5000
336.660000,True,6,CASA,9,MODERADO,48,TIPICO,False,False,False,energiai-v2-seed-42-size-5000
345.720000,False,10,ESCRITORIO,13,MODERADO,38,TIPICO,False,False,False,energiai-v2-seed-42-size-5000
341.570000,True,12,APARTAMENTO,11,INEFICIENTE,89,TIPICO,False,False,False,energiai-v2-seed-42-size-5000
497.620000,True,22,CASA,10,INEFICIENTE,100,TIPICO,False,False,False,energiai-v2-seed-42-size-5000
331.360000,True,12,APARTAMENTO,11,INEFICIENTE,87,TIPICO,False,False,False,energiai-v2-seed-42-size-5000
168.310000,False,6,APARTAMENTO,1,EFICIENTE,7,TIPICO,False,False,False,energiai-v2-seed-42-size-5000
267.950000,True,16,APARTAMENTO,1,MODERADO,45,TIPICO,False,False,False,energiai-v2-seed-42-size-5000
268.810000,False,19,CASA,2,EFICIENTE,28,TIPICO,False,False,False,energiai-v2-seed-42-size-5000
362.340000,True,14,APARTAMENTO,11,INEFICIENTE,98,TIPICO,False,False,False,energiai-v2-seed-42-size-5000
208.000000,False,5,APARTAMENTO,7,EFICIENTE,27,TIPICO,False,False,False,energiai-v2-seed-42-size-5000
256.270000,True,4,APARTAMENTO,10,MODERADO,51,TIPICO,False,False,False,energiai-v2-seed-42-size-5000
343.010000,True,7,CASA,10,MODERADO,53,TIPICO,False,False,False,energiai-v2-seed-42-size-5000
647.150000,False,41,INDUSTRIA,4,EFICIENTE,27,TIPICO,False,False,False,energiai-v2-seed-42-size-5000
378.520000,True,15,CASA,8,INEFICIENTE,64,TIPICO,False,False,False,energiai-v2-seed-42-size-5000
258.830000,True,12,APARTAMENTO,6,MODERADO,54,TIPICO,False,False,False,energiai-v2-seed-42-size-5000
430.780000,True,25,ESCRITORIO,7,MODERADO,52,TIPICO,False,False,False,energiai-v2-seed-42-size-5000
300.500000,False,16,CASA,6,MODERADO,40,TIPICO,False,False,False,energiai-v2-seed-42-size-5000
245.610000,True,15,APARTAMENTO,2,MODERADO,43,TIPICO,False,False,False,energiai-v2-seed-42-size-5000
242.040000,True,17,APARTAMENTO,1,MODERADO,42,TIPICO,False,False,False,energiai-v2-seed-42-size-5000
376.710000,True,8,OUTRO,8,MODERADO,39,TIPICO,False,False,False,energiai-v2-seed-42-size-5000
310.870000,False,16,COMERCIO,4,EFICIENTE,21,TIPICO,False,False,False,energiai-v2-seed-42-size-5000
306.760000,False,12,COMERCIO,7,EFICIENTE,24,TIPICO,False,False,False,energiai-v2-seed-42-size-5000
374.710000,True,11,CASA,11,INEFICIENTE,67,TIPICO,False,False,False,energiai-v2-seed-42-size-5000
198.320000,False,7,APARTAMENTO,6,EFICIENTE,26,TIPICO,False,False,False,energiai-v2-seed-42-size-5000
425.400000,True,21,CASA,7,INEFICIENTE,77,TIPICO,False,False,False,energiai-v2-seed-42-size-5000
279.230000,True,6,APARTAMENTO,11,INEFICIENTE,63,TIPICO,False,False,False,energiai-v2-seed-42-size-5000
380.720000,True,18,APARTAMENTO,10,INEFICIENTE,100,TIPICO,False,False,False,energiai-v2-seed-42-size-5000
221.860000,False,16,APARTAMENTO,2,MODERADO,32,TIPICO,False,False,False,energiai-v2-seed-42-size-5000
404.960000,True,19,CASA,6,INEFICIENTE,67,TIPICO,False,False,False,energiai-v2-seed-42-size-5000
202.250000,False,7,APARTAMENTO,4,EFICIENTE,21,TIPICO,False,False,False,energiai-v2-seed-42-size-5000
627.350000,True,32,ESCRITORIO,12,INEFICIENTE,94,TIPICO,False,False,False,energiai-v2-seed-42-size-5000
275.670000,True,11,CASA,2,EFICIENTE,29,TIPICO,False,False,False,energiai-v2-seed-42-size-5000
1054.820000,True,43,INDUSTRIA,14,INEFICIENTE,75,TIPICO,False,False,False,energiai-v2-seed-42-size-5000
255.910000,False,10,CASA,4,EFICIENTE,21,TIPICO,False,False,False,energiai-v2-seed-42-size-5000
260.090000,False,28,APARTAMENTO,3,MODERADO,45,RARO_EXTREMO,False,True,True,energiai-v2-seed-42-size-5000
314.980000,False,22,CASA,3,MODERADO,40,TIPICO,False,False,False,energiai-v2-seed-42-size-5000
71.330000,True,7,APARTAMENTO,7,EFICIENTE,27,RARO_EXTREMO,False,True,True,energiai-v2-seed-42-size-5000
225.480000,False,18,APARTAMENTO,2,MODERADO,35,TIPICO,False,False,False,energiai-v2-seed-42-size-5000
323.200000,False,13,COMERCIO,6,EFICIENTE,25,TIPICO,False,False,False,energiai-v2-seed-42-size-5000
253.190000,False,16,APARTAMENTO,5,MODERADO,47,TIPICO,False,False,False,energiai-v2-seed-42-size-5000
407.760000,True,16,CASA,9,INEFICIENTE,73,TIPICO,False,False,False,energiai-v2-seed-42-size-5000
324.420000,False,14,COMERCIO,5,EFICIENTE,23,TIPICO,False,False,False,energiai-v2-seed-42-size-5000
166.380000,False,16,ESCRITORIO,13,EFICIENTE,28,RARO_EXTREMO,False,True,False,energiai-v2-seed-42-size-5000
799.100000,False,13,ESCRITORIO,7,MODERADO,59,RARO_EXTREMO,False,True,True,energiai-v2-seed-42-size-5000
377.320000,False,21,CASA,8,INEFICIENTE,64,TIPICO,False,False,False,energiai-v2-seed-42-size-5000
196.620000,False,13,APARTAMENTO,3,EFICIENTE,27,TIPICO,False,False,False,energiai-v2-seed-42-size-5000
367.380000,False,21,COMERCIO,5,MODERADO,36,TIPICO,False,False,False,energiai-v2-seed-42-size-5000
389.670000,True,10,CASA,0,MODERADO,39,RARO_EXTREMO,False,True,False,energiai-v2-seed-42-size-5000
492.930000,True,25,COMERCIO,21,INEFICIENTE,96,RARO_EXTREMO,False,True,True,energiai-v2-seed-42-size-5000
272.350000,True,7,APARTAMENTO,11,INEFICIENTE,64,TIPICO,False,False,False,energiai-v2-seed-42-size-5000
305.580000,True,13,APARTAMENTO,8,INEFICIENTE,72,TIPICO,False,False,False,energiai-v2-seed-42-size-5000
292.550000,True,5,COMERCIO,4,EFICIENTE,18,TIPICO,False,False,False,energiai-v2-seed-42-size-5000
324.090000,True,5,OUTRO,7,MODERADO,31,TIPICO,False,False,False,energiai-v2-seed-42-size-5000
295.730000,True,17,APARTAMENTO,5,INEFICIENTE,66,TIPICO,False,False,False,energiai-v2-seed-42-size-5000
306.610000,True,18,APARTAMENTO,4,INEFICIENTE,66,TIPICO,False,False,False,energiai-v2-seed-42-size-5000
383.290000,True,14,CASA,8,INEFICIENTE,64,TIPICO,False,False,False,energiai-v2-seed-42-size-5000
488.890000,True,19,COMERCIO,13,INEFICIENTE,85,TIPICO,False,False,False,energiai-v2-seed-42-size-5000
366.650000,False,18,OUTRO,9,MODERADO,40,TIPICO,False,False,False,energiai-v2-seed-42-size-5000
229.930000,True,3,APARTAMENTO,5,MODERADO,31,FRONTEIRA,True,False,False,energiai-v2-seed-42-size-5000
346.360000,False,20,CASA,7,MODERADO,55,TIPICO,False,False,False,energiai-v2-seed-42-size-5000
135.150000,True,33,ESCRITORIO,7,MODERADO,38,RARO_EXTREMO,False,True,False,energiai-v2-seed-42-size-5000
442.760000,True,28,COMERCIO,6,INEFICIENTE,66,TIPICO,False,False,False,energiai-v2-seed-42-size-5000
329.220000,False,18,OUTRO,5,EFICIENTE,30,TIPICO,False,False,False,energiai-v2-seed-42-size-5000
307.710000,True,18,APARTAMENTO,5,INEFICIENTE,70,TIPICO,False,False,False,energiai-v2-seed-42-size-5000
287.840000,True,6,CASA,6,MODERADO,34,TIPICO,False,False,False,energiai-v2-seed-42-size-5000
263.400000,False,5,COMERCIO,2,EFICIENTE,2,TIPICO,False,False,False,energiai-v2-seed-42-size-5000
278.860000,False,18,APARTAMENTO,5,MODERADO,55,TIPICO,False,False,False,energiai-v2-seed-42-size-5000
197.360000,False,6,CASA,2,EFICIENTE,5,TIPICO,False,False,False,energiai-v2-seed-42-size-5000
213.940000,True,8,APARTAMENTO,2,EFICIENTE,28,TIPICO,False,False,False,energiai-v2-seed-42-size-5000
306.330000,True,2,APARTAMENTO,6,MODERADO,49,RARO_EXTREMO,False,True,False,energiai-v2-seed-42-size-5000
849.430000,False,35,INDUSTRIA,14,MODERADO,52,TIPICO,False,False,False,energiai-v2-seed-42-size-5000
489.100000,True,22,ESCRITORIO,9,INEFICIENTE,61,FRONTEIRA,True,False,False,energiai-v2-seed-42-size-5000
305.330000,False,13,COMERCIO,4,EFICIENTE,18,TIPICO,False,False,False,energiai-v2-seed-42-size-5000
397.090000,True,17,COMERCIO,9,MODERADO,56,TIPICO,False,False,False,energiai-v2-seed-42-size-5000
322.810000,True,15,APARTAMENTO,8,INEFICIENTE,79,TIPICO,False,False,False,energiai-v2-seed-42-size-5000
300.470000,True,9,APARTAMENTO,11,INEFICIENTE,74,TIPICO,False,False,False,energiai-v2-seed-42-size-5000
389.980000,True,17,APARTAMENTO,11,INEFICIENTE,100,TIPICO,False,False,False,energiai-v2-seed-42-size-5000
656.340000,True,35,ESCRITORIO,13,INEFICIENTE,100,TIPICO,False,False,False,energiai-v2-seed-42-size-5000
348.180000,False,16,COMERCIO,7,MODERADO,33,TIPICO,False,False,False,energiai-v2-seed-42-size-5000
400.020000,False,23,OUTRO,4,MODERADO,36,TIPICO,False,False,False,energiai-v2-seed-42-size-5000
332.730000,True,16,APARTAMENTO,7,INEFICIENTE,79,TIPICO,False,False,False,energiai-v2-seed-42-size-5000
335.890000,False,15,COMERCIO,7,MODERADO,31,FRONTEIRA,True,False,False,energiai-v2-seed-42-size-5000
180.000000,False,6,ESCRITORIO,5,EFICIENTE,4,TIPICO,False,False,False,energiai-v2-seed-42-size-5000
261.540000,False,6,APARTAMENTO,11,MODERADO,50,TIPICO,False,False,False,energiai-v2-seed-42-size-5000
281.220000,False,11,OUTRO,4,EFICIENTE,19,TIPICO,False,False,False,energiai-v2-seed-42-size-5000
283.430000,False,5,COMERCIO,8,EFICIENTE,15,TIPICO,False,False,False,energiai-v2-seed-42-size-5000
395.790000,True,7,COMERCIO,13,MODERADO,54,TIPICO,False,False,False,energiai-v2-seed-42-size-5000
210.210000,False,17,APARTAMENTO,1,EFICIENTE,28,TIPICO,False,False,False,energiai-v2-seed-42-size-5000
258.060000,True,6,CASA,2,EFICIENTE,21,TIPICO,False,False,False,energiai-v2-seed-42-size-5000
378.500000,False,20,CASA,9,INEFICIENTE,66,TIPICO,False,False,False,energiai-v2-seed-42-size-5000
440.990000,True,23,ESCRITORIO,6,MODERADO,48,TIPICO,False,False,False,energiai-v2-seed-42-size-5000
523.700000,False,23,ESCRITORIO,14,INEFICIENTE,72,TIPICO,False,False,False,energiai-v2-seed-42-size-5000
205.630000,False,13,APARTAMENTO,2,EFICIENTE,25,TIPICO,False,False,False,energiai-v2-seed-42-size-5000
384.090000,True,20,COMERCIO,5,MODERADO,46,TIPICO,False,False,False,energiai-v2-seed-42-size-5000
357.450000,True,2,OUTRO,15,MODERADO,44,TIPICO,False,False,False,energiai-v2-seed-42-size-5000
344.750000,False,34,CASA,6,MODERADO,54,RARO_EXTREMO,False,True,True,energiai-v2-seed-42-size-5000
408.110000,True,12,CASA,11,INEFICIENTE,74,TIPICO,False,False,False,energiai-v2-seed-42-size-5000
386.900000,True,11,COMERCIO,8,MODERADO,45,TIPICO,False,False,False,energiai-v2-seed-42-size-5000
329.720000,True,16,APARTAMENTO,7,INEFICIENTE,79,TIPICO,False,False,False,energiai-v2-seed-42-size-5000
390.840000,True,10,CASA,9,INEFICIENTE,62,TIPICO,False,False,False,energiai-v2-seed-42-size-5000
399.530000,True,17,COMERCIO,7,MODERADO,51,TIPICO,False,False,False,energiai-v2-seed-42-size-5000
246.180000,False,5,CASA,8,EFICIENTE,22,TIPICO,False,False,False,energiai-v2-seed-42-size-5000
358.370000,False,13,COMERCIO,12,MODERADO,44,TIPICO,False,False,False,energiai-v2-seed-42-size-5000
372.610000,True,18,COMERCIO,2,MODERADO,35,TIPICO,False,False,False,energiai-v2-seed-42-size-5000
270.810000,False,5,CASA,10,EFICIENTE,30,TIPICO,False,False,False,energiai-v2-seed-42-size-5000
798.530000,False,28,INDUSTRIA,19,MODERADO,55,TIPICO,False,False,False,energiai-v2-seed-42-size-5000
211.080000,False,4,CASA,6,EFICIENTE,12,TIPICO,False,False,False,energiai-v2-seed-42-size-5000
364.110000,True,19,CASA,3,MODERADO,52,TIPICO,False,False,False,energiai-v2-seed-42-size-5000
344.040000,False,10,OUTRO,7,EFICIENTE,28,TIPICO,False,False,False,energiai-v2-seed-42-size-5000
286.800000,True,18,APARTAMENTO,4,INEFICIENTE,62,TIPICO,False,False,False,energiai-v2-seed-42-size-5000
314.180000,False,18,CASA,3,MODERADO,35,TIPICO,False,False,False,energiai-v2-seed-42-size-5000
278.810000,False,13,COMERCIO,3,EFICIENTE,13,TIPICO,False,False,False,energiai-v2-seed-42-size-5000
211.690000,False,4,CASA,6,EFICIENTE,12,TIPICO,False,False,False,energiai-v2-seed-42-size-5000
405.940000,True,17,CASA,7,INEFICIENTE,68,TIPICO,False,False,False,energiai-v2-seed-42-size-5000
162.350000,False,6,APARTAMENTO,1,EFICIENTE,6,TIPICO,False,False,False,energiai-v2-seed-42-size-5000
293.350000,False,14,ESCRITORIO,8,EFICIENTE,25,TIPICO,False,False,False,energiai-v2-seed-42-size-5000
312.740000,False,5,COMERCIO,12,EFICIENTE,27,TIPICO,False,False,False,energiai-v2-seed-42-size-5000
253.240000,True,6,CASA,3,EFICIENTE,22,TIPICO,False,False,False,energiai-v2-seed-42-size-5000
1143.380000,True,46,INDUSTRIA,15,INEFICIENTE,84,TIPICO,False,False,False,energiai-v2-seed-42-size-5000
343.390000,True,7,CASA,9,MODERADO,50,TIPICO,False,False,False,energiai-v2-seed-42-size-5000
301.760000,True,16,APARTAMENTO,6,INEFICIENTE,69,TIPICO,False,False,False,energiai-v2-seed-42-size-5000
140.000000,False,3,APARTAMENTO,3,EFICIENTE,3,TIPICO,False,False,False,energiai-v2-seed-42-size-5000
258.350000,False,14,CASA,2,EFICIENTE,21,TIPICO,False,False,False,energiai-v2-seed-42-size-5000
297.080000,True,7,APARTAMENTO,10,INEFICIENTE,66,TIPICO,False,False,False,energiai-v2-seed-42-size-5000
349.890000,False,12,CASA,12,MODERADO,58,TIPICO,False,False,False,energiai-v2-seed-42-size-5000
244.210000,False,9,COMERCIO,2,EFICIENTE,3,TIPICO,False,False,False,energiai-v2-seed-42-size-5000
462.920000,True,14,COMERCIO,14,INEFICIENTE,77,TIPICO,False,False,False,energiai-v2-seed-42-size-5000
343.250000,True,14,CASA,5,MODERADO,49,TIPICO,False,False,False,energiai-v2-seed-42-size-5000
379.870000,True,21,COMERCIO,3,MODERADO,41,TIPICO,False,False,False,energiai-v2-seed-42-size-5000
488.920000,True,27,COMERCIO,9,INEFICIENTE,81,TIPICO,False,False,False,energiai-v2-seed-42-size-5000
276.780000,False,10,APARTAMENTO,11,INEFICIENTE,61,TIPICO,False,False,False,energiai-v2-seed-42-size-5000
292.350000,True,12,APARTAMENTO,5,MODERADO,57,TIPICO,False,False,False,energiai-v2-seed-42-size-5000
259.590000,True,18,APARTAMENTO,1,MODERADO,46,TIPICO,False,False,False,energiai-v2-seed-42-size-5000
199.940000,False,5,CASA,2,EFICIENTE,4,TIPICO,False,False,False,energiai-v2-seed-42-size-5000
381.820000,False,18,CASA,9,INEFICIENTE,63,TIPICO,False,False,False,energiai-v2-seed-42-size-5000
506.270000,True,31,ESCRITORIO,8,INEFICIENTE,67,TIPICO,False,False,False,energiai-v2-seed-42-size-5000
334.530000,True,17,APARTAMENTO,7,INEFICIENTE,81,TIPICO,False,False,False,energiai-v2-seed-42-size-5000
401.470000,True,17,CASA,7,INEFICIENTE,67,TIPICO,False,False,False,energiai-v2-seed-42-size-5000
267.630000,False,6,COMERCIO,5,EFICIENTE,8,TIPICO,False,False,False,energiai-v2-seed-42-size-5000
333.330000,True,10,APARTAMENTO,11,INEFICIENTE,83,TIPICO,False,False,False,energiai-v2-seed-42-size-5000
321.290000,False,13,APARTAMENTO,11,INEFICIENTE,77,TIPICO,False,False,False,energiai-v2-seed-42-size-5000
433.890000,True,24,COMERCIO,7,INEFICIENTE,63,TIPICO,False,False,False,energiai-v2-seed-42-size-5000
172.830000,False,9,APARTAMENTO,2,EFICIENTE,14,TIPICO,False,False,False,energiai-v2-seed-42-size-5000
272.240000,False,12,ESCRITORIO,3,EFICIENTE,10,TIPICO,False,False,False,energiai-v2-seed-42-size-5000
355.290000,False,8,COMERCIO,11,MODERADO,35,TIPICO,False,False,False,energiai-v2-seed-42-size-5000
360.050000,False,27,COMERCIO,3,MODERADO,35,TIPICO,False,False,False,energiai-v2-seed-42-size-5000
361.710000,False,17,CASA,8,MODERADO,56,TIPICO,False,False,False,energiai-v2-seed-42-size-5000
140.010000,False,3,APARTAMENTO,1,EFICIENTE,0,TIPICO,False,False,False,energiai-v2-seed-42-size-5000
254.640000,False,11,ESCRITORIO,5,EFICIENTE,13,TIPICO,False,False,False,energiai-v2-seed-42-size-5000
192.590000,False,9,APARTAMENTO,4,EFICIENTE,23,TIPICO,False,False,False,energiai-v2-seed-42-size-5000
286.650000,False,21,OUTRO,2,EFICIENTE,24,TIPICO,False,False,False,energiai-v2-seed-42-size-5000
213.820000,False,16,CASA,1,EFICIENTE,16,TIPICO,False,False,False,energiai-v2-seed-42-size-5000
236.990000,False,11,CASA,4,EFICIENTE,20,TIPICO,False,False,False,energiai-v2-seed-42-size-5000
858.130000,True,31,INDUSTRIA,10,MODERADO,50,TIPICO,False,False,False,energiai-v2-seed-42-size-5000
298.840000,False,13,CASA,9,MODERADO,44,TIPICO,False,False,False,energiai-v2-seed-42-size-5000
301.310000,False,13,ESCRITORIO,8,EFICIENTE,25,TIPICO,False,False,False,energiai-v2-seed-42-size-5000
526.250000,True,27,COMERCIO,12,INEFICIENTE,98,TIPICO,False,False,False,energiai-v2-seed-42-size-5000
188.840000,False,5,APARTAMENTO,6,EFICIENTE,21,TIPICO,False,False,False,energiai-v2-seed-42-size-5000
344.030000,False,21,ESCRITORIO,8,MODERADO,35,TIPICO,False,False,False,energiai-v2-seed-42-size-5000
240.240000,False,12,APARTAMENTO,5,MODERADO,39,TIPICO,False,False,False,energiai-v2-seed-42-size-5000
275.660000,True,18,APARTAMENTO,3,MODERADO,56,TIPICO,False,False,False,energiai-v2-seed-42-size-5000
312.490000,False,6,CASA,11,MODERADO,40,TIPICO,False,False,False,energiai-v2-seed-42-size-5000
402.590000,False,17,COMERCIO,12,MODERADO,55,TIPICO,False,False,False,energiai-v2-seed-42-size-5000
364.300000,True,17,APARTAMENTO,10,INEFICIENTE,100,TIPICO,False,False,False,energiai-v2-seed-42-size-5000
147.970000,False,7,APARTAMENTO,1,EFICIENTE,6,TIPICO,False,False,False,energiai-v2-seed-42-size-5000
368.050000,True,20,CASA,4,MODERADO,57,TIPICO,False,False,False,energiai-v2-seed-42-size-5000
304.720000,False,12,COMERCIO,7,EFICIENTE,23,TIPICO,False,False,False,energiai-v2-seed-42-size-5000
647.940000,True,34,ESCRITORIO,14,INEFICIENTE,100,TIPICO,False,False,False,energiai-v2-seed-42-size-5000
472.100000,True,18,CASA,11,INEFICIENTE,94,TIPICO,False,False,False,energiai-v2-seed-42-size-5000
615.760000,True,27,ESCRITORIO,14,INEFICIENTE,95,TIPICO,False,False,False,energiai-v2-seed-42-size-5000
375.180000,True,16,APARTAMENTO,11,INEFICIENTE,100,TIPICO,False,False,False,energiai-v2-seed-42-size-5000
193.730000,True,3,APARTAMENTO,3,EFICIENTE,20,TIPICO,False,False,False,energiai-v2-seed-42-size-5000
209.360000,False,3,APARTAMENTO,9,EFICIENTE,28,TIPICO,False,False,False,energiai-v2-seed-42-size-5000
381.000000,False,22,COMERCIO,7,MODERADO,44,TIPICO,False,False,False,energiai-v2-seed-42-size-5000
288.290000,False,9,CASA,8,MODERADO,34,TIPICO,False,False,False,energiai-v2-seed-42-size-5000
433.730000,True,21,CASA,7,INEFICIENTE,78,TIPICO,False,False,False,energiai-v2-seed-42-size-5000
237.680000,False,6,CASA,7,EFICIENTE,20,TIPICO,False,False,False,energiai-v2-seed-42-size-5000
477.310000,True,21,COMERCIO,12,INEFICIENTE,82,TIPICO,False,False,False,energiai-v2-seed-42-size-5000
439.400000,True,24,COMERCIO,7,INEFICIENTE,64,TIPICO,False,False,False,energiai-v2-seed-42-size-5000
456.170000,True,21,CASA,8,INEFICIENTE,85,TIPICO,False,False,False,energiai-v2-seed-42-size-5000
209.220000,False,15,APARTAMENTO,1,EFICIENTE,25,TIPICO,False,False,False,energiai-v2-seed-42-size-5000
188.670000,False,9,APARTAMENTO,4,EFICIENTE,22,TIPICO,False,False,False,energiai-v2-seed-42-size-5000
417.500000,True,13,CASA,10,INEFICIENTE,74,TIPICO,False,False,False,energiai-v2-seed-42-size-5000
233.600000,False,4,CASA,7,EFICIENTE,17,TIPICO,False,False,False,energiai-v2-seed-42-size-5000
260.790000,True,6,CASA,3,EFICIENTE,23,TIPICO,False,False,False,energiai-v2-seed-42-size-5000
393.410000,True,17,CASA,7,INEFICIENTE,66,TIPICO,False,False,False,energiai-v2-seed-42-size-5000
169.040000,False,7,APARTAMENTO,2,EFICIENTE,11,TIPICO,False,False,False,energiai-v2-seed-42-size-5000
243.720000,True,3,APARTAMENTO,10,MODERADO,47,TIPICO,False,False,False,energiai-v2-seed-42-size-5000
342.270000,True,14,CASA,4,MODERADO,46,TIPICO,False,False,False,energiai-v2-seed-42-size-5000
151.120000,False,3,APARTAMENTO,2,EFICIENTE,3,TIPICO,False,False,False,energiai-v2-seed-42-size-5000
202.770000,False,8,APARTAMENTO,5,EFICIENTE,26,TIPICO,False,False,False,energiai-v2-seed-42-size-5000
317.510000,True,15,APARTAMENTO,8,INEFICIENTE,78,TIPICO,False,False,False,energiai-v2-seed-42-size-5000
361.460000,False,9,OUTRO,0,EFICIENTE,17,RARO_EXTREMO,False,True,False,energiai-v2-seed-42-size-5000
440.930000,False,24,COMERCIO,11,INEFICIENTE,67,TIPICO,False,False,False,energiai-v2-seed-42-size-5000
315.150000,True,10,CASA,5,MODERADO,40,TIPICO,False,False,False,energiai-v2-seed-42-size-5000
258.550000,False,16,CASA,4,EFICIENTE,29,TIPICO,False,False,False,energiai-v2-seed-42-size-5000
142.640000,False,4,APARTAMENTO,1,EFICIENTE,1,TIPICO,False,False,False,energiai-v2-seed-42-size-5000
304.060000,True,17,APARTAMENTO,5,INEFICIENTE,68,TIPICO,False,False,False,energiai-v2-seed-42-size-5000
317.850000,True,16,CASA,3,MODERADO,42,TIPICO,False,False,False,energiai-v2-seed-42-size-5000
331.770000,False,6,COMERCIO,12,MODERADO,31,TIPICO,False,False,False,energiai-v2-seed-42-size-5000
269.420000,False,11,CASA,4,EFICIENTE,24,TIPICO,False,False,False,energiai-v2-seed-42-size-5000
467.260000,True,21,CASA,9,INEFICIENTE,90,TIPICO,False,False,False,energiai-v2-seed-42-size-5000
361.990000,False,12,CASA,11,MODERADO,57,TIPICO,False,False,False,energiai-v2-seed-42-size-5000
249.270000,True,5,APARTAMENTO,6,MODERADO,41,TIPICO,False,False,False,energiai-v2-seed-42-size-5000
453.820000,True,22,COMERCIO,10,INEFICIENTE,73,TIPICO,False,False,False,energiai-v2-seed-42-size-5000
278.070000,False,17,APARTAMENTO,5,MODERADO,54,TIPICO,False,False,False,energiai-v2-seed-42-size-5000
706.080000,False,40,INDUSTRIA,8,MODERADO,36,TIPICO,False,False,False,energiai-v2-seed-42-size-5000
365.980000,True,13,CASA,7,MODERADO,57,TIPICO,False,False,False,energiai-v2-seed-42-size-5000
401.280000,True,22,CASA,6,INEFICIENTE,71,TIPICO,False,False,False,energiai-v2-seed-42-size-5000
235.950000,True,14,APARTAMENTO,1,MODERADO,37,TIPICO,False,False,False,energiai-v2-seed-42-size-5000
264.160000,True,11,APARTAMENTO,7,MODERADO,57,TIPICO,False,False,False,energiai-v2-seed-42-size-5000
500.280000,True,21,CASA,12,INEFICIENTE,100,TIPICO,False,False,False,energiai-v2-seed-42-size-5000
438.410000,True,12,ESCRITORIO,10,MODERADO,50,TIPICO,False,False,False,energiai-v2-seed-42-size-5000
373.570000,True,20,CASA,20,INEFICIENTE,84,RARO_EXTREMO,False,True,True,energiai-v2-seed-42-size-5000
362.120000,False,17,CASA,7,MODERADO,53,TIPICO,False,False,False,energiai-v2-seed-42-size-5000
389.090000,False,22,CASA,6,MODERADO,60,FRONTEIRA,True,False,False,energiai-v2-seed-42-size-5000
234.680000,True,7,APARTAMENTO,5,MODERADO,39,TIPICO,False,False,False,energiai-v2-seed-42-size-5000
379.700000,True,17,APARTAMENTO,11,INEFICIENTE,100,TIPICO,False,False,False,energiai-v2-seed-42-size-5000
411.210000,True,21,COMERCIO,6,MODERADO,54,TIPICO,False,False,False,energiai-v2-seed-42-size-5000
289.490000,True,17,CASA,1,MODERADO,35,TIPICO,False,False,False,energiai-v2-seed-42-size-5000
370.990000,True,11,CASA,11,INEFICIENTE,66,TIPICO,False,False,False,energiai-v2-seed-42-size-5000
258.190000,True,7,APARTAMENTO,7,MODERADO,49,TIPICO,False,False,False,energiai-v2-seed-42-size-5000
425.680000,True,11,COMERCIO,13,INEFICIENTE,64,TIPICO,False,False,False,energiai-v2-seed-42-size-5000
322.700000,False,16,CASA,7,MODERADO,46,TIPICO,False,False,False,energiai-v2-seed-42-size-5000
178.470000,False,5,APARTAMENTO,4,EFICIENTE,14,TIPICO,False,False,False,energiai-v2-seed-42-size-5000
527.660000,True,27,COMERCIO,11,INEFICIENTE,95,TIPICO,False,False,False,energiai-v2-seed-42-size-5000
330.570000,False,22,CASA,4,MODERADO,46,TIPICO,False,False,False,energiai-v2-seed-42-size-5000
454.150000,False,21,CASA,11,INEFICIENTE,86,TIPICO,False,False,False,energiai-v2-seed-42-size-5000
301.320000,False,13,CASA,8,MODERADO,41,TIPICO,False,False,False,energiai-v2-seed-42-size-5000
193.270000,False,12,APARTAMENTO,2,EFICIENTE,22,TIPICO,False,False,False,energiai-v2-seed-42-size-5000
443.880000,True,20,COMERCIO,9,INEFICIENTE,66,TIPICO,False,False,False,energiai-v2-seed-42-size-5000
342.320000,True,17,APARTAMENTO,8,INEFICIENTE,87,TIPICO,False,False,False,energiai-v2-seed-42-size-5000
279.440000,False,4,CASA,12,MODERADO,34,TIPICO,False,False,False,energiai-v2-seed-42-size-5000
360.220000,False,19,ESCRITORIO,9,MODERADO,37,TIPICO,False,False,False,energiai-v2-seed-42-size-5000
176.620000,False,10,APARTAMENTO,1,EFICIENTE,14,TIPICO,False,False,False,energiai-v2-seed-42-size-5000
423.950000,True,21,CASA,8,INEFICIENTE,80,TIPICO,False,False,False,energiai-v2-seed-42-size-5000
248.070000,False,13,APARTAMENTO,5,MODERADO,42,TIPICO,False,False,False,energiai-v2-seed-42-size-5000
280.550000,True,6,APARTAMENTO,10,MODERADO,60,FRONTEIRA,True,False,False,energiai-v2-seed-42-size-5000
357.820000,True,15,APARTAMENTO,11,INEFICIENTE,99,TIPICO,False,False,False,energiai-v2-seed-42-size-5000
423.080000,True,5,APARTAMENTO,8,INEFICIENTE,76,RARO_EXTREMO,False,True,True,energiai-v2-seed-42-size-5000
503.160000,False,32,ESCRITORIO,11,INEFICIENTE,68,TIPICO,False,False,False,energiai-v2-seed-42-size-5000
333.400000,True,12,CASA,5,MODERADO,45,TIPICO,False,False,False,energiai-v2-seed-42-size-5000
298.690000,False,14,COMERCIO,4,EFICIENTE,18,TIPICO,False,False,False,energiai-v2-seed-42-size-5000
626.450000,False,34,INDUSTRIA,8,EFICIENTE,30,TIPICO,False,False,False,energiai-v2-seed-42-size-5000
334.340000,False,30,ESCRITORIO,3,EFICIENTE,27,TIPICO,False,False,False,energiai-v2-seed-42-size-5000
421.660000,True,18,COMERCIO,11,INEFICIENTE,66,TIPICO,False,False,False,energiai-v2-seed-42-size-5000
464.550000,False,25,COMERCIO,13,INEFICIENTE,79,TIPICO,False,False,False,energiai-v2-seed-42-size-5000
234.050000,True,12,OUTRO,1,EFICIENTE,21,TIPICO,False,False,False,energiai-v2-seed-42-size-5000
515.910000,True,27,COMERCIO,12,INEFICIENTE,96,TIPICO,False,False,False,energiai-v2-seed-42-size-5000
229.360000,False,5,CASA,8,EFICIENTE,20,TIPICO,False,False,False,energiai-v2-seed-42-size-5000
366.240000,True,11,COMERCIO,6,MODERADO,37,TIPICO,False,False,False,energiai-v2-seed-42-size-5000
310.280000,False,10,ESCRITORIO,10,EFICIENTE,28,TIPICO,False,False,False,energiai-v2-seed-42-size-5000
276.200000,True,14,APARTAMENTO,4,MODERADO,54,TIPICO,False,False,False,energiai-v2-seed-42-size-5000
153.650000,False,3,APARTAMENTO,5,EFICIENTE,9,TIPICO,False,False,False,energiai-v2-seed-42-size-5000
216.810000,False,6,APARTAMENTO,7,EFICIENTE,30,FRONTEIRA,True,False,False,energiai-v2-seed-42-size-5000
364.070000,True,18,APARTAMENTO,9,INEFICIENTE,98,TIPICO,False,False,False,energiai-v2-seed-42-size-5000
398.180000,False,14,OUTRO,11,MODERADO,43,TIPICO,False,False,False,energiai-v2-seed-42-size-5000
354.310000,False,5,COMERCIO,14,MODERADO,37,TIPICO,False,False,False,energiai-v2-seed-42-size-5000
278.250000,False,16,APARTAMENTO,5,MODERADO,52,TIPICO,False,False,False,energiai-v2-seed-42-size-5000
540.260000,True,10,OUTRO,14,INEFICIENTE,65,TIPICO,False,False,False,energiai-v2-seed-42-size-5000
514.360000,False,22,INDUSTRIA,6,EFICIENTE,16,TIPICO,False,False,False,energiai-v2-seed-42-size-5000
942.390000,True,27,INDUSTRIA,15,INEFICIENTE,62,TIPICO,False,False,False,energiai-v2-seed-42-size-5000
295.440000,True,11,ESCRITORIO,4,EFICIENTE,22,TIPICO,False,False,False,energiai-v2-seed-42-size-5000
486.830000,False,27,COMERCIO,12,INEFICIENTE,82,TIPICO,False,False,False,energiai-v2-seed-42-size-5000
369.370000,False,16,CASA,10,INEFICIENTE,62,TIPICO,False,False,False,energiai-v2-seed-42-size-5000
232.600000,True,10,APARTAMENTO,4,MODERADO,40,TIPICO,False,False,False,energiai-v2-seed-42-size-5000
360.130000,False,23,ESCRITORIO,7,MODERADO,35,TIPICO,False,False,False,energiai-v2-seed-42-size-5000
369.680000,False,18,ESCRITORIO,9,MODERADO,37,TIPICO,False,False,False,energiai-v2-seed-42-size-5000
461.460000,True,15,COMERCIO,13,INEFICIENTE,75,TIPICO,False,False,False,energiai-v2-seed-42-size-5000
177.680000,False,9,APARTAMENTO,1,EFICIENTE,13,TIPICO,False,False,False,energiai-v2-seed-42-size-5000
201.760000,False,8,CASA,1,EFICIENTE,6,TIPICO,False,False,False,energiai-v2-seed-42-size-5000
319.260000,False,19,COMERCIO,3,EFICIENTE,23,TIPICO,False,False,False,energiai-v2-seed-42-size-5000
461.090000,True,21,ESCRITORIO,9,MODERADO,57,TIPICO,False,False,False,energiai-v2-seed-42-size-5000
687.940000,True,20,OUTRO,16,INEFICIENTE,92,TIPICO,False,False,False,energiai-v2-seed-42-size-5000
286.850000,True,11,APARTAMENTO,9,INEFICIENTE,68,TIPICO,False,False,False,energiai-v2-seed-42-size-5000
404.340000,True,27,COMERCIO,4,MODERADO,53,TIPICO,False,False,False,energiai-v2-seed-42-size-5000
241.840000,False,10,APARTAMENTO,7,MODERADO,42,TIPICO,False,False,False,energiai-v2-seed-42-size-5000
233.760000,False,11,APARTAMENTO,7,MODERADO,42,TIPICO,False,False,False,energiai-v2-seed-42-size-5000
333.320000,False,7,CASA,12,MODERADO,47,TIPICO,False,False,False,energiai-v2-seed-42-size-5000
431.540000,True,13,CASA,12,INEFICIENTE,82,TIPICO,False,False,False,energiai-v2-seed-42-size-5000
286.390000,False,11,APARTAMENTO,11,INEFICIENTE,65,TIPICO,False,False,False,energiai-v2-seed-42-size-5000
352.560000,True,5,CASA,11,MODERADO,54,TIPICO,False,False,False,energiai-v2-seed-42-size-5000
261.120000,True,14,APARTAMENTO,4,MODERADO,51,TIPICO,False,False,False,energiai-v2-seed-42-size-5000
356.590000,True,11,CASA,10,INEFICIENTE,61,FRONTEIRA,True,False,False,energiai-v2-seed-42-size-5000
283.520000,False,7,ESCRITORIO,8,EFICIENTE,18,TIPICO,False,False,False,energiai-v2-seed-42-size-5000
277.660000,False,10,APARTAMENTO,10,MODERADO,58,TIPICO,False,False,False,energiai-v2-seed-42-size-5000
482.540000,True,19,CASA,11,INEFICIENTE,97,TIPICO,False,False,False,energiai-v2-seed-42-size-5000
356.300000,True,18,APARTAMENTO,9,INEFICIENTE,96,TIPICO,False,False,False,energiai-v2-seed-42-size-5000
351.850000,True,11,CASA,7,MODERADO,52,TIPICO,False,False,False,energiai-v2-seed-42-size-5000
369.720000,True,15,APARTAMENTO,11,INEFICIENTE,100,TIPICO,False,False,False,energiai-v2-seed-42-size-5000
474.570000,True,34,CASA,9,INEFICIENTE,93,RARO_EXTREMO,False,True,True,energiai-v2-seed-42-size-5000
437.790000,True,18,CASA,20,INEFICIENTE,91,RARO_EXTREMO,False,True,True,energiai-v2-seed-42-size-5000
187.220000,False,6,APARTAMENTO,5,EFICIENTE,20,TIPICO,False,False,False,energiai-v2-seed-42-size-5000
263.210000,False,21,ESCRITORIO,3,EFICIENTE,16,TIPICO,False,False,False,energiai-v2-seed-42-size-5000
296.950000,True,18,APARTAMENTO,4,INEFICIENTE,64,TIPICO,False,False,False,energiai-v2-seed-42-size-5000
625.420000,True,31,ESCRITORIO,12,INEFICIENTE,93,TIPICO,False,False,False,energiai-v2-seed-42-size-5000
455.080000,True,13,COMERCIO,14,INEFICIENTE,74,TIPICO,False,False,False,energiai-v2-seed-42-size-5000
281.490000,False,7,CASA,10,MODERADO,34,TIPICO,False,False,False,energiai-v2-seed-42-size-5000
314.100000,False,14,CASA,6,MODERADO,39,TIPICO,False,False,False,energiai-v2-seed-42-size-5000
663.780000,True,17,INDUSTRIA,10,MODERADO,35,TIPICO,False,False,False,energiai-v2-seed-42-size-5000
433.230000,True,19,CASA,8,INEFICIENTE,78,TIPICO,False,False,False,energiai-v2-seed-42-size-5000
357.420000,False,16,COMERCIO,8,MODERADO,37,TIPICO,False,False,False,energiai-v2-seed-42-size-5000
374.650000,True,9,CASA,9,MODERADO,58,TIPICO,False,False,False,energiai-v2-seed-42-size-5000
196.580000,False,3,APARTAMENTO,7,EFICIENTE,21,TIPICO,False,False,False,energiai-v2-seed-42-size-5000
445.850000,False,16,INDUSTRIA,6,EFICIENTE,11,TIPICO,False,False,False,energiai-v2-seed-42-size-5000
594.330000,True,24,ESCRITORIO,14,INEFICIENTE,89,TIPICO,False,False,False,energiai-v2-seed-42-size-5000
299.160000,False,18,APARTAMENTO,8,INEFICIENTE,71,TIPICO,False,False,False,energiai-v2-seed-42-size-5000
357.260000,False,12,INDUSTRIA,5,EFICIENTE,4,TIPICO,False,False,False,energiai-v2-seed-42-size-5000
281.940000,True,11,APARTAMENTO,7,MODERADO,60,FRONTEIRA,True,False,False,energiai-v2-seed-42-size-5000
218.670000,True,8,APARTAMENTO,4,MODERADO,35,TIPICO,False,False,False,energiai-v2-seed-42-size-5000
441.750000,True,20,CASA,8,INEFICIENTE,81,TIPICO,False,False,False,energiai-v2-seed-42-size-5000
246.380000,False,14,APARTAMENTO,6,MODERADO,46,TIPICO,False,False,False,energiai-v2-seed-42-size-5000
297.080000,True,8,APARTAMENTO,11,INEFICIENTE,71,TIPICO,False,False,False,energiai-v2-seed-42-size-5000
354.770000,False,6,COMERCIO,14,MODERADO,39,TIPICO,False,False,False,energiai-v2-seed-42-size-5000
222.240000,False,4,CASA,20,EFICIENTE,25,RARO_EXTREMO,False,True,True,energiai-v2-seed-42-size-5000
256.330000,False,9,APARTAMENTO,9,MODERADO,49,TIPICO,False,False,False,energiai-v2-seed-42-size-5000
365.040000,True,12,CASA,8,MODERADO,58,TIPICO,False,False,False,energiai-v2-seed-42-size-5000
261.350000,True,13,APARTAMENTO,4,MODERADO,50,TIPICO,False,False,False,energiai-v2-seed-42-size-5000
247.190000,False,6,CASA,8,EFICIENTE,24,TIPICO,False,False,False,energiai-v2-seed-42-size-5000
457.850000,False,28,COMERCIO,10,INEFICIENTE,72,TIPICO,False,False,False,energiai-v2-seed-42-size-5000
1120.920000,True,40,INDUSTRIA,21,INEFICIENTE,90,RARO_EXTREMO,False,True,False,energiai-v2-seed-42-size-5000
158.440000,False,7,APARTAMENTO,2,EFICIENTE,9,TIPICO,False,False,False,energiai-v2-seed-42-size-5000
319.160000,False,11,COMERCIO,6,EFICIENTE,22,TIPICO,False,False,False,energiai-v2-seed-42-size-5000
71.330000,True,5,APARTAMENTO,6,EFICIENTE,22,RARO_EXTREMO,False,True,True,energiai-v2-seed-42-size-5000
481.080000,True,21,COMERCIO,13,INEFICIENTE,86,TIPICO,False,False,False,energiai-v2-seed-42-size-5000
413.170000,True,14,CASA,10,INEFICIENTE,74,TIPICO,False,False,False,energiai-v2-seed-42-size-5000
286.130000,False,5,ESCRITORIO,11,EFICIENTE,23,TIPICO,False,False,False,energiai-v2-seed-42-size-5000
182.870000,False,11,APARTAMENTO,1,EFICIENTE,16,TIPICO,False,False,False,energiai-v2-seed-42-size-5000
229.160000,False,8,CASA,1,EFICIENTE,9,TIPICO,False,False,False,energiai-v2-seed-42-size-5000
283.650000,False,5,CASA,11,MODERADO,34,TIPICO,False,False,False,energiai-v2-seed-42-size-5000
489.250000,True,21,COMERCIO,12,INEFICIENTE,84,TIPICO,False,False,False,energiai-v2-seed-42-size-5000
335.220000,True,14,CASA,5,MODERADO,48,TIPICO,False,False,False,energiai-v2-seed-42-size-5000
446.830000,True,31,ESCRITORIO,5,MODERADO,51,TIPICO,False,False,False,energiai-v2-seed-42-size-5000
357.030000,True,14,APARTAMENTO,11,INEFICIENTE,97,TIPICO,False,False,False,energiai-v2-seed-42-size-5000
193.220000,False,14,APARTAMENTO,1,EFICIENTE,22,TIPICO,False,False,False,energiai-v2-seed-42-size-5000
737.830000,True,43,INDUSTRIA,4,MODERADO,40,TIPICO,False,False,False,energiai-v2-seed-42-size-5000
300.710000,False,12,COMERCIO,7,EFICIENTE,23,TIPICO,False,False,False,energiai-v2-seed-42-size-5000
278.540000,True,5,APARTAMENTO,10,MODERADO,58,TIPICO,False,False,False,energiai-v2-seed-42-size-5000
433.170000,True,26,COMERCIO,7,INEFICIENTE,65,TIPICO,False,False,False,energiai-v2-seed-42-size-5000
490.040000,True,28,COMERCIO,9,INEFICIENTE,83,TIPICO,False,False,False,energiai-v2-seed-42-size-5000
310.230000,False,7,COMERCIO,11,EFICIENTE,27,TIPICO,False,False,False,energiai-v2-seed-42-size-5000
204.990000,False,8,CASA,3,EFICIENTE,10,TIPICO,False,False,False,energiai-v2-seed-42-size-5000
562.800000,True,25,OUTRO,9,INEFICIENTE,70,TIPICO,False,False,False,energiai-v2-seed-42-size-5000
271.540000,False,18,CASA,2,EFICIENTE,27,TIPICO,False,False,False,energiai-v2-seed-42-size-5000
211.230000,False,10,APARTAMENTO,0,EFICIENTE,19,RARO_EXTREMO,False,True,False,energiai-v2-seed-42-size-5000
329.890000,False,10,OUTRO,9,MODERADO,31,FRONTEIRA,True,False,False,energiai-v2-seed-42-size-5000
445.410000,False,22,CASA,12,INEFICIENTE,90,TIPICO,False,False,False,energiai-v2-seed-42-size-5000
430.700000,True,19,CASA,9,INEFICIENTE,82,TIPICO,False,False,False,energiai-v2-seed-42-size-5000
364.470000,True,3,CASA,11,MODERADO,54,RARO_EXTREMO,False,True,False,energiai-v2-seed-42-size-5000
312.730000,False,16,CASA,6,MODERADO,41,TIPICO,False,False,False,energiai-v2-seed-42-size-5000
240.510000,True,16,APARTAMENTO,1,MODERADO,41,TIPICO,False,False,False,energiai-v2-seed-42-size-5000
439.280000,True,18,COMERCIO,12,INEFICIENTE,72,TIPICO,False,False,False,energiai-v2-seed-42-size-5000
243.740000,True,6,CASA,3,EFICIENTE,21,TIPICO,False,False,False,energiai-v2-seed-42-size-5000
260.590000,False,14,CASA,2,EFICIENTE,21,TIPICO,False,False,False,energiai-v2-seed-42-size-5000
356.080000,False,16,COMERCIO,8,MODERADO,37,TIPICO,False,False,False,energiai-v2-seed-42-size-5000
278.160000,False,7,CASA,8,EFICIENTE,29,TIPICO,False,False,False,energiai-v2-seed-42-size-5000
318.400000,False,14,CASA,0,EFICIENTE,25,RARO_EXTREMO,False,True,False,energiai-v2-seed-42-size-5000
269.280000,True,18,APARTAMENTO,2,MODERADO,52,TIPICO,False,False,False,energiai-v2-seed-42-size-5000
290.690000,True,15,APARTAMENTO,4,MODERADO,58,TIPICO,False,False,False,energiai-v2-seed-42-size-5000
331.000000,True,12,APARTAMENTO,9,INEFICIENTE,79,TIPICO,False,False,False,energiai-v2-seed-42-size-5000
205.460000,False,6,APARTAMENTO,7,EFICIENTE,28,TIPICO,False,False,False,energiai-v2-seed-42-size-5000
446.400000,True,9,ESCRITORIO,14,MODERADO,59,TIPICO,False,False,False,energiai-v2-seed-42-size-5000
207.020000,False,5,CASA,4,EFICIENTE,9,TIPICO,False,False,False,energiai-v2-seed-42-size-5000
210.080000,False,11,APARTAMENTO,4,EFICIENTE,29,TIPICO,False,False,False,energiai-v2-seed-42-size-5000
326.190000,True,14,APARTAMENTO,8,INEFICIENTE,78,TIPICO,False,False,False,energiai-v2-seed-42-size-5000
278.490000,True,5,CASA,5,EFICIENTE,29,TIPICO,False,False,False,energiai-v2-seed-42-size-5000
255.870000,False,17,CASA,1,EFICIENTE,22,TIPICO,False,False,False,energiai-v2-seed-42-size-5000
367.780000,False,15,CASA,10,MODERADO,60,TIPICO,False,False,False,energiai-v2-seed-42-size-5000
325.150000,True,5,CASA,11,MODERADO,49,TIPICO,False,False,False,energiai-v2-seed-42-size-5000
316.290000,True,18,CASA,2,MODERADO,42,TIPICO,False,False,False,energiai-v2-seed-42-size-5000
177.360000,False,4,APARTAMENTO,5,EFICIENTE,15,TIPICO,False,False,False,energiai-v2-seed-42-size-5000
582.540000,True,21,ESCRITORIO,14,INEFICIENTE,85,TIPICO,False,False,False,energiai-v2-seed-42-size-5000
233.670000,True,4,APARTAMENTO,8,MODERADO,41,TIPICO,False,False,False,energiai-v2-seed-42-size-5000
253.970000,True,9,OUTRO,1,EFICIENTE,20,TIPICO,False,False,False,energiai-v2-seed-42-size-5000
369.810000,True,14,CASA,5,MODERADO,53,TIPICO,False,False,False,energiai-v2-seed-42-size-5000
256.680000,False,5,COMERCIO,6,EFICIENTE,8,TIPICO,False,False,False,energiai-v2-seed-42-size-5000
296.600000,False,15,ESCRITORIO,4,EFICIENTE,16,TIPICO,False,False,False,energiai-v2-seed-42-size-5000
328.910000,False,9,COMERCIO,9,EFICIENTE,28,TIPICO,False,False,False,energiai-v2-seed-42-size-5000
234.690000,False,6,CASA,6,EFICIENTE,18,TIPICO,False,False,False,energiai-v2-seed-42-size-5000
200.690000,False,11,APARTAMENTO,2,EFICIENTE,21,TIPICO,False,False,False,energiai-v2-seed-42-size-5000
397.020000,True,26,COMERCIO,3,MODERADO,48,TIPICO,False,False,False,energiai-v2-seed-42-size-5000
745.530000,False,43,INDUSTRIA,8,MODERADO,39,TIPICO,False,False,False,energiai-v2-seed-42-size-5000
371.870000,True,17,APARTAMENTO,10,INEFICIENTE,100,TIPICO,False,False,False,energiai-v2-seed-42-size-5000
317.790000,False,14,CASA,8,MODERADO,45,TIPICO,False,False,False,energiai-v2-seed-42-size-5000
436.540000,False,28,COMERCIO,8,INEFICIENTE,62,TIPICO,False,False,False,energiai-v2-seed-42-size-5000
326.410000,False,24,ESCRITORIO,5,EFICIENTE,28,TIPICO,False,False,False,energiai-v2-seed-42-size-5000
316.670000,False,7,CASA,11,MODERADO,42,TIPICO,False,False,False,energiai-v2-seed-42-size-5000
206.120000,True,4,APARTAMENTO,5,EFICIENTE,29,TIPICO,False,False,False,energiai-v2-seed-42-size-5000
149.100000,False,5,APARTAMENTO,2,EFICIENTE,5,TIPICO,False,False,False,energiai-v2-seed-42-size-5000
255.230000,True,4,APARTAMENTO,10,MODERADO,51,TIPICO,False,False,False,energiai-v2-seed-42-size-5000
692.340000,False,45,INDUSTRIA,4,EFICIENTE,30,FRONTEIRA,True,False,False,energiai-v2-seed-42-size-5000
391.270000,True,16,CASA,8,INEFICIENTE,68,TIPICO,False,False,False,energiai-v2-seed-42-size-5000
799.100000,True,7,ESCRITORIO,6,MODERADO,60,RARO_EXTREMO,False,True,True,energiai-v2-seed-42-size-5000
225.080000,False,6,APARTAMENTO,10,MODERADO,40,TIPICO,False,False,False,energiai-v2-seed-42-size-5000
1235.720000,True,45,INDUSTRIA,18,INEFICIENTE,95,TIPICO,False,False,False,energiai-v2-seed-42-size-5000
284.610000,False,16,APARTAMENTO,7,MODERADO,60,FRONTEIRA,True,False,False,energiai-v2-seed-42-size-5000
386.780000,True,21,CASA,6,INEFICIENTE,68,TIPICO,False,False,False,energiai-v2-seed-42-size-5000
309.740000,False,20,ESCRITORIO,5,EFICIENTE,23,TIPICO,False,False,False,energiai-v2-seed-42-size-5000
488.370000,True,18,CASA,11,INEFICIENTE,97,TIPICO,False,False,False,energiai-v2-seed-42-size-5000
249.600000,True,9,APARTAMENTO,4,MODERADO,42,TIPICO,False,False,False,energiai-v2-seed-42-size-5000
306.870000,False,13,COMERCIO,4,EFICIENTE,18,TIPICO,False,False,False,energiai-v2-seed-42-size-5000
231.730000,False,26,OUTRO,1,EFICIENTE,22,TIPICO,False,False,False,energiai-v2-seed-42-size-5000
236.370000,True,16,APARTAMENTO,1,MODERADO,40,TIPICO,False,False,False,energiai-v2-seed-42-size-5000
291.350000,False,4,CASA,10,MODERADO,31,FRONTEIRA,True,False,False,energiai-v2-seed-42-size-5000
208.240000,False,4,APARTAMENTO,8,EFICIENTE,28,TIPICO,False,False,False,energiai-v2-seed-42-size-5000
438.660000,True,24,COMERCIO,7,INEFICIENTE,64,TIPICO,False,False,False,energiai-v2-seed-42-size-5000
248.990000,True,8,CASA,1,EFICIENTE,20,TIPICO,False,False,False,energiai-v2-seed-42-size-5000
496.540000,True,21,COMERCIO,14,INEFICIENTE,92,TIPICO,False,False,False,energiai-v2-seed-42-size-5000
256.300000,False,10,APARTAMENTO,7,MODERADO,44,TIPICO,False,False,False,energiai-v2-seed-42-size-5000
392.090000,True,11,CASA,12,INEFICIENTE,72,TIPICO,False,False,False,energiai-v2-seed-42-size-5000
445.130000,True,17,ESCRITORIO,10,MODERADO,55,TIPICO,False,False,False,energiai-v2-seed-42-size-5000
226.250000,False,10,CASA,2,EFICIENTE,13,TIPICO,False,False,False,energiai-v2-seed-42-size-5000
411.030000,False,23,COMERCIO,9,MODERADO,55,TIPICO,False,False,False,energiai-v2-seed-42-size-5000
207.570000,False,6,CASA,3,EFICIENTE,8,TIPICO,False,False,False,energiai-v2-seed-42-size-5000
255.210000,True,7,APARTAMENTO,9,MODERADO,54,TIPICO,False,False,False,energiai-v2-seed-42-size-5000
261.370000,True,7,APARTAMENTO,9,MODERADO,55,TIPICO,False,False,False,energiai-v2-seed-42-size-5000
194.670000,False,6,APARTAMENTO,6,EFICIENTE,24,TIPICO,False,False,False,energiai-v2-seed-42-size-5000
340.580000,True,19,COMERCIO,2,MODERADO,32,TIPICO,False,False,False,energiai-v2-seed-42-size-5000
802.520000,True,15,INDUSTRIA,14,MODERADO,46,TIPICO,False,False,False,energiai-v2-seed-42-size-5000
284.340000,False,16,CASA,2,EFICIENTE,27,TIPICO,False,False,False,energiai-v2-seed-42-size-5000
203.240000,False,6,APARTAMENTO,7,EFICIENTE,28,TIPICO,False,False,False,energiai-v2-seed-42-size-5000
357.360000,False,21,CASA,7,MODERADO,58,TIPICO,False,False,False,energiai-v2-seed-42-size-5000
303.770000,True,16,APARTAMENTO,5,INEFICIENTE,66,TIPICO,False,False,False,energiai-v2-seed-42-size-5000
556.500000,True,32,ESCRITORIO,11,INEFICIENTE,83,TIPICO,False,False,False,energiai-v2-seed-42-size-5000
487.430000,True,27,COMERCIO,9,INEFICIENTE,81,TIPICO,False,False,False,energiai-v2-seed-42-size-5000
316.500000,False,15,CASA,7,MODERADO,43,TIPICO,False,False,False,energiai-v2-seed-42-size-5000
505.100000,True,22,COMERCIO,14,INEFICIENTE,94,TIPICO,False,False,False,energiai-v2-seed-42-size-5000
239.210000,False,14,APARTAMENTO,4,MODERADO,38,TIPICO,False,False,False,energiai-v2-seed-42-size-5000
358.020000,False,10,CASA,11,MODERADO,53,TIPICO,False,False,False,energiai-v2-seed-42-size-5000
215.470000,True,10,APARTAMENTO,1,EFICIENTE,29,TIPICO,False,False,False,energiai-v2-seed-42-size-5000
179.270000,False,3,APARTAMENTO,8,EFICIENTE,20,TIPICO,False,False,False,energiai-v2-seed-42-size-5000
266.200000,False,9,CASA,7,EFICIENTE,28,TIPICO,False,False,False,energiai-v2-seed-42-size-5000
331.920000,True,13,APARTAMENTO,10,INEFICIENTE,85,TIPICO,False,False,False,energiai-v2-seed-42-size-5000
212.150000,False,4,CASA,4,EFICIENTE,8,TIPICO,False,False,False,energiai-v2-seed-42-size-5000
253.730000,False,6,CASA,7,EFICIENTE,22,TIPICO,False,False,False,energiai-v2-seed-42-size-5000
444.010000,False,17,ESCRITORIO,13,MODERADO,54,TIPICO,False,False,False,energiai-v2-seed-42-size-5000
345.960000,True,13,APARTAMENTO,11,INEFICIENTE,92,TIPICO,False,False,False,energiai-v2-seed-42-size-5000
184.720000,False,5,CASA,1,EFICIENTE,1,TIPICO,False,False,False,energiai-v2-seed-42-size-5000
288.320000,True,8,APARTAMENTO,9,INEFICIENTE,63,TIPICO,False,False,False,energiai-v2-seed-42-size-5000
265.090000,True,10,APARTAMENTO,6,MODERADO,52,TIPICO,False,False,False,energiai-v2-seed-42-size-5000
419.710000,False,22,CASA,10,INEFICIENTE,79,TIPICO,False,False,False,energiai-v2-seed-42-size-5000
296.250000,False,13,COMERCIO,5,EFICIENTE,19,TIPICO,False,False,False,energiai-v2-seed-42-size-5000
305.240000,False,15,CASA,7,MODERADO,42,TIPICO,False,False,False,energiai-v2-seed-42-size-5000
237.750000,True,7,APARTAMENTO,4,MODERADO,36,TIPICO,False,False,False,energiai-v2-seed-42-size-5000
304.990000,False,6,CASA,11,MODERADO,39,TIPICO,False,False,False,energiai-v2-seed-42-size-5000
385.740000,False,23,COMERCIO,7,MODERADO,46,TIPICO,False,False,False,energiai-v2-seed-42-size-5000
290.380000,True,14,CASA,2,MODERADO,34,TIPICO,False,False,False,energiai-v2-seed-42-size-5000
339.470000,True,13,COMERCIO,4,MODERADO,31,TIPICO,False,False,False,energiai-v2-seed-42-size-5000
443.330000,False,9,INDUSTRIA,12,EFICIENTE,15,TIPICO,False,False,False,energiai-v2-seed-42-size-5000
242.660000,False,7,CASA,7,EFICIENTE,22,TIPICO,False,False,False,energiai-v2-seed-42-size-5000
202.450000,False,17,APARTAMENTO,1,EFICIENTE,27,TIPICO,False,False,False,energiai-v2-seed-42-size-5000
239.940000,False,17,APARTAMENTO,3,MODERADO,40,TIPICO,False,False,False,energiai-v2-seed-42-size-5000
408.160000,True,28,COMERCIO,4,MODERADO,54,TIPICO,False,False,False,energiai-v2-seed-42-size-5000
306.080000,False,20,CASA,4,MODERADO,40,TIPICO,False,False,False,energiai-v2-seed-42-size-5000
425.290000,True,15,CASA,11,INEFICIENTE,81,TIPICO,False,False,False,energiai-v2-seed-42-size-5000
407.810000,True,11,CASA,12,INEFICIENTE,75,TIPICO,False,False,False,energiai-v2-seed-42-size-5000
401.230000,True,11,CASA,11,INEFICIENTE,71,TIPICO,False,False,False,energiai-v2-seed-42-size-5000
318.320000,False,10,CASA,8,MODERADO,39,TIPICO,False,False,False,energiai-v2-seed-42-size-5000
269.680000,True,16,CASA,1,MODERADO,31,FRONTEIRA,True,False,False,energiai-v2-seed-42-size-5000
329.920000,True,12,COMERCIO,4,EFICIENTE,29,TIPICO,False,False,False,energiai-v2-seed-42-size-5000
324.300000,True,15,APARTAMENTO,9,INEFICIENTE,83,TIPICO,False,False,False,energiai-v2-seed-42-size-5000
495.380000,True,20,CASA,11,INEFICIENTE,100,TIPICO,False,False,False,energiai-v2-seed-42-size-5000
464.220000,True,22,CASA,9,INEFICIENTE,91,TIPICO,False,False,False,energiai-v2-seed-42-size-5000
331.440000,True,9,CASA,8,MODERADO,49,TIPICO,False,False,False,energiai-v2-seed-42-size-5000
608.670000,False,21,INDUSTRIA,12,EFICIENTE,29,TIPICO,False,False,False,energiai-v2-seed-42-size-5000
202.950000,True,7,APARTAMENTO,2,EFICIENTE,25,TIPICO,False,False,False,energiai-v2-seed-42-size-5000
276.630000,True,9,APARTAMENTO,8,MODERADO,59,TIPICO,False,False,False,energiai-v2-seed-42-size-5000
167.500000,False,2,OUTRO,4,EFICIENTE,6,TIPICO,False,False,False,energiai-v2-seed-42-size-5000
274.720000,False,5,CASA,10,EFICIENTE,30,FRONTEIRA,True,False,False,energiai-v2-seed-42-size-5000
482.500000,True,22,COMERCIO,12,INEFICIENTE,84,TIPICO,False,False,False,energiai-v2-seed-42-size-5000
345.420000,False,18,CASA,7,MODERADO,52,TIPICO,False,False,False,energiai-v2-seed-42-size-5000
284.940000,True,8,APARTAMENTO,10,INEFICIENTE,65,TIPICO,False,False,False,energiai-v2-seed-42-size-5000
360.680000,False,17,COMERCIO,9,MODERADO,41,TIPICO,False,False,False,energiai-v2-seed-42-size-5000
1234.070000,True,48,INDUSTRIA,16,INEFICIENTE,92,TIPICO,False,False,False,energiai-v2-seed-42-size-5000
488.420000,True,28,COMERCIO,9,INEFICIENTE,82,TIPICO,False,False,False,energiai-v2-seed-42-size-5000
302.420000,True,13,APARTAMENTO,19,INEFICIENTE,82,RARO_EXTREMO,False,True,True,energiai-v2-seed-42-size-5000
349.670000,True,7,COMERCIO,8,MODERADO,35,TIPICO,False,False,False,energiai-v2-seed-42-size-5000
236.890000,False,6,APARTAMENTO,10,MODERADO,42,TIPICO,False,False,False,energiai-v2-seed-42-size-5000
411.090000,True,14,CASA,11,INEFICIENTE,77,TIPICO,False,False,False,energiai-v2-seed-42-size-5000
163.030000,False,4,APARTAMENTO,4,EFICIENTE,10,TIPICO,False,False,False,energiai-v2-seed-42-size-5000
279.750000,False,5,COMERCIO,7,EFICIENTE,13,TIPICO,False,False,False,energiai-v2-seed-42-size-5000
363.680000,True,14,CASA,7,MODERADO,58,TIPICO,False,False,False,energiai-v2-seed-42-size-5000
160.870000,False,4,APARTAMENTO,3,EFICIENTE,8,TIPICO,False,False,False,energiai-v2-seed-42-size-5000
195.950000,False,4,APARTAMENTO,6,EFICIENTE,20,TIPICO,False,False,False,energiai-v2-seed-42-size-5000
298.720000,False,6,COMERCIO,9,EFICIENTE,20,TIPICO,False,False,False,energiai-v2-seed-42-size-5000
374.810000,True,17,APARTAMENTO,10,INEFICIENTE,100,TIPICO,False,False,False,energiai-v2-seed-42-size-5000
556.650000,True,19,ESCRITORIO,14,INEFICIENTE,80,TIPICO,False,False,False,energiai-v2-seed-42-size-5000
323.710000,True,15,APARTAMENTO,7,INEFICIENTE,76,TIPICO,False,False,False,energiai-v2-seed-42-size-5000
194.590000,False,7,APARTAMENTO,4,EFICIENTE,20,TIPICO,False,False,False,energiai-v2-seed-42-size-5000
337.150000,True,17,CASA,4,MODERADO,49,TIPICO,False,False,False,energiai-v2-seed-42-size-5000
411.300000,False,17,CASA,11,INEFICIENTE,73,TIPICO,False,False,False,energiai-v2-seed-42-size-5000
302.190000,False,12,APARTAMENTO,10,INEFICIENTE,67,TIPICO,False,False,False,energiai-v2-seed-42-size-5000
232.080000,False,18,APARTAMENTO,3,MODERADO,40,TIPICO,False,False,False,energiai-v2-seed-42-size-5000
195.530000,False,8,APARTAMENTO,4,EFICIENTE,22,TIPICO,False,False,False,energiai-v2-seed-42-size-5000
384.920000,False,17,CASA,8,MODERADO,59,TIPICO,False,False,False,energiai-v2-seed-42-size-5000
402.430000,False,24,COMERCIO,9,MODERADO,55,TIPICO,False,False,False,energiai-v2-seed-42-size-5000
289.880000,False,17,ESCRITORIO,6,EFICIENTE,22,TIPICO,False,False,False,energiai-v2-seed-42-size-5000
564.340000,True,19,OUTRO,13,INEFICIENTE,73,TIPICO,False,False,False,energiai-v2-seed-42-size-5000
450.710000,False,22,INDUSTRIA,4,EFICIENTE,11,TIPICO,False,False,False,energiai-v2-seed-42-size-5000
397.830000,True,13,COMERCIO,10,MODERADO,54,TIPICO,False,False,False,energiai-v2-seed-42-size-5000
508.560000,True,31,ESCRITORIO,9,INEFICIENTE,70,TIPICO,False,False,False,energiai-v2-seed-42-size-5000
280.810000,False,6,CASA,10,MODERADO,33,TIPICO,False,False,False,energiai-v2-seed-42-size-5000
145.070000,False,9,OUTRO,1,EFICIENTE,5,TIPICO,False,False,False,energiai-v2-seed-42-size-5000
270.210000,True,9,APARTAMENTO,6,MODERADO,51,TIPICO,False,False,False,energiai-v2-seed-42-size-5000
560.000000,True,27,COMERCIO,14,INEFICIENTE,100,TIPICO,False,False,False,energiai-v2-seed-42-size-5000
278.540000,False,10,CASA,7,MODERADO,31,TIPICO,False,False,False,energiai-v2-seed-42-size-5000
317.150000,False,8,CASA,12,MODERADO,46,TIPICO,False,False,False,energiai-v2-seed-42-size-5000
71.330000,False,14,APARTAMENTO,2,EFICIENTE,17,RARO_EXTREMO,False,True,True,energiai-v2-seed-42-size-5000
329.490000,False,27,ESCRITORIO,5,EFICIENTE,30,TIPICO,False,False,False,energiai-v2-seed-42-size-5000
256.030000,True,5,APARTAMENTO,9,MODERADO,50,TIPICO,False,False,False,energiai-v2-seed-42-size-5000
252.630000,False,5,CASA,7,EFICIENTE,21,TIPICO,False,False,False,energiai-v2-seed-42-size-5000
581.540000,True,18,OUTRO,11,INEFICIENTE,69,TIPICO,False,False,False,energiai-v2-seed-42-size-5000
317.970000,True,21,CASA,1,MODERADO,42,TIPICO,False,False,False,energiai-v2-seed-42-size-5000
232.950000,False,17,APARTAMENTO,2,MODERADO,35,TIPICO,False,False,False,energiai-v2-seed-42-size-5000
494.510000,True,25,ESCRITORIO,10,INEFICIENTE,67,TIPICO,False,False,False,energiai-v2-seed-42-size-5000
356.380000,True,13,COMERCIO,7,MODERADO,40,TIPICO,False,False,False,energiai-v2-seed-42-size-5000
231.360000,False,8,APARTAMENTO,8,MODERADO,39,TIPICO,False,False,False,energiai-v2-seed-42-size-5000
426.200000,True,14,COMERCIO,11,INEFICIENTE,62,TIPICO,False,False,False,energiai-v2-seed-42-size-5000
169.140000,False,6,APARTAMENTO,1,EFICIENTE,7,TIPICO,False,False,False,energiai-v2-seed-42-size-5000
312.910000,False,7,CASA,12,MODERADO,44,TIPICO,False,False,False,energiai-v2-seed-42-size-5000
175.620000,False,3,APARTAMENTO,3,EFICIENTE,9,TIPICO,False,False,False,energiai-v2-seed-42-size-5000
183.800000,False,10,APARTAMENTO,3,EFICIENTE,20,TIPICO,False,False,False,energiai-v2-seed-42-size-5000
347.380000,True,14,CASA,5,MODERADO,50,TIPICO,False,False,False,energiai-v2-seed-42-size-5000
440.500000,True,17,CASA,10,INEFICIENTE,83,TIPICO,False,False,False,energiai-v2-seed-42-size-5000
197.100000,False,8,ESCRITORIO,5,EFICIENTE,6,TIPICO,False,False,False,energiai-v2-seed-42-size-5000
194.460000,False,4,CASA,3,EFICIENTE,4,TIPICO,False,False,False,energiai-v2-seed-42-size-5000
471.980000,True,16,CASA,12,INEFICIENTE,94,TIPICO,False,False,False,energiai-v2-seed-42-size-5000
415.650000,False,21,COMERCIO,11,MODERADO,60,TIPICO,False,False,False,energiai-v2-seed-42-size-5000
426.700000,True,12,OUTRO,9,MODERADO,48,TIPICO,False,False,False,energiai-v2-seed-42-size-5000
478.890000,False,13,INDUSTRIA,12,EFICIENTE,19,TIPICO,False,False,False,energiai-v2-seed-42-size-5000
414.100000,False,16,COMERCIO,13,MODERADO,59,TIPICO,False,False,False,energiai-v2-seed-42-size-5000
421.640000,True,18,ESCRITORIO,7,MODERADO,45,TIPICO,False,False,False,energiai-v2-seed-42-size-5000
284.470000,True,8,APARTAMENTO,10,INEFICIENTE,65,TIPICO,False,False,False,energiai-v2-seed-42-size-5000
203.100000,True,4,APARTAMENTO,5,EFICIENTE,28,TIPICO,False,False,False,energiai-v2-seed-42-size-5000
265.760000,True,2,APARTAMENTO,5,MODERADO,38,RARO_EXTREMO,False,True,False,energiai-v2-seed-42-size-5000
186.400000,False,7,APARTAMENTO,3,EFICIENTE,16,TIPICO,False,False,False,energiai-v2-seed-42-size-5000
502.730000,True,22,CASA,11,INEFICIENTE,100,TIPICO,False,False,False,energiai-v2-seed-42-size-5000
376.410000,True,19,CASA,5,MODERADO,60,FRONTEIRA,True,False,False,energiai-v2-seed-42-size-5000
187.490000,False,17,APARTAMENTO,1,EFICIENTE,25,TIPICO,False,False,False,energiai-v2-seed-42-size-5000
188.250000,False,8,ESCRITORIO,4,EFICIENTE,4,TIPICO,False,False,False,energiai-v2-seed-42-size-5000
289.280000,False,9,COMERCIO,3,EFICIENTE,10,TIPICO,False,False,False,energiai-v2-seed-42-size-5000
271.160000,True,7,APARTAMENTO,10,MODERADO,60,FRONTEIRA,True,False,False,energiai-v2-seed-42-size-5000
461.940000,True,19,ESCRITORIO,9,MODERADO,56,TIPICO,False,False,False,energiai-v2-seed-42-size-5000
327.170000,True,5,COMERCIO,8,EFICIENTE,30,TIPICO,False,False,False,energiai-v2-seed-42-size-5000
196.300000,True,4,APARTAMENTO,3,EFICIENTE,22,TIPICO,False,False,False,energiai-v2-seed-42-size-5000
285.740000,False,10,CASA,7,MODERADO,32,TIPICO,False,False,False,energiai-v2-seed-42-size-5000
445.970000,True,14,COMERCIO,14,INEFICIENTE,74,TIPICO,False,False,False,energiai-v2-seed-42-size-5000
228.680000,False,7,CASA,2,EFICIENTE,10,TIPICO,False,False,False,energiai-v2-seed-42-size-5000
198.290000,False,11,APARTAMENTO,3,EFICIENTE,24,TIPICO,False,False,False,energiai-v2-seed-42-size-5000
1236.360000,True,42,INDUSTRIA,20,INEFICIENTE,98,TIPICO,False,False,False,energiai-v2-seed-42-size-5000
286.900000,False,15,CASA,5,MODERADO,34,TIPICO,False,False,False,energiai-v2-seed-42-size-5000
159.260000,False,8,APARTAMENTO,1,EFICIENTE,9,TIPICO,False,False,False,energiai-v2-seed-42-size-5000
254.360000,False,16,APARTAMENTO,4,MODERADO,44,TIPICO,False,False,False,energiai-v2-seed-42-size-5000
288.030000,False,10,COMERCIO,4,EFICIENTE,13,TIPICO,False,False,False,energiai-v2-seed-42-size-5000
319.960000,True,15,CASA,4,MODERADO,44,TIPICO,False,False,False,energiai-v2-seed-42-size-5000
887.400000,False,38,INDUSTRIA,13,MODERADO,53,TIPICO,False,False,False,energiai-v2-seed-42-size-5000
349.810000,True,16,CASA,5,MODERADO,53,TIPICO,False,False,False,energiai-v2-seed-42-size-5000
494.830000,True,18,CASA,12,INEFICIENTE,100,TIPICO,False,False,False,energiai-v2-seed-42-size-5000
144.830000,False,3,APARTAMENTO,2,EFICIENTE,2,TIPICO,False,False,False,energiai-v2-seed-42-size-5000
415.830000,True,16,CASA,9,INEFICIENTE,75,TIPICO,False,False,False,energiai-v2-seed-42-size-5000
1161.470000,True,46,INDUSTRIA,15,INEFICIENTE,84,TIPICO,False,False,False,energiai-v2-seed-42-size-5000
258.900000,True,4,APARTAMENTO,10,MODERADO,52,TIPICO,False,False,False,energiai-v2-seed-42-size-5000
179.990000,False,9,APARTAMENTO,1,EFICIENTE,13,TIPICO,False,False,False,energiai-v2-seed-42-size-5000
273.120000,True,8,APARTAMENTO,9,MODERADO,60,FRONTEIRA,True,False,False,energiai-v2-seed-42-size-5000
1237.660000,False,49,INDUSTRIA,20,INEFICIENTE,94,TIPICO,False,False,False,energiai-v2-seed-42-size-5000
307.470000,True,18,APARTAMENTO,5,INEFICIENTE,70,TIPICO,False,False,False,energiai-v2-seed-42-size-5000
172.100000,False,4,APARTAMENTO,4,EFICIENTE,12,TIPICO,False,False,False,energiai-v2-seed-42-size-5000
370.340000,True,15,APARTAMENTO,11,INEFICIENTE,100,TIPICO,False,False,False,energiai-v2-seed-42-size-5000
191.320000,False,4,APARTAMENTO,8,EFICIENTE,24,TIPICO,False,False,False,energiai-v2-seed-42-size-5000
546.500000,True,33,ESCRITORIO,8,INEFICIENTE,72,TIPICO,False,False,False,energiai-v2-seed-42-size-5000
344.120000,False,28,COMERCIO,3,MODERADO,34,TIPICO,False,False,False,energiai-v2-seed-42-size-5000
300.980000,False,10,COMERCIO,4,EFICIENTE,14,TIPICO,False,False,False,energiai-v2-seed-42-size-5000
284.780000,False,14,COMERCIO,5,EFICIENTE,18,TIPICO,False,False,False,energiai-v2-seed-42-size-5000
418.620000,True,15,CASA,10,INEFICIENTE,77,TIPICO,False,False,False,energiai-v2-seed-42-size-5000
516.790000,True,23,COMERCIO,13,INEFICIENTE,95,TIPICO,False,False,False,energiai-v2-seed-42-size-5000
258.880000,False,6,ESCRITORIO,8,EFICIENTE,15,TIPICO,False,False,False,energiai-v2-seed-42-size-5000
270.820000,True,9,APARTAMENTO,7,MODERADO,55,TIPICO,False,False,False,energiai-v2-seed-42-size-5000
196.950000,False,9,APARTAMENTO,3,EFICIENTE,21,TIPICO,False,False,False,energiai-v2-seed-42-size-5000
298.480000,False,12,CASA,6,MODERADO,34,TIPICO,False,False,False,energiai-v2-seed-42-size-5000
455.400000,True,17,CASA,11,INEFICIENTE,89,TIPICO,False,False,False,energiai-v2-seed-42-size-5000
303.610000,True,18,APARTAMENTO,4,INEFICIENTE,65,TIPICO,False,False,False,energiai-v2-seed-42-size-5000
314.400000,False,12,COMERCIO,5,EFICIENTE,20,TIPICO,False,False,False,energiai-v2-seed-42-size-5000
292.720000,True,7,APARTAMENTO,11,INEFICIENTE,68,TIPICO,False,False,False,energiai-v2-seed-42-size-5000
222.380000,False,5,OUTRO,8,EFICIENTE,17,TIPICO,False,False,False,energiai-v2-seed-42-size-5000
421.350000,False,19,CASA,11,INEFICIENTE,78,TIPICO,False,False,False,energiai-v2-seed-42-size-5000
268.710000,True,4,CASA,3,EFICIENTE,22,TIPICO,False,False,False,energiai-v2-seed-42-size-5000
487.160000,True,22,CASA,10,INEFICIENTE,99,TIPICO,False,False,False,energiai-v2-seed-42-size-5000
438.980000,True,23,COMERCIO,9,INEFICIENTE,69,TIPICO,False,False,False,energiai-v2-seed-42-size-5000
413.230000,True,20,COMERCIO,7,MODERADO,56,TIPICO,False,False,False,energiai-v2-seed-42-size-5000
248.720000,False,7,CASA,6,EFICIENTE,21,TIPICO,False,False,False,energiai-v2-seed-42-size-5000
249.080000,False,22,ESCRITORIO,3,EFICIENTE,15,TIPICO,False,False,False,energiai-v2-seed-42-size-5000
373.360000,True,6,COMERCIO,12,MODERADO,46,TIPICO,False,False,False,energiai-v2-seed-42-size-5000
549.120000,True,1,OUTRO,11,MODERADO,52,RARO_EXTREMO,False,True,False,energiai-v2-seed-42-size-5000
285.950000,False,13,COMERCIO,3,EFICIENTE,13,TIPICO,False,False,False,energiai-v2-seed-42-size-5000
509.880000,True,22,CASA,11,INEFICIENTE,100,TIPICO,False,False,False,energiai-v2-seed-42-size-5000
462.820000,True,20,CASA,9,INEFICIENTE,88,TIPICO,False,False,False,energiai-v2-seed-42-size-5000
283.290000,True,13,APARTAMENTO,7,INEFICIENTE,64,TIPICO,False,False,False,energiai-v2-seed-42-size-5000
375.310000,True,16,APARTAMENTO,11,INEFICIENTE,100,TIPICO,False,False,False,energiai-v2-seed-42-size-5000
556.910000,True,27,COMERCIO,14,INEFICIENTE,100,TIPICO,False,False,False,energiai-v2-seed-42-size-5000
212.450000,False,12,APARTAMENTO,4,MODERADO,31,FRONTEIRA,True,False,False,energiai-v2-seed-42-size-5000
214.910000,False,10,APARTAMENTO,5,MODERADO,31,FRONTEIRA,True,False,False,energiai-v2-seed-42-size-5000
276.350000,True,6,APARTAMENTO,11,INEFICIENTE,62,TIPICO,False,False,False,energiai-v2-seed-42-size-5000
156.200000,False,7,APARTAMENTO,1,EFICIENTE,7,TIPICO,False,False,False,energiai-v2-seed-42-size-5000
421.840000,True,14,ESCRITORIO,9,MODERADO,48,TIPICO,False,False,False,energiai-v2-seed-42-size-5000
275.000000,False,12,CASA,5,EFICIENTE,28,TIPICO,False,False,False,energiai-v2-seed-42-size-5000
184.080000,False,13,APARTAMENTO,1,EFICIENTE,19,TIPICO,False,False,False,energiai-v2-seed-42-size-5000
422.540000,True,6,ESCRITORIO,14,MODERADO,53,TIPICO,False,False,False,energiai-v2-seed-42-size-5000
386.550000,False,18,ESCRITORIO,10,MODERADO,41,TIPICO,False,False,False,energiai-v2-seed-42-size-5000
334.030000,True,11,APARTAMENTO,10,INEFICIENTE,82,TIPICO,False,False,False,energiai-v2-seed-42-size-5000
428.340000,True,15,COMERCIO,12,INEFICIENTE,66,TIPICO,False,False,False,energiai-v2-seed-42-size-5000
462.690000,True,19,CASA,11,INEFICIENTE,94,TIPICO,False,False,False,energiai-v2-seed-42-size-5000
325.110000,True,4,CASA,11,MODERADO,48,TIPICO,False,False,False,energiai-v2-seed-42-size-5000
289.460000,True,14,CASA,2,MODERADO,34,TIPICO,False,False,False,energiai-v2-seed-42-size-5000
173.020000,False,5,APARTAMENTO,4,EFICIENTE,13,TIPICO,False,False,False,energiai-v2-seed-42-size-5000
144.030000,False,28,COMERCIO,2,EFICIENTE,19,RARO_EXTREMO,False,True,True,energiai-v2-seed-42-size-5000
278.800000,False,6,CASA,10,MODERADO,33,TIPICO,False,False,False,energiai-v2-seed-42-size-5000
275.710000,False,6,COMERCIO,2,EFICIENTE,4,TIPICO,False,False,False,energiai-v2-seed-42-size-5000
203.360000,False,9,CASA,1,EFICIENTE,7,TIPICO,False,False,False,energiai-v2-seed-42-size-5000
160.280000,False,7,APARTAMENTO,1,EFICIENTE,7,TIPICO,False,False,False,energiai-v2-seed-42-size-5000
321.450000,False,16,CASA,5,MODERADO,40,TIPICO,False,False,False,energiai-v2-seed-42-size-5000
229.220000,False,5,APARTAMENTO,11,MODERADO,41,TIPICO,False,False,False,energiai-v2-seed-42-size-5000
375.280000,False,27,COMERCIO,6,MODERADO,46,TIPICO,False,False,False,energiai-v2-seed-42-size-5000
251.980000,True,15,APARTAMENTO,2,MODERADO,44,TIPICO,False,False,False,energiai-v2-seed-42-size-5000
339.300000,False,7,COMERCIO,10,EFICIENTE,29,TIPICO,False,False,False,energiai-v2-seed-42-size-5000
152.240000,False,3,APARTAMENTO,2,EFICIENTE,3,TIPICO,False,False,False,energiai-v2-seed-42-size-5000
300.300000,False,20,COMERCIO,3,EFICIENTE,21,TIPICO,False,False,False,energiai-v2-seed-42-size-5000
402.310000,True,9,ESCRITORIO,10,MODERADO,44,TIPICO,False,False,False,energiai-v2-seed-42-size-5000
239.800000,True,3,APARTAMENTO,10,MODERADO,46,TIPICO,False,False,False,energiai-v2-seed-42-size-5000
583.160000,True,25,OUTRO,9,INEFICIENTE,71,TIPICO,False,False,False,energiai-v2-seed-42-size-5000
353.930000,True,13,APARTAMENTO,11,INEFICIENTE,94,TIPICO,False,False,False,energiai-v2-seed-42-size-5000
339.550000,True,12,APARTAMENTO,11,INEFICIENTE,89,TIPICO,False,False,False,energiai-v2-seed-42-size-5000
326.330000,True,15,COMERCIO,2,EFICIENTE,27,TIPICO,False,False,False,energiai-v2-seed-42-size-5000
486.840000,True,26,COMERCIO,10,INEFICIENTE,83,TIPICO,False,False,False,energiai-v2-seed-42-size-5000
314.860000,True,14,APARTAMENTO,8,INEFICIENTE,76,TIPICO,False,False,False,energiai-v2-seed-42-size-5000
576.130000,True,21,CASA,8,INEFICIENTE,95,RARO_EXTREMO,False,True,True,energiai-v2-seed-42-size-5000
375.710000,True,17,CASA,6,INEFICIENTE,61,FRONTEIRA,True,False,False,energiai-v2-seed-42-size-5000
414.630000,True,16,CASA,8,INEFICIENTE,71,TIPICO,False,False,False,energiai-v2-seed-42-size-5000
366.300000,False,18,CASA,7,MODERADO,55,TIPICO,False,False,False,energiai-v2-seed-42-size-5000
193.840000,False,3,APARTAMENTO,10,EFICIENTE,28,TIPICO,False,False,False,energiai-v2-seed-42-size-5000
286.050000,True,9,APARTAMENTO,8,INEFICIENTE,61,FRONTEIRA,True,False,False,energiai-v2-seed-42-size-5000
411.010000,True,18,COMERCIO,7,MODERADO,53,TIPICO,False,False,False,energiai-v2-seed-42-size-5000
288.140000,True,9,CASA,4,MODERADO,33,TIPICO,False,False,False,energiai-v2-seed-42-size-5000
183.690000,False,9,APARTAMENTO,3,EFICIENTE,19,TIPICO,False,False,False,energiai-v2-seed-42-size-5000
1051.780000,True,25,INDUSTRIA,19,INEFICIENTE,74,TIPICO,False,False,False,energiai-v2-seed-42-size-5000
301.410000,False,18,CASA,5,MODERADO,40,TIPICO,False,False,False,energiai-v2-seed-42-size-5000
289.980000,False,12,APARTAMENTO,11,INEFICIENTE,68,TIPICO,False,False,False,energiai-v2-seed-42-size-5000
286.610000,False,11,APARTAMENTO,11,INEFICIENTE,65,TIPICO,False,False,False,energiai-v2-seed-42-size-5000
371.050000,True,20,CASA,4,MODERADO,57,TIPICO,False,False,False,energiai-v2-seed-42-size-5000
473.340000,True,19,CASA,12,INEFICIENTE,99,TIPICO,False,False,False,energiai-v2-seed-42-size-5000
342.410000,True,23,ESCRITORIO,4,MODERADO,34,TIPICO,False,False,False,energiai-v2-seed-42-size-5000
219.040000,False,9,CASA,2,EFICIENTE,11,TIPICO,False,False,False,energiai-v2-seed-42-size-5000
241.630000,False,17,APARTAMENTO,3,MODERADO,40,TIPICO,False,False,False,energiai-v2-seed-42-size-5000
391.430000,False,16,CASA,10,INEFICIENTE,65,TIPICO,False,False,False,energiai-v2-seed-42-size-5000
227.560000,False,10,ESCRITORIO,3,EFICIENTE,6,TIPICO,False,False,False,energiai-v2-seed-42-size-5000
195.220000,False,5,ESCRITORIO,3,EFICIENTE,0,TIPICO,False,False,False,energiai-v2-seed-42-size-5000
447.580000,False,18,COMERCIO,14,INEFICIENTE,70,TIPICO,False,False,False,energiai-v2-seed-42-size-5000
230.820000,True,4,APARTAMENTO,8,MODERADO,41,TIPICO,False,False,False,energiai-v2-seed-42-size-5000
339.370000,True,6,CASA,11,MODERADO,53,TIPICO,False,False,False,energiai-v2-seed-42-size-5000
276.260000,True,7,OUTRO,3,EFICIENTE,23,TIPICO,False,False,False,energiai-v2-seed-42-size-5000
494.170000,True,17,ESCRITORIO,10,MODERADO,60,TIPICO,False,False,False,energiai-v2-seed-42-size-5000
333.420000,True,18,CASA,3,MODERADO,47,TIPICO,False,False,False,energiai-v2-seed-42-size-5000
401.670000,True,16,CASA,8,INEFICIENTE,69,TIPICO,False,False,False,energiai-v2-seed-42-size-5000
1197.410000,True,45,INDUSTRIA,17,INEFICIENTE,90,TIPICO,False,False,False,energiai-v2-seed-42-size-5000
329.950000,True,13,APARTAMENTO,10,INEFICIENTE,85,TIPICO,False,False,False,energiai-v2-seed-42-size-5000
264.070000,False,34,CASA,4,MODERADO,37,RARO_EXTREMO,False,True,True,energiai-v2-seed-42-size-5000
290.530000,True,15,APARTAMENTO,4,MODERADO,58,TIPICO,False,False,False,energiai-v2-seed-42-size-5000
295.950000,False,14,COMERCIO,4,EFICIENTE,18,TIPICO,False,False,False,energiai-v2-seed-42-size-5000
158.670000,False,6,APARTAMENTO,3,EFICIENTE,10,TIPICO,False,False,False,energiai-v2-seed-42-size-5000
461.580000,True,16,CASA,12,INEFICIENTE,92,TIPICO,False,False,False,energiai-v2-seed-42-size-5000
331.220000,False,23,COMERCIO,3,EFICIENTE,28,TIPICO,False,False,False,energiai-v2-seed-42-size-5000
501.700000,True,19,CASA,12,INEFICIENTE,100,TIPICO,False,False,False,energiai-v2-seed-42-size-5000
416.300000,True,18,CASA,9,INEFICIENTE,78,TIPICO,False,False,False,energiai-v2-seed-42-size-5000
210.550000,True,10,APARTAMENTO,2,MODERADO,31,FRONTEIRA,True,False,False,energiai-v2-seed-42-size-5000
609.230000,True,29,ESCRITORIO,13,INEFICIENTE,93,TIPICO,False,False,False,energiai-v2-seed-42-size-5000
612.700000,True,31,ESCRITORIO,13,INEFICIENTE,95,TIPICO,False,False,False,energiai-v2-seed-42-size-5000
1147.940000,True,32,INDUSTRIA,19,INEFICIENTE,84,TIPICO,False,False,False,energiai-v2-seed-42-size-5000
390.420000,True,11,CASA,12,INEFICIENTE,72,TIPICO,False,False,False,energiai-v2-seed-42-size-5000
441.450000,True,23,COMERCIO,8,INEFICIENTE,66,TIPICO,False,False,False,energiai-v2-seed-42-size-5000
355.640000,True,19,CASA,4,MODERADO,54,TIPICO,False,False,False,energiai-v2-seed-42-size-5000
440.450000,True,14,ESCRITORIO,22,INEFICIENTE,63,RARO_EXTREMO,False,True,True,energiai-v2-seed-42-size-5000
264.540000,False,7,COMERCIO,5,EFICIENTE,9,TIPICO,False,False,False,energiai-v2-seed-42-size-5000
403.500000,True,6,COMERCIO,14,MODERADO,56,TIPICO,False,False,False,energiai-v2-seed-42-size-5000
291.050000,True,11,APARTAMENTO,8,INEFICIENTE,65,TIPICO,False,False,False,energiai-v2-seed-42-size-5000
393.980000,False,17,CASA,9,INEFICIENTE,64,TIPICO,False,False,False,energiai-v2-seed-42-size-5000
363.010000,False,28,COMERCIO,5,MODERADO,42,TIPICO,False,False,False,energiai-v2-seed-42-size-5000
442.520000,False,23,COMERCIO,12,INEFICIENTE,69,TIPICO,False,False,False,energiai-v2-seed-42-size-5000
292.150000,True,15,CASA,2,MODERADO,35,TIPICO,False,False,False,energiai-v2-seed-42-size-5000
258.670000,True,15,APARTAMENTO,2,MODERADO,46,TIPICO,False,False,False,energiai-v2-seed-42-size-5000
267.220000,False,17,ESCRITORIO,4,EFICIENTE,16,TIPICO,False,False,False,energiai-v2-seed-42-size-5000
290.010000,True,9,APARTAMENTO,19,INEFICIENTE,71,RARO_EXTREMO,False,True,True,energiai-v2-seed-42-size-5000
176.460000,False,7,APARTAMENTO,1,EFICIENTE,10,TIPICO,False,False,False,energiai-v2-seed-42-size-5000
423.380000,True,12,CASA,12,INEFICIENTE,79,TIPICO,False,False,False,energiai-v2-seed-42-size-5000
247.610000,False,6,CASA,8,EFICIENTE,24,TIPICO,False,False,False,energiai-v2-seed-42-size-5000
200.070000,False,5,CASA,1,EFICIENTE,2,TIPICO,False,False,False,energiai-v2-seed-42-size-5000
301.010000,False,8,ESCRITORIO,9,EFICIENTE,23,TIPICO,False,False,False,energiai-v2-seed-42-size-5000
343.950000,False,11,COMERCIO,11,MODERADO,37,TIPICO,False,False,False,energiai-v2-seed-42-size-5000
320.540000,False,12,ESCRITORIO,10,EFICIENTE,30,TIPICO,False,False,False,energiai-v2-seed-42-size-5000
287.110000,False,20,COMERCIO,2,EFICIENTE,18,TIPICO,False,False,False,energiai-v2-seed-42-size-5000
428.220000,False,21,CASA,9,INEFICIENTE,75,TIPICO,False,False,False,energiai-v2-seed-42-size-5000
266.140000,True,2,APARTAMENTO,4,MODERADO,35,RARO_EXTREMO,False,True,False,energiai-v2-seed-42-size-5000
455.280000,True,21,CASA,9,INEFICIENTE,88,TIPICO,False,False,False,energiai-v2-seed-42-size-5000
516.580000,True,25,COMERCIO,12,INEFICIENTE,94,TIPICO,False,False,False,energiai-v2-seed-42-size-5000
420.390000,True,28,COMERCIO,4,MODERADO,56,TIPICO,False,False,False,energiai-v2-seed-42-size-5000
277.740000,False,11,CASA,5,EFICIENTE,27,TIPICO,False,False,False,energiai-v2-seed-42-size-5000
225.680000,False,7,CASA,2,EFICIENTE,9,TIPICO,False,False,False,energiai-v2-seed-42-size-5000
302.350000,True,10,APARTAMENTO,10,INEFICIENTE,73,TIPICO,False,False,False,energiai-v2-seed-42-size-5000
497.030000,True,22,CASA,9,INEFICIENTE,97,TIPICO,False,False,False,energiai-v2-seed-42-size-5000
71.330000,False,14,APARTAMENTO,3,EFICIENTE,19,RARO_EXTREMO,False,True,True,energiai-v2-seed-42-size-5000
270.180000,False,11,CASA,5,EFICIENTE,27,TIPICO,False,False,False,energiai-v2-seed-42-size-5000
252.290000,False,21,ESCRITORIO,3,EFICIENTE,15,TIPICO,False,False,False,energiai-v2-seed-42-size-5000
266.260000,False,8,ESCRITORIO,10,EFICIENTE,22,TIPICO,False,False,False,energiai-v2-seed-42-size-5000
239.120000,False,9,ESCRITORIO,4,EFICIENTE,8,TIPICO,False,False,False,energiai-v2-seed-42-size-5000
346.480000,True,11,CASA,8,MODERADO,54,TIPICO,False,False,False,energiai-v2-seed-42-size-5000
244.940000,True,5,APARTAMENTO,9,MODERADO,48,TIPICO,False,False,False,energiai-v2-seed-42-size-5000
190.260000,False,10,APARTAMENTO,2,EFICIENTE,18,TIPICO,False,False,False,energiai-v2-seed-42-size-5000
288.590000,False,13,APARTAMENTO,10,INEFICIENTE,66,TIPICO,False,False,False,energiai-v2-seed-42-size-5000
235.290000,True,5,APARTAMENTO,8,MODERADO,44,TIPICO,False,False,False,energiai-v2-seed-42-size-5000
257.600000,False,7,COMERCIO,2,EFICIENTE,3,TIPICO,False,False,False,energiai-v2-seed-42-size-5000
281.650000,False,18,CASA,4,MODERADO,34,TIPICO,False,False,False,energiai-v2-seed-42-size-5000
492.320000,True,13,ESCRITORIO,14,INEFICIENTE,67,TIPICO,False,False,False,energiai-v2-seed-42-size-5000
394.940000,True,9,COMERCIO,14,MODERADO,58,TIPICO,False,False,False,energiai-v2-seed-42-size-5000
274.920000,True,5,APARTAMENTO,11,MODERADO,60,TIPICO,False,False,False,energiai-v2-seed-42-size-5000
185.470000,False,8,CASA,1,EFICIENTE,4,TIPICO,False,False,False,energiai-v2-seed-42-size-5000
423.080000,False,12,APARTAMENTO,11,INEFICIENTE,92,RARO_EXTREMO,False,True,True,energiai-v2-seed-42-size-5000
293.040000,True,12,APARTAMENTO,8,INEFICIENTE,68,TIPICO,False,False,False,energiai-v2-seed-42-size-5000
212.300000,False,4,CASA,5,EFICIENTE,10,TIPICO,False,False,False,energiai-v2-seed-42-size-5000
340.820000,False,27,ESCRITORIO,5,MODERADO,31,FRONTEIRA,True,False,False,energiai-v2-seed-42-size-5000
606.820000,True,28,OUTRO,9,INEFICIENTE,75,TIPICO,False,False,False,energiai-v2-seed-42-size-5000
291.750000,False,10,APARTAMENTO,11,INEFICIENTE,65,TIPICO,False,False,False,energiai-v2-seed-42-size-5000
238.820000,True,13,APARTAMENTO,1,MODERADO,36,TIPICO,False,False,False,energiai-v2-seed-42-size-5000
275.180000,True,6,APARTAMENTO,11,INEFICIENTE,62,TIPICO,False,False,False,energiai-v2-seed-42-size-5000
334.430000,True,4,CASA,12,MODERADO,52,TIPICO,False,False,False,energiai-v2-seed-42-size-5000
320.280000,False,21,COMERCIO,3,EFICIENTE,25,TIPICO,False,False,False,energiai-v2-seed-42-size-5000
184.010000,False,9,APARTAMENTO,3,EFICIENTE,19,TIPICO,False,False,False,energiai-v2-seed-42-size-5000
498.470000,True,17,OUTRO,0,MODERADO,40,RARO_EXTREMO,False,True,False,energiai-v2-seed-42-size-5000
320.250000,False,18,CASA,6,MODERADO,45,TIPICO,False,False,False,energiai-v2-seed-42-size-5000
520.000000,True,22,CASA,12,INEFICIENTE,100,TIPICO,False,False,False,energiai-v2-seed-42-size-5000
237.630000,True,13,APARTAMENTO,2,MODERADO,39,TIPICO,False,False,False,energiai-v2-seed-42-size-5000
597.020000,False,22,OUTRO,16,INEFICIENTE,77,TIPICO,False,False,False,energiai-v2-seed-42-size-5000
244.780000,True,16,APARTAMENTO,2,MODERADO,45,TIPICO,False,False,False,energiai-v2-seed-42-size-5000
316.010000,False,16,CASA,6,MODERADO,42,TIPICO,False,False,False,energiai-v2-seed-42-size-5000
243.330000,False,13,OUTRO,3,EFICIENTE,17,TIPICO,False,False,False,energiai-v2-seed-42-size-5000
323.530000,True,15,APARTAMENTO,8,INEFICIENTE,79,TIPICO,False,False,False,energiai-v2-seed-42-size-5000
800.000000,True,30,OUTRO,15,INEFICIENTE,100,TIPICO,False,False,False,energiai-v2-seed-42-size-5000
302.930000,False,18,COMERCIO,3,EFICIENTE,20,TIPICO,False,False,False,energiai-v2-seed-42-size-5000
327.510000,True,18,APARTAMENTO,7,INEFICIENTE,82,TIPICO,False,False,False,energiai-v2-seed-42-size-5000
394.590000,True,5,COMERCIO,13,MODERADO,51,TIPICO,False,False,False,energiai-v2-seed-42-size-5000
248.890000,False,7,OUTRO,7,EFICIENTE,19,TIPICO,False,False,False,energiai-v2-seed-42-size-5000
361.470000,False,12,COMERCIO,11,MODERADO,40,TIPICO,False,False,False,energiai-v2-seed-42-size-5000
287.970000,True,9,CASA,5,MODERADO,35,TIPICO,False,False,False,energiai-v2-seed-42-size-5000
365.370000,True,16,CASA,6,MODERADO,58,TIPICO,False,False,False,energiai-v2-seed-42-size-5000
260.650000,False,18,APARTAMENTO,5,MODERADO,52,TIPICO,False,False,False,energiai-v2-seed-42-size-5000
336.490000,False,22,CASA,4,MODERADO,46,TIPICO,False,False,False,energiai-v2-seed-42-size-5000
288.030000,True,15,APARTAMENTO,6,INEFICIENTE,65,TIPICO,False,False,False,energiai-v2-seed-42-size-5000
193.220000,False,7,CASA,1,EFICIENTE,4,TIPICO,False,False,False,energiai-v2-seed-42-size-5000
229.240000,False,4,CASA,8,EFICIENTE,18,TIPICO,False,False,False,energiai-v2-seed-42-size-5000
231.520000,False,10,CASA,2,EFICIENTE,14,TIPICO,False,False,False,energiai-v2-seed-42-size-5000
285.390000,True,18,APARTAMENTO,4,INEFICIENTE,62,TIPICO,False,False,False,energiai-v2-seed-42-size-5000
200.200000,False,10,CASA,1,EFICIENTE,8,TIPICO,False,False,False,energiai-v2-seed-42-size-5000
286.390000,True,5,APARTAMENTO,11,INEFICIENTE,63,TIPICO,False,False,False,energiai-v2-seed-42-size-5000
396.250000,False,16,COMERCIO,12,MODERADO,53,TIPICO,False,False,False,energiai-v2-seed-42-size-5000
317.740000,True,5,CASA,10,MODERADO,46,TIPICO,False,False,False,energiai-v2-seed-42-size-5000
358.480000,True,16,CASA,6,MODERADO,57,TIPICO,False,False,False,energiai-v2-seed-42-size-5000
413.890000,True,22,CASA,5,INEFICIENTE,69,TIPICO,False,False,False,energiai-v2-seed-42-size-5000
165.020000,False,6,APARTAMENTO,4,EFICIENTE,14,TIPICO,False,False,False,energiai-v2-seed-42-size-5000
183.850000,False,5,APARTAMENTO,5,EFICIENTE,18,TIPICO,False,False,False,energiai-v2-seed-42-size-5000
189.260000,False,13,APARTAMENTO,1,EFICIENTE,20,TIPICO,False,False,False,energiai-v2-seed-42-size-5000
148.690000,False,6,APARTAMENTO,1,EFICIENTE,4,TIPICO,False,False,False,energiai-v2-seed-42-size-5000
180.000000,False,6,ESCRITORIO,3,EFICIENTE,0,TIPICO,False,False,False,energiai-v2-seed-42-size-5000
279.060000,False,14,CASA,7,MODERADO,37,TIPICO,False,False,False,energiai-v2-seed-42-size-5000
487.680000,True,26,COMERCIO,10,INEFICIENTE,83,TIPICO,False,False,False,energiai-v2-seed-42-size-5000
241.720000,False,11,CASA,2,EFICIENTE,16,TIPICO,False,False,False,energiai-v2-seed-42-size-5000
359.640000,True,6,CASA,11,MODERADO,56,TIPICO,False,False,False,energiai-v2-seed-42-size-5000
289.690000,False,20,CASA,2,MODERADO,32,TIPICO,False,False,False,energiai-v2-seed-42-size-5000
240.520000,False,9,APARTAMENTO,7,MODERADO,40,TIPICO,False,False,False,energiai-v2-seed-42-size-5000
378.990000,True,12,CASA,10,INEFICIENTE,66,TIPICO,False,False,False,energiai-v2-seed-42-size-5000
164.680000,False,8,APARTAMENTO,1,EFICIENTE,9,TIPICO,False,False,False,energiai-v2-seed-42-size-5000
391.120000,False,12,ESCRITORIO,14,MODERADO,47,TIPICO,False,False,False,energiai-v2-seed-42-size-5000
253.860000,True,7,APARTAMENTO,0,EFICIENTE,30,RARO_EXTREMO,False,True,False,energiai-v2-seed-42-size-5000
248.260000,False,6,CASA,7,EFICIENTE,22,TIPICO,False,False,False,energiai-v2-seed-42-size-5000
306.510000,False,9,ESCRITORIO,9,EFICIENTE,24,TIPICO,False,False,False,energiai-v2-seed-42-size-5000
332.610000,False,11,CASA,8,MODERADO,43,TIPICO,False,False,False,energiai-v2-seed-42-size-5000
394.970000,True,15,CASA,9,INEFICIENTE,70,TIPICO,False,False,False,energiai-v2-seed-42-size-5000
376.650000,True,6,COMERCIO,10,MODERADO,43,TIPICO,False,False,False,energiai-v2-seed-42-size-5000
325.260000,True,13,APARTAMENTO,9,INEFICIENTE,80,TIPICO,False,False,False,energiai-v2-seed-42-size-5000
391.730000,False,27,COMERCIO,6,MODERADO,48,TIPICO,False,False,False,energiai-v2-seed-42-size-5000
333.890000,True,15,APARTAMENTO,8,INEFICIENTE,82,TIPICO,False,False,False,energiai-v2-seed-42-size-5000
204.720000,False,4,CASA,2,EFICIENTE,4,TIPICO,False,False,False,energiai-v2-seed-42-size-5000
460.800000,True,15,COMERCIO,14,INEFICIENTE,77,TIPICO,False,False,False,energiai-v2-seed-42-size-5000
779.400000,False,30,INDUSTRIA,14,MODERADO,45,TIPICO,False,False,False,energiai-v2-seed-42-size-5000
335.910000,True,17,APARTAMENTO,7,INEFICIENTE,82,TIPICO,False,False,False,energiai-v2-seed-42-size-5000
250.960000,True,7,APARTAMENTO,7,MODERADO,47,TIPICO,False,False,False,energiai-v2-seed-42-size-5000
353.110000,True,17,CASA,4,MODERADO,51,TIPICO,False,False,False,energiai-v2-seed-42-size-5000
270.420000,False,13,CASA,4,EFICIENTE,27,TIPICO,False,False,False,energiai-v2-seed-42-size-5000
343.490000,True,7,CASA,10,MODERADO,53,TIPICO,False,False,False,energiai-v2-seed-42-size-5000
200.050000,False,4,CASA,5,EFICIENTE,9,TIPICO,False,False,False,energiai-v2-seed-42-size-5000
262.080000,True,13,APARTAMENTO,3,MODERADO,47,TIPICO,False,False,False,energiai-v2-seed-42-size-5000
270.710000,False,13,APARTAMENTO,8,MODERADO,56,TIPICO,False,False,False,energiai-v2-seed-42-size-5000
411.690000,True,20,CASA,8,INEFICIENTE,77,TIPICO,False,False,False,energiai-v2-seed-42-size-5000
377.000000,True,18,APARTAMENTO,10,INEFICIENTE,100,TIPICO,False,False,False,energiai-v2-seed-42-size-5000
224.310000,False,6,CASA,2,EFICIENTE,8,TIPICO,False,False,False,energiai-v2-seed-42-size-5000
585.360000,True,26,ESCRITORIO,11,INEFICIENTE,80,TIPICO,False,False,False,energiai-v2-seed-42-size-5000
455.230000,True,16,COMERCIO,14,INEFICIENTE,78,TIPICO,False,False,False,energiai-v2-seed-42-size-5000
330.520000,False,11,CASA,10,MODERADO,48,TIPICO,False,False,False,energiai-v2-seed-42-size-5000
217.440000,True,6,APARTAMENTO,5,MODERADO,34,TIPICO,False,False,False,energiai-v2-seed-42-size-5000
341.000000,True,15,ESCRITORIO,3,EFICIENTE,26,TIPICO,False,False,False,energiai-v2-seed-42-size-5000
332.030000,False,11,OUTRO,10,MODERADO,33,TIPICO,False,False,False,energiai-v2-seed-42-size-5000
333.120000,True,11,CASA,5,MODERADO,44,TIPICO,False,False,False,energiai-v2-seed-42-size-5000
315.250000,True,15,APARTAMENTO,7,INEFICIENTE,74,TIPICO,False,False,False,energiai-v2-seed-42-size-5000
287.800000,False,12,CASA,6,MODERADO,33,TIPICO,False,False,False,energiai-v2-seed-42-size-5000
269.350000,True,15,APARTAMENTO,4,MODERADO,54,TIPICO,False,False,False,energiai-v2-seed-42-size-5000
272.180000,True,9,APARTAMENTO,7,MODERADO,55,TIPICO,False,False,False,energiai-v2-seed-42-size-5000
333.480000,True,14,APARTAMENTO,9,INEFICIENTE,84,TIPICO,False,False,False,energiai-v2-seed-42-size-5000
446.370000,False,25,OUTRO,8,MODERADO,50,TIPICO,False,False,False,energiai-v2-seed-42-size-5000
198.940000,False,8,CASA,2,EFICIENTE,8,TIPICO,False,False,False,energiai-v2-seed-42-size-5000
278.730000,True,3,APARTAMENTO,11,MODERADO,57,TIPICO,False,False,False,energiai-v2-seed-42-size-5000
360.380000,True,17,CASA,4,MODERADO,52,TIPICO,False,False,False,energiai-v2-seed-42-size-5000
199.320000,False,8,APARTAMENTO,5,EFICIENTE,25,TIPICO,False,False,False,energiai-v2-seed-42-size-5000
198.520000,False,17,APARTAMENTO,0,EFICIENTE,26,RARO_EXTREMO,False,True,False,energiai-v2-seed-42-size-5000
348.090000,False,19,CASA,4,MODERADO,44,TIPICO,False,False,False,energiai-v2-seed-42-size-5000
346.830000,True,9,COMERCIO,4,EFICIENTE,28,TIPICO,False,False,False,energiai-v2-seed-42-size-5000
495.530000,True,22,CASA,11,INEFICIENTE,100,TIPICO,False,False,False,energiai-v2-seed-42-size-5000
210.490000,False,8,CASA,0,EFICIENTE,7,RARO_EXTREMO,False,True,False,energiai-v2-seed-42-size-5000
296.940000,False,16,APARTAMENTO,8,INEFICIENTE,67,TIPICO,False,False,False,energiai-v2-seed-42-size-5000
242.300000,False,7,CASA,6,EFICIENTE,20,TIPICO,False,False,False,energiai-v2-seed-42-size-5000
421.910000,True,22,CASA,6,INEFICIENTE,74,TIPICO,False,False,False,energiai-v2-seed-42-size-5000
295.350000,False,14,APARTAMENTO,10,INEFICIENTE,70,TIPICO,False,False,False,energiai-v2-seed-42-size-5000
288.910000,False,12,CASA,6,MODERADO,33,TIPICO,False,False,False,energiai-v2-seed-42-size-5000
439.750000,True,20,CASA,9,INEFICIENTE,84,TIPICO,False,False,False,energiai-v2-seed-42-size-5000
468.090000,True,18,CASA,12,INEFICIENTE,97,TIPICO,False,False,False,energiai-v2-seed-42-size-5000
264.730000,True,14,APARTAMENTO,3,MODERADO,49,TIPICO,False,False,False,energiai-v2-seed-42-size-5000
218.460000,False,5,APARTAMENTO,11,MODERADO,39,TIPICO,False,False,False,energiai-v2-seed-42-size-5000
1109.240000,True,38,INDUSTRIA,16,INEFICIENTE,79,TIPICO,False,False,False,energiai-v2-seed-42-size-5000
605.870000,True,10,INDUSTRIA,11,EFICIENTE,30,TIPICO,False,False,False,energiai-v2-seed-42-size-5000
314.760000,False,10,CASA,9,MODERADO,41,TIPICO,False,False,False,energiai-v2-seed-42-size-5000
589.030000,True,43,OUTRO,9,INEFICIENTE,76,RARO_EXTREMO,False,True,True,energiai-v2-seed-42-size-5000
423.080000,False,9,APARTAMENTO,6,INEFICIENTE,67,RARO_EXTREMO,False,True,True,energiai-v2-seed-42-size-5000
369.490000,False,35,ESCRITORIO,3,MODERADO,33,TIPICO,False,False,False,energiai-v2-seed-42-size-5000
274.000000,False,24,ESCRITORIO,4,EFICIENTE,21,TIPICO,False,False,False,energiai-v2-seed-42-size-5000
226.180000,True,5,APARTAMENTO,4,MODERADO,31,FRONTEIRA,True,False,False,energiai-v2-seed-42-size-5000
369.790000,False,42,COMERCIO,10,MODERADO,58,RARO_EXTREMO,False,True,True,energiai-v2-seed-42-size-5000
299.670000,False,14,APARTAMENTO,9,INEFICIENTE,67,TIPICO,False,False,False,energiai-v2-seed-42-size-5000
862.820000,False,35,INDUSTRIA,15,MODERADO,54,TIPICO,False,False,False,energiai-v2-seed-42-size-5000
277.790000,False,22,CASA,2,MODERADO,33,TIPICO,False,False,False,energiai-v2-seed-42-size-5000
351.440000,False,8,COMERCIO,12,MODERADO,36,TIPICO,False,False,False,energiai-v2-seed-42-size-5000
506.720000,True,22,CASA,0,INEFICIENTE,67,RARO_EXTREMO,False,True,False,energiai-v2-seed-42-size-5000
414.680000,True,15,CASA,10,INEFICIENTE,76,TIPICO,False,False,False,energiai-v2-seed-42-size-5000
220.130000,False,9,APARTAMENTO,6,MODERADO,33,TIPICO,False,False,False,energiai-v2-seed-42-size-5000
199.400000,False,12,APARTAMENTO,3,EFICIENTE,26,TIPICO,False,False,False,energiai-v2-seed-42-size-5000
446.630000,True,17,CASA,10,INEFICIENTE,84,TIPICO,False,False,False,energiai-v2-seed-42-size-5000
352.660000,True,6,COMERCIO,9,MODERADO,37,TIPICO,False,False,False,energiai-v2-seed-42-size-5000
241.450000,True,7,APARTAMENTO,5,MODERADO,40,TIPICO,False,False,False,energiai-v2-seed-42-size-5000
183.700000,False,7,APARTAMENTO,0,EFICIENTE,11,RARO_EXTREMO,False,True,False,energiai-v2-seed-42-size-5000
287.870000,False,5,CASA,12,MODERADO,37,TIPICO,False,False,False,energiai-v2-seed-42-size-5000
164.920000,False,10,APARTAMENTO,1,EFICIENTE,12,TIPICO,False,False,False,energiai-v2-seed-42-size-5000
201.250000,False,4,CASA,3,EFICIENTE,5,TIPICO,False,False,False,energiai-v2-seed-42-size-5000
369.250000,True,13,COMERCIO,6,MODERADO,40,TIPICO,False,False,False,energiai-v2-seed-42-size-5000
282.670000,False,20,ESCRITORIO,5,EFICIENTE,21,TIPICO,False,False,False,energiai-v2-seed-42-size-5000
273.110000,True,7,CASA,3,EFICIENTE,26,TIPICO,False,False,False,energiai-v2-seed-42-size-5000
472.610000,True,16,COMERCIO,12,INEFICIENTE,75,TIPICO,False,False,False,energiai-v2-seed-42-size-5000
1118.490000,True,28,INDUSTRIA,18,INEFICIENTE,77,TIPICO,False,False,False,energiai-v2-seed-42-size-5000
428.610000,True,19,CASA,8,INEFICIENTE,78,TIPICO,False,False,False,energiai-v2-seed-42-size-5000
422.590000,True,18,CASA,9,INEFICIENTE,79,TIPICO,False,False,False,energiai-v2-seed-42-size-5000
638.410000,True,31,ESCRITORIO,11,INEFICIENTE,90,TIPICO,False,False,False,energiai-v2-seed-42-size-5000
305.010000,True,5,ESCRITORIO,5,EFICIENTE,21,TIPICO,False,False,False,energiai-v2-seed-42-size-5000
375.140000,True,16,APARTAMENTO,11,INEFICIENTE,100,TIPICO,False,False,False,energiai-v2-seed-42-size-5000
414.130000,False,19,CASA,11,INEFICIENTE,77,TIPICO,False,False,False,energiai-v2-seed-42-size-5000
487.740000,True,24,COMERCIO,9,INEFICIENTE,78,TIPICO,False,False,False,energiai-v2-seed-42-size-5000
205.080000,False,10,CASA,2,EFICIENTE,11,TIPICO,False,False,False,energiai-v2-seed-42-size-5000
1249.800000,True,46,INDUSTRIA,19,INEFICIENTE,99,TIPICO,False,False,False,energiai-v2-seed-42-size-5000
419.880000,False,23,COMERCIO,9,MODERADO,57,TIPICO,False,False,False,energiai-v2-seed-42-size-5000
282.730000,False,15,APARTAMENTO,6,MODERADO,55,TIPICO,False,False,False,energiai-v2-seed-42-size-5000
71.330000,False,3,APARTAMENTO,11,EFICIENTE,19,RARO_EXTREMO,False,True,True,energiai-v2-seed-42-size-5000
589.120000,True,15,OUTRO,15,INEFICIENTE,76,TIPICO,False,False,False,energiai-v2-seed-42-size-5000
459.450000,True,19,COMERCIO,11,INEFICIENTE,74,TIPICO,False,False,False,energiai-v2-seed-42-size-5000
347.180000,False,14,COMERCIO,11,MODERADO,41,TIPICO,False,False,False,energiai-v2-seed-42-size-5000
348.830000,False,20,CASA,5,MODERADO,49,TIPICO,False,False,False,energiai-v2-seed-42-size-5000
291.600000,True,8,APARTAMENTO,10,INEFICIENTE,67,TIPICO,False,False,False,energiai-v2-seed-42-size-5000
378.700000,True,10,CASA,11,INEFICIENTE,66,TIPICO,False,False,False,energiai-v2-seed-42-size-5000
313.310000,True,10,APARTAMENTO,10,INEFICIENTE,75,TIPICO,False,False,False,energiai-v2-seed-42-size-5000
417.240000,True,21,CASA,7,INEFICIENTE,75,TIPICO,False,False,False,energiai-v2-seed-42-size-5000
160.400000,False,7,APARTAMENTO,2,EFICIENTE,10,TIPICO,False,False,False,energiai-v2-seed-42-size-5000
482.740000,True,19,CASA,11,INEFICIENTE,97,TIPICO,False,False,False,energiai-v2-seed-42-size-5000
309.130000,False,18,APARTAMENTO,9,INEFICIENTE,77,TIPICO,False,False,False,energiai-v2-seed-42-size-5000
195.940000,False,8,CASA,1,EFICIENTE,5,TIPICO,False,False,False,energiai-v2-seed-42-size-5000
164.300000,False,5,APARTAMENTO,3,EFICIENTE,10,TIPICO,False,False,False,energiai-v2-seed-42-size-5000
275.360000,True,17,APARTAMENTO,2,MODERADO,51,TIPICO,False,False,False,energiai-v2-seed-42-size-5000
751.510000,False,23,INDUSTRIA,17,MODERADO,45,TIPICO,False,False,False,energiai-v2-seed-42-size-5000
316.040000,False,24,COMERCIO,2,EFICIENTE,24,TIPICO,False,False,False,energiai-v2-seed-42-size-5000
250.200000,False,4,CASA,10,EFICIENTE,25,TIPICO,False,False,False,energiai-v2-seed-42-size-5000
254.540000,False,11,APARTAMENTO,7,MODERADO,46,TIPICO,False,False,False,energiai-v2-seed-42-size-5000
473.120000,False,34,ESCRITORIO,8,MODERADO,57,TIPICO,False,False,False,energiai-v2-seed-42-size-5000
240.110000,False,7,APARTAMENTO,9,MODERADO,42,TIPICO,False,False,False,energiai-v2-seed-42-size-5000
265.910000,False,7,CASA,8,EFICIENTE,28,TIPICO,False,False,False,energiai-v2-seed-42-size-5000
156.830000,False,7,APARTAMENTO,1,EFICIENTE,7,TIPICO,False,False,False,energiai-v2-seed-42-size-5000
168.880000,False,2,APARTAMENTO,1,EFICIENTE,3,RARO_EXTREMO,False,True,False,energiai-v2-seed-42-size-5000
202.760000,True,5,APARTAMENTO,3,EFICIENTE,25,TIPICO,False,False,False,energiai-v2-seed-42-size-5000
576.130000,False,20,CASA,5,INEFICIENTE,73,RARO_EXTREMO,False,True,True,energiai-v2-seed-42-size-5000
516.010000,False,15,INDUSTRIA,3,EFICIENTE,9,RARO_EXTREMO,False,True,False,energiai-v2-seed-42-size-5000
315.770000,False,17,COMERCIO,4,EFICIENTE,23,TIPICO,False,False,False,energiai-v2-seed-42-size-5000
261.630000,True,10,CASA,2,EFICIENTE,26,TIPICO,False,False,False,energiai-v2-seed-42-size-5000
219.420000,False,10,CASA,1,EFICIENTE,10,TIPICO,False,False,False,energiai-v2-seed-42-size-5000
722.650000,True,14,INDUSTRIA,2,EFICIENTE,25,RARO_EXTREMO,False,True,False,energiai-v2-seed-42-size-5000
191.060000,False,5,APARTAMENTO,5,EFICIENTE,19,TIPICO,False,False,False,energiai-v2-seed-42-size-5000
410.160000,True,13,CASA,10,INEFICIENTE,72,TIPICO,False,False,False,energiai-v2-seed-42-size-5000
379.240000,False,10,ESCRITORIO,12,MODERADO,39,TIPICO,False,False,False,energiai-v2-seed-42-size-5000
227.690000,True,7,APARTAMENTO,5,MODERADO,37,TIPICO,False,False,False,energiai-v2-seed-42-size-5000
389.980000,True,18,APARTAMENTO,11,INEFICIENTE,100,TIPICO,False,False,False,energiai-v2-seed-42-size-5000
449.180000,True,19,CASA,9,INEFICIENTE,84,TIPICO,False,False,False,energiai-v2-seed-42-size-5000
352.610000,False,20,CASA,7,MODERADO,56,TIPICO,False,False,False,energiai-v2-seed-42-size-5000
377.240000,True,14,CASA,7,MODERADO,60,FRONTEIRA,True,False,False,energiai-v2-seed-42-size-5000
221.890000,False,5,APARTAMENTO,9,MODERADO,35,TIPICO,False,False,False,energiai-v2-seed-42-size-5000
161.640000,False,5,APARTAMENTO,2,EFICIENTE,7,TIPICO,False,False,False,energiai-v2-seed-42-size-5000
215.470000,False,13,APARTAMENTO,4,MODERADO,33,TIPICO,False,False,False,energiai-v2-seed-42-size-5000
281.390000,True,6,CASA,4,EFICIENTE,28,TIPICO,False,False,False,energiai-v2-seed-42-size-5000
231.660000,True,3,APARTAMENTO,10,MODERADO,44,TIPICO,False,False,False,energiai-v2-seed-42-size-5000
171.570000,False,10,APARTAMENTO,2,EFICIENTE,16,TIPICO,False,False,False,energiai-v2-seed-42-size-5000
1168.090000,True,37,INDUSTRIA,17,INEFICIENTE,84,TIPICO,False,False,False,energiai-v2-seed-42-size-5000
257.610000,False,8,APARTAMENTO,10,MODERADO,50,TIPICO,False,False,False,energiai-v2-seed-42-size-5000
349.820000,False,21,COMERCIO,5,MODERADO,34,TIPICO,False,False,False,energiai-v2-seed-42-size-5000
160.100000,False,6,APARTAMENTO,1,EFICIENTE,6,TIPICO,False,False,False,energiai-v2-seed-42-size-5000
361.330000,True,19,COMERCIO,3,MODERADO,37,TIPICO,False,False,False,energiai-v2-seed-42-size-5000
359.350000,True,17,APARTAMENTO,9,INEFICIENTE,95,TIPICO,False,False,False,energiai-v2-seed-42-size-5000
381.020000,True,18,APARTAMENTO,10,INEFICIENTE,100,TIPICO,False,False,False,energiai-v2-seed-42-size-5000
461.910000,False,30,ESCRITORIO,10,MODERADO,59,TIPICO,False,False,False,energiai-v2-seed-42-size-5000
296.860000,False,8,CASA,9,MODERADO,36,TIPICO,False,False,False,energiai-v2-seed-42-size-5000
341.910000,True,8,COMERCIO,5,EFICIENTE,29,TIPICO,False,False,False,energiai-v2-seed-42-size-5000
179.660000,False,9,APARTAMENTO,1,EFICIENTE,13,TIPICO,False,False,False,energiai-v2-seed-42-size-5000
405.470000,True,21,CASA,5,INEFICIENTE,67,TIPICO,False,False,False,energiai-v2-seed-42-size-5000
339.140000,True,16,APARTAMENTO,9,INEFICIENTE,88,TIPICO,False,False,False,energiai-v2-seed-42-size-5000
408.750000,True,19,CASA,7,INEFICIENTE,71,TIPICO,False,False,False,energiai-v2-seed-42-size-5000
225.360000,True,6,APARTAMENTO,5,MODERADO,35,TIPICO,False,False,False,energiai-v2-seed-42-size-5000
235.850000,True,11,APARTAMENTO,3,MODERADO,39,TIPICO,False,False,False,energiai-v2-seed-42-size-5000
281.800000,True,6,COMERCIO,2,EFICIENTE,14,TIPICO,False,False,False,energiai-v2-seed-42-size-5000
203.650000,False,7,CASA,1,EFICIENTE,5,TIPICO,False,False,False,energiai-v2-seed-42-size-5000
519.990000,True,22,CASA,12,INEFICIENTE,100,TIPICO,False,False,False,energiai-v2-seed-42-size-5000
267.380000,True,6,APARTAMENTO,8,MODERADO,52,TIPICO,False,False,False,energiai-v2-seed-42-size-5000
270.340000,False,18,CASA,1,EFICIENTE,24,TIPICO,False,False,False,energiai-v2-seed-42-size-5000
647.920000,True,23,OUTRO,14,INEFICIENTE,87,TIPICO,False,False,False,energiai-v2-seed-42-size-5000
295.870000,True,15,APARTAMENTO,5,INEFICIENTE,63,TIPICO,False,False,False,energiai-v2-seed-42-size-5000
171.240000,False,4,APARTAMENTO,2,EFICIENTE,7,TIPICO,False,False,False,energiai-v2-seed-42-size-5000
572.620000,False,23,INDUSTRIA,12,EFICIENTE,29,TIPICO,False,False,False,energiai-v2-seed-42-size-5000
584.260000,False,7,INDUSTRIA,4,EFICIENTE,8,RARO_EXTREMO,False,True,False,energiai-v2-seed-42-size-5000
314.570000,True,17,CASA,1,MODERADO,37,TIPICO,False,False,False,energiai-v2-seed-42-size-5000
280.810000,True,16,APARTAMENTO,5,INEFICIENTE,62,TIPICO,False,False,False,energiai-v2-seed-42-size-5000
276.110000,False,22,CASA,2,MODERADO,33,TIPICO,False,False,False,energiai-v2-seed-42-size-5000
397.750000,True,24,OUTRO,3,MODERADO,44,TIPICO,False,False,False,energiai-v2-seed-42-size-5000
178.890000,False,2,OUTRO,6,EFICIENTE,9,TIPICO,False,False,False,energiai-v2-seed-42-size-5000
211.850000,False,7,CASA,2,EFICIENTE,8,TIPICO,False,False,False,energiai-v2-seed-42-size-5000
264.270000,True,7,APARTAMENTO,9,MODERADO,56,TIPICO,False,False,False,energiai-v2-seed-42-size-5000
448.270000,True,24,OUTRO,3,MODERADO,47,TIPICO,False,False,False,energiai-v2-seed-42-size-5000
391.640000,False,27,COMERCIO,9,MODERADO,57,TIPICO,False,False,False,energiai-v2-seed-42-size-5000
261.740000,True,6,APARTAMENTO,9,MODERADO,53,TIPICO,False,False,False,energiai-v2-seed-42-size-5000
200.060000,False,14,APARTAMENTO,2,EFICIENTE,26,TIPICO,False,False,False,energiai-v2-seed-42-size-5000
275.100000,True,15,APARTAMENTO,4,MODERADO,55,TIPICO,False,False,False,energiai-v2-seed-42-size-5000
245.990000,False,15,ESCRITORIO,4,EFICIENTE,13,TIPICO,False,False,False,energiai-v2-seed-42-size-5000
286.110000,False,20,CASA,2,MODERADO,31,FRONTEIRA,True,False,False,energiai-v2-seed-42-size-5000
449.490000,False,22,COMERCIO,12,INEFICIENTE,69,TIPICO,False,False,False,energiai-v2-seed-42-size-5000
246.140000,True,8,APARTAMENTO,4,MODERADO,39,TIPICO,False,False,False,energiai-v2-seed-42-size-5000
219.490000,False,12,APARTAMENTO,3,EFICIENTE,29,TIPICO,False,False,False,energiai-v2-seed-42-size-5000
489.230000,False,13,OUTRO,16,MODERADO,59,TIPICO,False,False,False,energiai-v2-seed-42-size-5000
396.600000,False,20,COMERCIO,9,MODERADO,50,TIPICO,False,False,False,energiai-v2-seed-42-size-5000
269.820000,False,7,COMERCIO,6,EFICIENTE,12,TIPICO,False,False,False,energiai-v2-seed-42-size-5000
430.950000,True,13,CASA,12,INEFICIENTE,82,TIPICO,False,False,False,energiai-v2-seed-42-size-5000
205.390000,False,12,APARTAMENTO,4,EFICIENTE,29,TIPICO,False,False,False,energiai-v2-seed-42-size-5000
500.440000,False,29,ESCRITORIO,10,INEFICIENTE,62,TIPICO,False,False,False,energiai-v2-seed-42-size-5000
266.210000,True,2,APARTAMENTO,11,MODERADO,54,RARO_EXTREMO,False,True,False,energiai-v2-seed-42-size-5000
460.210000,True,21,ESCRITORIO,9,MODERADO,57,TIPICO,False,False,False,energiai-v2-seed-42-size-5000
269.350000,True,4,APARTAMENTO,11,MODERADO,57,TIPICO,False,False,False,energiai-v2-seed-42-size-5000
502.910000,True,22,CASA,11,INEFICIENTE,100,TIPICO,False,False,False,energiai-v2-seed-42-size-5000
252.290000,False,11,CASA,3,EFICIENTE,19,TIPICO,False,False,False,energiai-v2-seed-42-size-5000
461.070000,True,24,COMERCIO,9,INEFICIENTE,73,TIPICO,False,False,False,energiai-v2-seed-42-size-5000
61.690000,False,13,INDUSTRIA,5,EFICIENTE,3,RARO_EXTREMO,False,True,True,energiai-v2-seed-42-size-5000
286.680000,False,29,OUTRO,1,EFICIENTE,27,TIPICO,False,False,False,energiai-v2-seed-42-size-5000
640.240000,True,8,INDUSTRIA,11,EFICIENTE,30,FRONTEIRA,True,False,False,energiai-v2-seed-42-size-5000
203.630000,False,4,APARTAMENTO,6,EFICIENTE,22,TIPICO,False,False,False,energiai-v2-seed-42-size-5000
249.280000,False,5,COMERCIO,6,EFICIENTE,7,TIPICO,False,False,False,energiai-v2-seed-42-size-5000
251.000000,True,4,APARTAMENTO,10,MODERADO,50,TIPICO,False,False,False,energiai-v2-seed-42-size-5000
259.170000,False,17,ESCRITORIO,5,EFICIENTE,17,TIPICO,False,False,False,energiai-v2-seed-42-size-5000
311.740000,False,28,ESCRITORIO,3,EFICIENTE,24,TIPICO,False,False,False,energiai-v2-seed-42-size-5000
284.980000,False,18,COMERCIO,2,EFICIENTE,16,TIPICO,False,False,False,energiai-v2-seed-42-size-5000
337.120000,False,14,CASA,7,MODERADO,45,TIPICO,False,False,False,energiai-v2-seed-42-size-5000
290.140000,True,15,APARTAMENTO,6,INEFICIENTE,65,TIPICO,False,False,False,energiai-v2-seed-42-size-5000
167.460000,False,6,APARTAMENTO,2,EFICIENTE,9,TIPICO,False,False,False,energiai-v2-seed-42-size-5000
180.010000,False,4,CASA,2,EFICIENTE,1,TIPICO,False,False,False,energiai-v2-seed-42-size-5000
305.750000,True,12,CASA,4,MODERADO,39,TIPICO,False,False,False,energiai-v2-seed-42-size-5000
414.010000,True,28,COMERCIO,5,MODERADO,58,TIPICO,False,False,False,energiai-v2-seed-42-size-5000
365.530000,True,8,COMERCIO,9,MODERADO,41,TIPICO,False,False,False,energiai-v2-seed-42-size-5000
259.600000,True,7,APARTAMENTO,9,MODERADO,55,TIPICO,False,False,False,energiai-v2-seed-42-size-5000
387.820000,True,13,COMERCIO,9,MODERADO,50,TIPICO,False,False,False,energiai-v2-seed-42-size-5000
324.380000,False,18,APARTAMENTO,10,INEFICIENTE,84,TIPICO,False,False,False,energiai-v2-seed-42-size-5000
519.980000,True,22,CASA,12,INEFICIENTE,100,TIPICO,False,False,False,energiai-v2-seed-42-size-5000
323.820000,False,21,CASA,4,MODERADO,43,TIPICO,False,False,False,energiai-v2-seed-42-size-5000
332.900000,True,12,CASA,6,MODERADO,48,TIPICO,False,False,False,energiai-v2-seed-42-size-5000
261.040000,False,19,CASA,1,EFICIENTE,25,TIPICO,False,False,False,energiai-v2-seed-42-size-5000
225.900000,False,10,ESCRITORIO,5,EFICIENTE,10,TIPICO,False,False,False,energiai-v2-seed-42-size-5000
212.670000,False,8,CASA,3,EFICIENTE,11,TIPICO,False,False,False,energiai-v2-seed-42-size-5000
461.020000,False,25,COMERCIO,12,INEFICIENTE,75,TIPICO,False,False,False,energiai-v2-seed-42-size-5000
327.760000,False,9,CASA,8,MODERADO,39,TIPICO,False,False,False,energiai-v2-seed-42-size-5000
307.950000,True,16,APARTAMENTO,6,INEFICIENTE,70,TIPICO,False,False,False,energiai-v2-seed-42-size-5000
467.710000,True,19,COMERCIO,12,INEFICIENTE,78,TIPICO,False,False,False,energiai-v2-seed-42-size-5000
330.780000,True,21,ESCRITORIO,3,EFICIENTE,29,TIPICO,False,False,False,energiai-v2-seed-42-size-5000
500.420000,False,28,ESCRITORIO,10,INEFICIENTE,61,TIPICO,False,False,False,energiai-v2-seed-42-size-5000
71.330000,False,8,APARTAMENTO,2,EFICIENTE,8,RARO_EXTREMO,False,True,True,energiai-v2-seed-42-size-5000
331.660000,False,13,COMERCIO,9,MODERADO,32,TIPICO,False,False,False,energiai-v2-seed-42-size-5000
307.930000,True,13,CASA,1,MODERADO,32,TIPICO,False,False,False,energiai-v2-seed-42-size-5000
486.980000,True,25,COMERCIO,11,INEFICIENTE,85,TIPICO,False,False,False,energiai-v2-seed-42-size-5000
385.520000,True,10,CASA,10,INEFICIENTE,64,TIPICO,False,False,False,energiai-v2-seed-42-size-5000
499.390000,True,22,COMERCIO,11,INEFICIENTE,84,TIPICO,False,False,False,energiai-v2-seed-42-size-5000
283.630000,False,14,APARTAMENTO,8,MODERADO,60,TIPICO,False,False,False,energiai-v2-seed-42-size-5000
362.800000,False,29,ESCRITORIO,6,MODERADO,37,TIPICO,False,False,False,energiai-v2-seed-42-size-5000
260.470000,False,5,COMERCIO,3,EFICIENTE,3,TIPICO,False,False,False,energiai-v2-seed-42-size-5000
232.980000,False,13,APARTAMENTO,5,MODERADO,39,TIPICO,False,False,False,energiai-v2-seed-42-size-5000
225.060000,False,28,APARTAMENTO,3,MODERADO,39,RARO_EXTREMO,False,True,True,energiai-v2-seed-42-size-5000
363.960000,True,10,CASA,9,MODERADO,58,TIPICO,False,False,False,energiai-v2-seed-42-size-5000
336.560000,True,12,APARTAMENTO,10,INEFICIENTE,84,TIPICO,False,False,False,energiai-v2-seed-42-size-5000
230.910000,False,11,APARTAMENTO,4,MODERADO,32,TIPICO,False,False,False,energiai-v2-seed-42-size-5000
497.890000,True,19,CASA,12,INEFICIENTE,100,TIPICO,False,False,False,energiai-v2-seed-42-size-5000
253.130000,True,17,APARTAMENTO,2,MODERADO,47,TIPICO,False,False,False,energiai-v2-seed-42-size-5000
329.160000,False,3,CASA,5,EFICIENTE,25,RARO_EXTREMO,False,True,False,energiai-v2-seed-42-size-5000
401.080000,False,15,COMERCIO,14,MODERADO,58,TIPICO,False,False,False,energiai-v2-seed-42-size-5000
416.940000,True,17,CASA,7,INEFICIENTE,70,TIPICO,False,False,False,energiai-v2-seed-42-size-5000
272.010000,False,18,APARTAMENTO,6,MODERADO,58,TIPICO,False,False,False,energiai-v2-seed-42-size-5000
166.930000,False,5,APARTAMENTO,19,EFICIENTE,29,RARO_EXTREMO,False,True,True,energiai-v2-seed-42-size-5000
175.290000,False,3,APARTAMENTO,7,EFICIENTE,17,TIPICO,False,False,False,energiai-v2-seed-42-size-5000
199.590000,False,5,APARTAMENTO,6,EFICIENTE,23,TIPICO,False,False,False,energiai-v2-seed-42-size-5000
282.790000,False,14,APARTAMENTO,8,MODERADO,60,FRONTEIRA,True,False,False,energiai-v2-seed-42-size-5000
327.990000,False,21,ESCRITORIO,8,MODERADO,33,TIPICO,False,False,False,energiai-v2-seed-42-size-5000
239.230000,False,11,APARTAMENTO,6,MODERADO,40,TIPICO,False,False,False,energiai-v2-seed-42-size-5000
283.240000,True,11,CASA,2,EFICIENTE,30,FRONTEIRA,True,False,False,energiai-v2-seed-42-size-5000
330.740000,False,10,ESCRITORIO,7,EFICIENTE,22,TIPICO,False,False,False,energiai-v2-seed-42-size-5000
192.110000,True,8,APARTAMENTO,1,EFICIENTE,22,TIPICO,False,False,False,energiai-v2-seed-42-size-5000
180.020000,False,4,CASA,1,EFICIENTE,0,TIPICO,False,False,False,energiai-v2-seed-42-size-5000
262.060000,False,16,OUTRO,3,EFICIENTE,20,TIPICO,False,False,False,energiai-v2-seed-42-size-5000
243.850000,False,16,ESCRITORIO,5,EFICIENTE,15,TIPICO,False,False,False,energiai-v2-seed-42-size-5000
296.020000,True,17,APARTAMENTO,5,INEFICIENTE,66,TIPICO,False,False,False,energiai-v2-seed-42-size-5000
261.010000,False,12,ESCRITORIO,6,EFICIENTE,16,TIPICO,False,False,False,energiai-v2-seed-42-size-5000
215.060000,True,10,APARTAMENTO,2,MODERADO,31,FRONTEIRA,True,False,False,energiai-v2-seed-42-size-5000
298.770000,True,14,CASA,1,MODERADO,32,TIPICO,False,False,False,energiai-v2-seed-42-size-5000
311.560000,False,33,ESCRITORIO,3,EFICIENTE,27,TIPICO,False,False,False,energiai-v2-seed-42-size-5000
325.870000,True,13,APARTAMENTO,8,INEFICIENTE,76,TIPICO,False,False,False,energiai-v2-seed-42-size-5000
355.040000,True,19,CASA,5,MODERADO,57,TIPICO,False,False,False,energiai-v2-seed-42-size-5000
242.430000,False,12,CASA,2,EFICIENTE,17,TIPICO,False,False,False,energiai-v2-seed-42-size-5000
316.180000,True,11,APARTAMENTO,11,INEFICIENTE,81,TIPICO,False,False,False,energiai-v2-seed-42-size-5000
382.700000,False,14,CASA,12,INEFICIENTE,67,TIPICO,False,False,False,energiai-v2-seed-42-size-5000
300.630000,False,14,CASA,6,MODERADO,37,TIPICO,False,False,False,energiai-v2-seed-42-size-5000
446.160000,True,12,ESCRITORIO,12,MODERADO,56,TIPICO,False,False,False,energiai-v2-seed-42-size-5000
311.890000,True,16,APARTAMENTO,6,INEFICIENTE,71,TIPICO,False,False,False,energiai-v2-seed-42-size-5000
322.290000,True,10,COMERCIO,4,EFICIENTE,26,TIPICO,False,False,False,energiai-v2-seed-42-size-5000
259.700000,True,6,CASA,3,EFICIENTE,23,TIPICO,False,False,False,energiai-v2-seed-42-size-5000
290.690000,False,13,APARTAMENTO,10,INEFICIENTE,67,TIPICO,False,False,False,energiai-v2-seed-42-size-5000
304.450000,True,14,CASA,4,MODERADO,41,TIPICO,False,False,False,energiai-v2-seed-42-size-5000
443.200000,True,28,OUTRO,4,MODERADO,52,TIPICO,False,False,False,energiai-v2-seed-42-size-5000
151.330000,False,7,APARTAMENTO,1,EFICIENTE,6,TIPICO,False,False,False,energiai-v2-seed-42-size-5000
159.060000,False,5,APARTAMENTO,2,EFICIENTE,7,TIPICO,False,False,False,energiai-v2-seed-42-size-5000
250.240000,False,13,APARTAMENTO,5,MODERADO,42,TIPICO,False,False,False,energiai-v2-seed-42-size-5000
144.030000,False,14,COMERCIO,14,MODERADO,31,RARO_EXTREMO,False,True,True,energiai-v2-seed-42-size-5000
256.280000,True,10,APARTAMENTO,4,MODERADO,44,TIPICO,False,False,False,energiai-v2-seed-42-size-5000
209.480000,False,8,CASA,3,EFICIENTE,11,TIPICO,False,False,False,energiai-v2-seed-42-size-5000
230.970000,True,5,CASA,1,EFICIENTE,15,TIPICO,False,False,False,energiai-v2-seed-42-size-5000
319.830000,False,9,CASA,11,MODERADO,46,TIPICO,False,False,False,energiai-v2-seed-42-size-5000
179.420000,False,7,APARTAMENTO,3,EFICIENTE,15,TIPICO,False,False,False,energiai-v2-seed-42-size-5000
280.840000,False,10,COMERCIO,6,EFICIENTE,16,TIPICO,False,False,False,energiai-v2-seed-42-size-5000
229.430000,True,14,APARTAMENTO,3,MODERADO,43,TIPICO,False,False,False,energiai-v2-seed-42-size-5000
215.860000,False,5,APARTAMENTO,9,MODERADO,33,TIPICO,False,False,False,energiai-v2-seed-42-size-5000
411.460000,False,17,COMERCIO,11,MODERADO,54,TIPICO,False,False,False,energiai-v2-seed-42-size-5000
230.300000,True,5,APARTAMENTO,7,MODERADO,40,TIPICO,False,False,False,energiai-v2-seed-42-size-5000
314.580000,False,21,CASA,3,MODERADO,39,TIPICO,False,False,False,energiai-v2-seed-42-size-5000
441.320000,True,16,CASA,11,INEFICIENTE,85,TIPICO,False,False,False,energiai-v2-seed-42-size-5000
398.280000,False,25,COMERCIO,7,MODERADO,50,TIPICO,False,False,False,energiai-v2-seed-42-size-5000
188.330000,False,5,CASA,1,EFICIENTE,1,TIPICO,False,False,False,energiai-v2-seed-42-size-5000
240.000000,False,5,COMERCIO,4,EFICIENTE,2,TIPICO,False,False,False,energiai-v2-seed-42-size-5000
173.680000,False,7,APARTAMENTO,3,EFICIENTE,14,TIPICO,False,False,False,energiai-v2-seed-42-size-5000
356.880000,False,22,CASA,5,MODERADO,52,TIPICO,False,False,False,energiai-v2-seed-42-size-5000
561.210000,False,25,ESCRITORIO,14,INEFICIENTE,78,TIPICO,False,False,False,energiai-v2-seed-42-size-5000
358.800000,False,11,COMERCIO,12,MODERADO,41,TIPICO,False,False,False,energiai-v2-seed-42-size-5000
372.060000,False,16,ESCRITORIO,9,MODERADO,36,TIPICO,False,False,False,energiai-v2-seed-42-size-5000
375.910000,False,12,INDUSTRIA,8,EFICIENTE,9,TIPICO,False,False,False,energiai-v2-seed-42-size-5000
426.300000,False,24,COMERCIO,10,INEFICIENTE,62,TIPICO,False,False,False,energiai-v2-seed-42-size-5000
350.250000,False,19,COMERCIO,6,MODERADO,34,TIPICO,False,False,False,energiai-v2-seed-42-size-5000
304.740000,False,13,ESCRITORIO,8,EFICIENTE,25,TIPICO,False,False,False,energiai-v2-seed-42-size-5000
353.330000,False,21,CASA,4,MODERADO,47,TIPICO,False,False,False,energiai-v2-seed-42-size-5000
178.520000,False,3,APARTAMENTO,4,EFICIENTE,11,TIPICO,False,False,False,energiai-v2-seed-42-size-5000
366.870000,True,9,COMERCIO,9,MODERADO,42,TIPICO,False,False,False,energiai-v2-seed-42-size-5000
411.140000,True,11,CASA,12,INEFICIENTE,76,TIPICO,False,False,False,energiai-v2-seed-42-size-5000
172.460000,False,2,OUTRO,4,EFICIENTE,6,TIPICO,False,False,False,energiai-v2-seed-42-size-5000
514.540000,True,22,COMERCIO,13,INEFICIENTE,93,TIPICO,False,False,False,energiai-v2-seed-42-size-5000
354.300000,True,9,CASA,8,MODERADO,52,TIPICO,False,False,False,energiai-v2-seed-42-size-5000
316.160000,False,9,CASA,9,MODERADO,40,TIPICO,False,False,False,energiai-v2-seed-42-size-5000
496.300000,True,4,COMERCIO,11,INEFICIENTE,63,RARO_EXTREMO,False,True,False,energiai-v2-seed-42-size-5000
371.560000,True,21,CASA,20,INEFICIENTE,85,RARO_EXTREMO,False,True,True,energiai-v2-seed-42-size-5000
245.570000,False,22,ESCRITORIO,4,EFICIENTE,18,TIPICO,False,False,False,energiai-v2-seed-42-size-5000
310.610000,False,17,COMERCIO,3,EFICIENTE,20,TIPICO,False,False,False,energiai-v2-seed-42-size-5000
439.560000,True,25,COMERCIO,6,INEFICIENTE,62,TIPICO,False,False,False,energiai-v2-seed-42-size-5000
376.820000,True,17,APARTAMENTO,11,INEFICIENTE,100,TIPICO,False,False,False,energiai-v2-seed-42-size-5000
245.580000,False,5,CASA,8,EFICIENTE,22,TIPICO,False,False,False,energiai-v2-seed-42-size-5000
360.350000,True,22,COMERCIO,3,MODERADO,40,TIPICO,False,False,False,energiai-v2-seed-42-size-5000
477.680000,True,22,ESCRITORIO,8,MODERADO,57,TIPICO,False,False,False,energiai-v2-seed-42-size-5000
317.520000,True,16,APARTAMENTO,7,INEFICIENTE,76,TIPICO,False,False,False,energiai-v2-seed-42-size-5000
185.940000,False,11,APARTAMENTO,2,EFICIENTE,19,TIPICO,False,False,False,energiai-v2-seed-42-size-5000
394.590000,True,14,CASA,8,INEFICIENTE,65,TIPICO,False,False,False,energiai-v2-seed-42-size-5000
389.910000,False,21,COMERCIO,7,MODERADO,44,TIPICO,False,False,False,energiai-v2-seed-42-size-5000
623.600000,False,28,OUTRO,13,INEFICIENTE,78,TIPICO,False,False,False,energiai-v2-seed-42-size-5000
402.900000,False,16,COMERCIO,12,MODERADO,54,TIPICO,False,False,False,energiai-v2-seed-42-size-5000
341.700000,False,16,CASA,8,MODERADO,51,TIPICO,False,False,False,energiai-v2-seed-42-size-5000
179.680000,False,8,APARTAMENTO,1,EFICIENTE,11,TIPICO,False,False,False,energiai-v2-seed-42-size-5000
329.820000,False,13,ESCRITORIO,11,MODERADO,34,TIPICO,False,False,False,energiai-v2-seed-42-size-5000
206.300000,False,18,APARTAMENTO,2,MODERADO,32,TIPICO,False,False,False,energiai-v2-seed-42-size-5000
167.280000,False,6,APARTAMENTO,1,EFICIENTE,7,TIPICO,False,False,False,energiai-v2-seed-42-size-5000
340.790000,True,15,CASA,5,MODERADO,50,TIPICO,False,False,False,energiai-v2-seed-42-size-5000
283.200000,True,16,APARTAMENTO,3,MODERADO,55,TIPICO,False,False,False,energiai-v2-seed-42-size-5000
509.400000,True,22,COMERCIO,14,INEFICIENTE,95,TIPICO,False,False,False,energiai-v2-seed-42-size-5000
232.170000,False,14,CASA,1,EFICIENTE,16,TIPICO,False,False,False,energiai-v2-seed-42-size-5000
339.700000,False,23,COMERCIO,6,MODERADO,37,TIPICO,False,False,False,energiai-v2-seed-42-size-5000
184.560000,False,7,APARTAMENTO,3,EFICIENTE,16,TIPICO,False,False,False,energiai-v2-seed-42-size-5000
393.450000,False,28,COMERCIO,6,MODERADO,49,TIPICO,False,False,False,energiai-v2-seed-42-size-5000
236.410000,True,4,APARTAMENTO,8,MODERADO,42,TIPICO,False,False,False,energiai-v2-seed-42-size-5000
313.900000,True,17,APARTAMENTO,6,INEFICIENTE,73,TIPICO,False,False,False,energiai-v2-seed-42-size-5000
389.430000,True,17,ESCRITORIO,6,MODERADO,39,TIPICO,False,False,False,energiai-v2-seed-42-size-5000
287.220000,True,5,CASA,5,EFICIENTE,30,TIPICO,False,False,False,energiai-v2-seed-42-size-5000
266.340000,False,7,APARTAMENTO,19,MODERADO,53,RARO_EXTREMO,False,True,True,energiai-v2-seed-42-size-5000
274.620000,False,13,APARTAMENTO,8,MODERADO,57,TIPICO,False,False,False,energiai-v2-seed-42-size-5000
213.040000,False,12,APARTAMENTO,3,EFICIENTE,28,TIPICO,False,False,False,energiai-v2-seed-42-size-5000
593.490000,True,31,ESCRITORIO,11,INEFICIENTE,86,TIPICO,False,False,False,energiai-v2-seed-42-size-5000
357.230000,True,7,CASA,12,MODERADO,60,FRONTEIRA,True,False,False,energiai-v2-seed-42-size-5000
309.940000,False,17,APARTAMENTO,9,INEFICIENTE,75,TIPICO,False,False,False,energiai-v2-seed-42-size-5000
398.290000,True,22,CASA,6,INEFICIENTE,71,TIPICO,False,False,False,energiai-v2-seed-42-size-5000
216.890000,False,9,APARTAMENTO,5,EFICIENTE,30,TIPICO,False,False,False,energiai-v2-seed-42-size-5000
209.630000,False,4,CASA,4,EFICIENTE,8,TIPICO,False,False,False,energiai-v2-seed-42-size-5000
666.080000,True,29,ESCRITORIO,14,INEFICIENTE,100,TIPICO,False,False,False,energiai-v2-seed-42-size-5000
233.180000,False,15,APARTAMENTO,4,MODERADO,39,TIPICO,False,False,False,energiai-v2-seed-42-size-5000
164.660000,False,5,APARTAMENTO,6,EFICIENTE,17,TIPICO,False,False,False,energiai-v2-seed-42-size-5000
263.200000,False,6,ESCRITORIO,6,EFICIENTE,12,TIPICO,False,False,False,energiai-v2-seed-42-size-5000
274.950000,False,9,COMERCIO,3,EFICIENTE,8,TIPICO,False,False,False,energiai-v2-seed-42-size-5000
467.470000,True,17,CASA,10,INEFICIENTE,88,TIPICO,False,False,False,energiai-v2-seed-42-size-5000
399.840000,True,6,ESCRITORIO,11,MODERADO,44,TIPICO,False,False,False,energiai-v2-seed-42-size-5000
267.880000,False,16,APARTAMENTO,5,MODERADO,50,TIPICO,False,False,False,energiai-v2-seed-42-size-5000
347.420000,True,18,OUTRO,3,MODERADO,36,TIPICO,False,False,False,energiai-v2-seed-42-size-5000
474.850000,True,24,COMERCIO,10,INEFICIENTE,79,TIPICO,False,False,False,energiai-v2-seed-42-size-5000
571.480000,True,9,INDUSTRIA,8,EFICIENTE,23,TIPICO,False,False,False,energiai-v2-seed-42-size-5000
281.970000,True,9,APARTAMENTO,9,INEFICIENTE,63,TIPICO,False,False,False,energiai-v2-seed-42-size-5000
288.970000,True,11,ESCRITORIO,4,EFICIENTE,22,TIPICO,False,False,False,energiai-v2-seed-42-size-5000
239.710000,True,4,APARTAMENTO,7,MODERADO,40,TIPICO,False,False,False,energiai-v2-seed-42-size-5000
597.310000,False,27,INDUSTRIA,6,EFICIENTE,22,TIPICO,False,False,False,energiai-v2-seed-42-size-5000
79.890000,False,7,CASA,6,EFICIENTE,12,RARO_EXTREMO,False,True,True,energiai-v2-seed-42-size-5000
397.470000,True,10,CASA,0,MODERADO,39,RARO_EXTREMO,False,True,False,energiai-v2-seed-42-size-5000
408.590000,True,18,CASA,7,INEFICIENTE,70,TIPICO,False,False,False,energiai-v2-seed-42-size-5000
239.640000,True,6,CASA,3,EFICIENTE,21,TIPICO,False,False,False,energiai-v2-seed-42-size-5000
343.530000,True,17,CASA,4,MODERADO,50,TIPICO,False,False,False,energiai-v2-seed-42-size-5000
140.000000,False,3,APARTAMENTO,2,EFICIENTE,1,TIPICO,False,False,False,energiai-v2-seed-42-size-5000
236.610000,False,4,APARTAMENTO,11,MODERADO,41,TIPICO,False,False,False,energiai-v2-seed-42-size-5000
341.550000,False,13,CASA,11,MODERADO,56,TIPICO,False,False,False,energiai-v2-seed-42-size-5000
262.870000,False,16,CASA,2,EFICIENTE,24,TIPICO,False,False,False,energiai-v2-seed-42-size-5000
269.460000,False,9,APARTAMENTO,9,MODERADO,52,TIPICO,False,False,False,energiai-v2-seed-42-size-5000
229.580000,False,15,CASA,2,EFICIENTE,19,TIPICO,False,False,False,energiai-v2-seed-42-size-5000
461.760000,True,20,COMERCIO,10,INEFICIENTE,72,TIPICO,False,False,False,energiai-v2-seed-42-size-5000
363.330000,True,9,CASA,11,INEFICIENTE,62,TIPICO,False,False,False,energiai-v2-seed-42-size-5000
206.740000,False,17,APARTAMENTO,1,EFICIENTE,28,TIPICO,False,False,False,energiai-v2-seed-42-size-5000
304.390000,True,10,APARTAMENTO,9,INEFICIENTE,70,TIPICO,False,False,False,energiai-v2-seed-42-size-5000
576.130000,False,5,CASA,9,INEFICIENTE,66,RARO_EXTREMO,False,True,True,energiai-v2-seed-42-size-5000
403.700000,True,22,ESCRITORIO,7,MODERADO,47,TIPICO,False,False,False,energiai-v2-seed-42-size-5000
254.440000,True,14,APARTAMENTO,4,MODERADO,50,TIPICO,False,False,False,energiai-v2-seed-42-size-5000
373.980000,True,13,CASA,9,INEFICIENTE,64,TIPICO,False,False,False,energiai-v2-seed-42-size-5000
250.200000,False,9,APARTAMENTO,9,MODERADO,48,TIPICO,False,False,False,energiai-v2-seed-42-size-5000
410.150000,True,16,OUTRO,6,MODERADO,44,TIPICO,False,False,False,energiai-v2-seed-42-size-5000
333.430000,True,15,APARTAMENTO,8,INEFICIENTE,82,TIPICO,False,False,False,energiai-v2-seed-42-size-5000
191.830000,False,9,CASA,1,EFICIENTE,6,TIPICO,False,False,False,energiai-v2-seed-42-size-5000
441.640000,True,15,CASA,12,INEFICIENTE,87,TIPICO,False,False,False,energiai-v2-seed-42-size-5000
71.330000,False,5,APARTAMENTO,3,EFICIENTE,6,RARO_EXTREMO,False,True,True,energiai-v2-seed-42-size-5000
316.900000,True,9,CASA,6,MODERADO,42,TIPICO,False,False,False,energiai-v2-seed-42-size-5000
345.730000,True,15,CASA,4,MODERADO,48,TIPICO,False,False,False,energiai-v2-seed-42-size-5000
337.940000,True,13,COMERCIO,4,MODERADO,31,FRONTEIRA,True,False,False,energiai-v2-seed-42-size-5000
339.740000,True,11,APARTAMENTO,11,INEFICIENTE,87,TIPICO,False,False,False,energiai-v2-seed-42-size-5000
408.380000,False,22,CASA,8,INEFICIENTE,70,TIPICO,False,False,False,energiai-v2-seed-42-size-5000
370.120000,True,16,COMERCIO,6,MODERADO,43,TIPICO,False,False,False,energiai-v2-seed-42-size-5000
280.060000,False,10,APARTAMENTO,11,INEFICIENTE,62,TIPICO,False,False,False,energiai-v2-seed-42-size-5000
252.490000,False,2,APARTAMENTO,10,MODERADO,40,RARO_EXTREMO,False,True,False,energiai-v2-seed-42-size-5000
377.060000,False,11,CASA,12,INEFICIENTE,61,FRONTEIRA,True,False,False,energiai-v2-seed-42-size-5000
335.020000,False,18,OUTRO,5,EFICIENTE,30,TIPICO,False,False,False,energiai-v2-seed-42-size-5000
552.070000,True,25,ESCRITORIO,22,INEFICIENTE,86,RARO_EXTREMO,False,True,True,energiai-v2-seed-42-size-5000
487.270000,True,19,OUTRO,6,MODERADO,52,TIPICO,False,False,False,energiai-v2-seed-42-size-5000
394.720000,True,12,CASA,10,INEFICIENTE,68,TIPICO,False,False,False,energiai-v2-seed-42-size-5000
282.690000,False,11,APARTAMENTO,10,INEFICIENTE,61,FRONTEIRA,True,False,False,energiai-v2-seed-42-size-5000
251.120000,True,10,APARTAMENTO,5,MODERADO,46,TIPICO,False,False,False,energiai-v2-seed-42-size-5000
417.710000,False,16,COMERCIO,13,MODERADO,59,TIPICO,False,False,False,energiai-v2-seed-42-size-5000
318.030000,True,5,CASA,10,MODERADO,46,TIPICO,False,False,False,energiai-v2-seed-42-size-5000
343.800000,True,17,APARTAMENTO,9,INEFICIENTE,91,TIPICO,False,False,False,energiai-v2-seed-42-size-5000
386.480000,True,16,COMERCIO,8,MODERADO,50,TIPICO,False,False,False,energiai-v2-seed-42-size-5000
245.700000,False,5,COMERCIO,2,EFICIENTE,0,TIPICO,False,False,False,energiai-v2-seed-42-size-5000
212.130000,False,18,APARTAMENTO,1,EFICIENTE,30,TIPICO,False,False,False,energiai-v2-seed-42-size-5000
280.650000,False,5,ESCRITORIO,12,EFICIENTE,25,TIPICO,False,False,False,energiai-v2-seed-42-size-5000
240.000000,False,6,COMERCIO,2,EFICIENTE,0,TIPICO,False,False,False,energiai-v2-seed-42-size-5000
364.460000,True,11,CASA,9,MODERADO,59,TIPICO,False,False,False,energiai-v2-seed-42-size-5000
242.050000,True,13,APARTAMENTO,3,MODERADO,43,TIPICO,False,False,False,energiai-v2-seed-42-size-5000
215.300000,False,16,APARTAMENTO,1,EFICIENTE,28,TIPICO,False,False,False,energiai-v2-seed-42-size-5000
357.340000,False,14,CASA,10,MODERADO,57,TIPICO,False,False,False,energiai-v2-seed-42-size-5000
257.910000,False,6,CASA,7,EFICIENTE,23,TIPICO,False,False,False,energiai-v2-seed-42-size-5000
297.800000,True,15,APARTAMENTO,6,INEFICIENTE,67,TIPICO,False,False,False,energiai-v2-seed-42-size-5000
346.080000,False,6,COMERCIO,12,MODERADO,33,TIPICO,False,False,False,energiai-v2-seed-42-size-5000
370.750000,False,10,OUTRO,12,MODERADO,39,TIPICO,False,False,False,energiai-v2-seed-42-size-5000
300.590000,False,8,CASA,9,MODERADO,36,TIPICO,False,False,False,energiai-v2-seed-42-size-5000
218.060000,True,8,APARTAMENTO,2,EFICIENTE,29,TIPICO,False,False,False,energiai-v2-seed-42-size-5000
304.140000,False,15,COMERCIO,5,EFICIENTE,22,TIPICO,False,False,False,energiai-v2-seed-42-size-5000
447.360000,True,17,COMERCIO,12,INEFICIENTE,72,TIPICO,False,False,False,energiai-v2-seed-42-size-5000
438.500000,False,21,CASA,11,INEFICIENTE,84,TIPICO,False,False,False,energiai-v2-seed-42-size-5000
253.520000,True,12,APARTAMENTO,4,MODERADO,47,TIPICO,False,False,False,energiai-v2-seed-42-size-5000
793.060000,True,32,INDUSTRIA,7,MODERADO,42,TIPICO,False,False,False,energiai-v2-seed-42-size-5000
360.010000,False,7,ESCRITORIO,13,MODERADO,36,TIPICO,False,False,False,energiai-v2-seed-42-size-5000
349.920000,True,22,CASA,2,MODERADO,51,TIPICO,False,False,False,energiai-v2-seed-42-size-5000
441.040000,False,14,OUTRO,12,MODERADO,48,TIPICO,False,False,False,energiai-v2-seed-42-size-5000
177.720000,False,2,APARTAMENTO,1,EFICIENTE,4,RARO_EXTREMO,False,True,False,energiai-v2-seed-42-size-5000
384.830000,False,23,COMERCIO,7,MODERADO,46,TIPICO,False,False,False,energiai-v2-seed-42-size-5000
397.210000,False,22,COMERCIO,10,MODERADO,55,TIPICO,False,False,False,energiai-v2-seed-42-size-5000
225.940000,False,5,APARTAMENTO,9,MODERADO,35,TIPICO,False,False,False,energiai-v2-seed-42-size-5000
371.910000,False,11,ESCRITORIO,14,MODERADO,44,TIPICO,False,False,False,energiai-v2-seed-42-size-5000
291.510000,False,21,CASA,1,EFICIENTE,30,TIPICO,False,False,False,energiai-v2-seed-42-size-5000
456.990000,True,19,CASA,11,INEFICIENTE,93,TIPICO,False,False,False,energiai-v2-seed-42-size-5000
214.880000,True,13,APARTAMENTO,1,MODERADO,33,TIPICO,False,False,False,energiai-v2-seed-42-size-5000
232.030000,False,28,APARTAMENTO,4,MODERADO,43,RARO_EXTREMO,False,True,True,energiai-v2-seed-42-size-5000
341.170000,False,23,COMERCIO,5,MODERADO,34,TIPICO,False,False,False,energiai-v2-seed-42-size-5000
256.420000,False,15,CASA,1,EFICIENTE,20,TIPICO,False,False,False,energiai-v2-seed-42-size-5000
181.600000,False,11,APARTAMENTO,2,EFICIENTE,19,TIPICO,False,False,False,energiai-v2-seed-42-size-5000
488.790000,True,22,ESCRITORIO,10,INEFICIENTE,64,TIPICO,False,False,False,energiai-v2-seed-42-size-5000
199.960000,False,6,CASA,3,EFICIENTE,7,TIPICO,False,False,False,energiai-v2-seed-42-size-5000
1104.360000,True,48,INDUSTRIA,14,INEFICIENTE,80,TIPICO,False,False,False,energiai-v2-seed-42-size-5000
198.420000,False,4,CASA,5,EFICIENTE,9,TIPICO,False,False,False,energiai-v2-seed-42-size-5000
424.550000,True,21,CASA,6,INEFICIENTE,73,TIPICO,False,False,False,energiai-v2-seed-42-size-5000
237.380000,True,4,APARTAMENTO,9,MODERADO,45,TIPICO,False,False,False,energiai-v2-seed-42-size-5000
240.070000,False,17,CASA,1,EFICIENTE,20,TIPICO,False,False,False,energiai-v2-seed-42-size-5000
315.310000,True,7,CASA,7,MODERADO,41,TIPICO,False,False,False,energiai-v2-seed-42-size-5000
881.800000,True,12,INDUSTRIA,17,MODERADO,53,TIPICO,False,False,False,energiai-v2-seed-42-size-5000
303.470000,False,20,CASA,3,MODERADO,37,TIPICO,False,False,False,energiai-v2-seed-42-size-5000
200.510000,False,8,APARTAMENTO,5,EFICIENTE,25,TIPICO,False,False,False,energiai-v2-seed-42-size-5000
423.080000,False,8,APARTAMENTO,5,INEFICIENTE,61,RARO_EXTREMO,False,True,True,energiai-v2-seed-42-size-5000
467.550000,True,19,COMERCIO,11,INEFICIENTE,75,TIPICO,False,False,False,energiai-v2-seed-42-size-5000
265.220000,False,12,APARTAMENTO,7,MODERADO,50,TIPICO,False,False,False,energiai-v2-seed-42-size-5000
637.180000,True,28,ESCRITORIO,14,INEFICIENTE,98,TIPICO,False,False,False,energiai-v2-seed-42-size-5000
367.330000,False,21,COMERCIO,6,MODERADO,39,TIPICO,False,False,False,energiai-v2-seed-42-size-5000
281.320000,True,13,APARTAMENTO,4,MODERADO,53,TIPICO,False,False,False,energiai-v2-seed-42-size-5000
467.160000,True,17,COMERCIO,13,INEFICIENTE,78,TIPICO,False,False,False,energiai-v2-seed-42-size-5000
274.720000,False,11,COMERCIO,3,EFICIENTE,10,TIPICO,False,False,False,energiai-v2-seed-42-size-5000
331.170000,False,31,ESCRITORIO,5,MODERADO,33,TIPICO,False,False,False,energiai-v2-seed-42-size-5000
459.370000,True,15,CASA,12,INEFICIENTE,90,TIPICO,False,False,False,energiai-v2-seed-42-size-5000
513.040000,True,24,COMERCIO,13,INEFICIENTE,95,TIPICO,False,False,False,energiai-v2-seed-42-size-5000
318.020000,True,12,APARTAMENTO,10,INEFICIENTE,80,TIPICO,False,False,False,energiai-v2-seed-42-size-5000
390.780000,True,15,CASA,7,INEFICIENTE,63,TIPICO,False,False,False,energiai-v2-seed-42-size-5000
501.460000,True,10,INDUSTRIA,6,EFICIENTE,18,TIPICO,False,False,False,energiai-v2-seed-42-size-5000
472.580000,True,31,ESCRITORIO,22,INEFICIENTE,83,RARO_EXTREMO,False,True,True,energiai-v2-seed-42-size-5000
304.240000,False,18,ESCRITORIO,5,EFICIENTE,21,TIPICO,False,False,False,energiai-v2-seed-42-size-5000
517.710000,True,28,COMERCIO,12,INEFICIENTE,98,TIPICO,False,False,False,energiai-v2-seed-42-size-5000
323.940000,True,16,CASA,1,MODERADO,37,TIPICO,False,False,False,energiai-v2-seed-42-size-5000
357.390000,True,20,OUTRO,2,MODERADO,36,TIPICO,False,False,False,energiai-v2-seed-42-size-5000
316.590000,True,14,APARTAMENTO,9,INEFICIENTE,80,TIPICO,False,False,False,energiai-v2-seed-42-size-5000
336.540000,True,18,CASA,3,MODERADO,47,TIPICO,False,False,False,energiai-v2-seed-42-size-5000
276.840000,True,10,CASA,2,EFICIENTE,28,TIPICO,False,False,False,energiai-v2-seed-42-size-5000
290.310000,False,5,CASA,11,MODERADO,35,TIPICO,False,False,False,energiai-v2-seed-42-size-5000
270.070000,True,9,APARTAMENTO,6,MODERADO,51,TIPICO,False,False,False,energiai-v2-seed-42-size-5000
194.230000,False,4,APARTAMENTO,7,EFICIENTE,23,TIPICO,False,False,False,energiai-v2-seed-42-size-5000
282.810000,True,5,CASA,7,MODERADO,34,TIPICO,False,False,False,energiai-v2-seed-42-size-5000
235.160000,True,4,APARTAMENTO,8,MODERADO,42,TIPICO,False,False,False,energiai-v2-seed-42-size-5000
342.300000,True,6,CASA,0,EFICIENTE,28,RARO_EXTREMO,False,True,False,energiai-v2-seed-42-size-5000
277.110000,False,13,COMERCIO,3,EFICIENTE,12,TIPICO,False,False,False,energiai-v2-seed-42-size-5000
367.860000,False,17,COMERCIO,9,MODERADO,42,TIPICO,False,False,False,energiai-v2-seed-42-size-5000
243.030000,False,9,ESCRITORIO,5,EFICIENTE,10,TIPICO,False,False,False,energiai-v2-seed-42-size-5000
311.690000,True,12,CASA,3,MODERADO,37,TIPICO,False,False,False,energiai-v2-seed-42-size-5000
222.660000,False,16,ESCRITORIO,4,EFICIENTE,12,TIPICO,False,False,False,energiai-v2-seed-42-size-5000
258.690000,False,10,COMERCIO,2,EFICIENTE,6,TIPICO,False,False,False,energiai-v2-seed-42-size-5000
220.450000,False,10,CASA,3,EFICIENTE,15,TIPICO,False,False,False,energiai-v2-seed-42-size-5000
309.520000,True,12,APARTAMENTO,9,INEFICIENTE,75,TIPICO,False,False,False,energiai-v2-seed-42-size-5000
328.580000,False,6,CASA,11,MODERADO,42,TIPICO,False,False,False,energiai-v2-seed-42-size-5000
241.060000,False,4,CASA,6,EFICIENTE,16,TIPICO,False,False,False,energiai-v2-seed-42-size-5000
288.980000,False,13,APARTAMENTO,9,INEFICIENTE,63,TIPICO,False,False,False,energiai-v2-seed-42-size-5000
241.160000,True,10,APARTAMENTO,4,MODERADO,42,TIPICO,False,False,False,energiai-v2-seed-42-size-5000
353.390000,True,5,CASA,10,MODERADO,51,TIPICO,False,False,False,energiai-v2-seed-42-size-5000
287.680000,True,8,CASA,5,MODERADO,34,TIPICO,False,False,False,energiai-v2-seed-42-size-5000
263.490000,False,7,CASA,8,EFICIENTE,27,TIPICO,False,False,False,energiai-v2-seed-42-size-5000
479.860000,True,24,COMERCIO,9,INEFICIENTE,77,TIPICO,False,False,False,energiai-v2-seed-42-size-5000
385.790000,True,3,OUTRO,12,MODERADO,42,TIPICO,False,False,False,energiai-v2-seed-42-size-5000
529.030000,False,26,OUTRO,12,INEFICIENTE,66,TIPICO,False,False,False,energiai-v2-seed-42-size-5000
229.590000,False,16,APARTAMENTO,4,MODERADO,40,TIPICO,False,False,False,energiai-v2-seed-42-size-5000
250.010000,False,12,CASA,2,EFICIENTE,18,TIPICO,False,False,False,energiai-v2-seed-42-size-5000
161.560000,False,6,APARTAMENTO,2,EFICIENTE,8,TIPICO,False,False,False,energiai-v2-seed-42-size-5000
334.610000,True,6,CASA,12,MODERADO,55,TIPICO,False,False,False,energiai-v2-seed-42-size-5000
420.810000,False,20,CASA,11,INEFICIENTE,79,TIPICO,False,False,False,energiai-v2-seed-42-size-5000
497.780000,True,13,OUTRO,13,INEFICIENTE,62,TIPICO,False,False,False,energiai-v2-seed-42-size-5000
303.650000,False,33,ESCRITORIO,3,EFICIENTE,27,TIPICO,False,False,False,energiai-v2-seed-42-size-5000
326.820000,False,8,CASA,11,MODERADO,45,TIPICO,False,False,False,energiai-v2-seed-42-size-5000
275.290000,False,13,CASA,5,EFICIENTE,30,FRONTEIRA,True,False,False,energiai-v2-seed-42-size-5000
384.640000,False,20,CASA,8,INEFICIENTE,63,TIPICO,False,False,False,energiai-v2-seed-42-size-5000
195.250000,False,5,APARTAMENTO,8,EFICIENTE,27,TIPICO,False,False,False,energiai-v2-seed-42-size-5000
604.850000,True,12,INDUSTRIA,10,EFICIENTE,29,TIPICO,False,False,False,energiai-v2-seed-42-size-5000
201.260000,False,6,APARTAMENTO,8,EFICIENTE,30,FRONTEIRA,True,False,False,energiai-v2-seed-42-size-5000
411.550000,True,19,OUTRO,3,MODERADO,41,TIPICO,False,False,False,energiai-v2-seed-42-size-5000
320.550000,True,13,APARTAMENTO,8,INEFICIENTE,75,TIPICO,False,False,False,energiai-v2-seed-42-size-5000
271.560000,False,6,CASA,11,MODERADO,34,TIPICO,False,False,False,energiai-v2-seed-42-size-5000
227.590000,False,7,CASA,2,EFICIENTE,10,TIPICO,False,False,False,energiai-v2-seed-42-size-5000
266.030000,False,7,COMERCIO,3,EFICIENTE,6,TIPICO,False,False,False,energiai-v2-seed-42-size-5000
483.180000,False,23,OUTRO,9,MODERADO,53,TIPICO,False,False,False,energiai-v2-seed-42-size-5000
624.850000,True,25,ESCRITORIO,14,INEFICIENTE,94,TIPICO,False,False,False,energiai-v2-seed-42-size-5000
579.830000,True,19,INDUSTRIA,4,EFICIENTE,23,TIPICO,False,False,False,energiai-v2-seed-42-size-5000
248.690000,False,2,OUTRO,13,EFICIENTE,24,TIPICO,False,False,False,energiai-v2-seed-42-size-5000
325.300000,True,2,APARTAMENTO,9,INEFICIENTE,61,RARO_EXTREMO,False,True,False,energiai-v2-seed-42-size-5000
245.320000,True,4,CASA,4,EFICIENTE,21,TIPICO,False,False,False,energiai-v2-seed-42-size-5000
186.660000,False,8,CASA,2,EFICIENTE,6,TIPICO,False,False,False,energiai-v2-seed-42-size-5000
356.240000,True,18,CASA,3,MODERADO,50,TIPICO,False,False,False,energiai-v2-seed-42-size-5000
829.290000,True,18,INDUSTRIA,17,MODERADO,55,TIPICO,False,False,False,energiai-v2-seed-42-size-5000
381.930000,True,27,COMERCIO,2,MODERADO,44,TIPICO,False,False,False,energiai-v2-seed-42-size-5000
461.370000,True,22,CASA,7,INEFICIENTE,84,TIPICO,False,False,False,energiai-v2-seed-42-size-5000
168.660000,False,9,APARTAMENTO,2,EFICIENTE,14,TIPICO,False,False,False,energiai-v2-seed-42-size-5000
337.500000,True,13,APARTAMENTO,10,INEFICIENTE,86,TIPICO,False,False,False,energiai-v2-seed-42-size-5000
388.220000,False,23,COMERCIO,6,MODERADO,44,TIPICO,False,False,False,energiai-v2-seed-42-size-5000
455.130000,False,14,OUTRO,14,MODERADO,53,TIPICO,False,False,False,energiai-v2-seed-42-size-5000
1127.960000,True,47,INDUSTRIA,13,INEFICIENTE,79,TIPICO,False,False,False,energiai-v2-seed-42-size-5000
364.810000,True,8,CASA,11,MODERADO,60,FRONTEIRA,True,False,False,energiai-v2-seed-42-size-5000
316.400000,True,10,APARTAMENTO,9,INEFICIENTE,72,TIPICO,False,False,False,energiai-v2-seed-42-size-5000
452.200000,True,12,ESCRITORIO,14,INEFICIENTE,62,TIPICO,False,False,False,energiai-v2-seed-42-size-5000
382.680000,True,2,APARTAMENTO,10,INEFICIENTE,78,RARO_EXTREMO,False,True,False,energiai-v2-seed-42-size-5000
539.520000,True,25,COMERCIO,13,INEFICIENTE,100,TIPICO,False,False,False,energiai-v2-seed-42-size-5000
856.750000,False,30,OUTRO,10,INEFICIENTE,86,RARO_EXTREMO,False,True,True,energiai-v2-seed-42-size-5000
281.650000,True,13,APARTAMENTO,5,MODERADO,57,TIPICO,False,False,False,energiai-v2-seed-42-size-5000
253.250000,True,18,APARTAMENTO,1,MODERADO,45,TIPICO,False,False,False,energiai-v2-seed-42-size-5000
411.470000,True,27,COMERCIO,1,MODERADO,48,RARO_EXTREMO,False,True,False,energiai-v2-seed-42-size-5000
168.470000,False,6,APARTAMENTO,3,EFICIENTE,12,TIPICO,False,False,False,energiai-v2-seed-42-size-5000
199.200000,False,14,APARTAMENTO,2,EFICIENTE,26,TIPICO,False,False,False,energiai-v2-seed-42-size-5000
321.260000,True,20,CASA,1,MODERADO,42,TIPICO,False,False,False,energiai-v2-seed-42-size-5000
265.870000,False,8,OUTRO,10,EFICIENTE,26,TIPICO,False,False,False,energiai-v2-seed-42-size-5000
761.700000,False,47,INDUSTRIA,8,MODERADO,42,TIPICO,False,False,False,energiai-v2-seed-42-size-5000
441.710000,True,18,CASA,10,INEFICIENTE,85,TIPICO,False,False,False,energiai-v2-seed-42-size-5000
362.880000,True,7,CASA,12,INEFICIENTE,61,TIPICO,False,False,False,energiai-v2-seed-42-size-5000
344.890000,True,10,CASA,7,MODERADO,49,TIPICO,False,False,False,energiai-v2-seed-42-size-5000
576.130000,True,10,CASA,11,INEFICIENTE,89,RARO_EXTREMO,False,True,True,energiai-v2-seed-42-size-5000
636.460000,True,31,ESCRITORIO,14,INEFICIENTE,100,TIPICO,False,False,False,energiai-v2-seed-42-size-5000
293.960000,False,27,OUTRO,2,EFICIENTE,29,TIPICO,False,False,False,energiai-v2-seed-42-size-5000
399.220000,True,10,COMERCIO,12,MODERADO,55,TIPICO,False,False,False,energiai-v2-seed-42-size-5000
449.660000,True,17,CASA,11,INEFICIENTE,88,TIPICO,False,False,False,energiai-v2-seed-42-size-5000
263.100000,False,12,CASA,4,EFICIENTE,24,TIPICO,False,False,False,energiai-v2-seed-42-size-5000
305.960000,False,7,ESCRITORIO,12,EFICIENTE,29,TIPICO,False,False,False,energiai-v2-seed-42-size-5000
321.050000,False,16,CASA,6,MODERADO,43,TIPICO,False,False,False,energiai-v2-seed-42-size-5000
289.750000,False,9,COMERCIO,6,EFICIENTE,16,TIPICO,False,False,False,energiai-v2-seed-42-size-5000
436.290000,True,14,CASA,11,INEFICIENTE,81,TIPICO,False,False,False,energiai-v2-seed-42-size-5000
244.520000,False,7,CASA,5,EFICIENTE,18,TIPICO,False,False,False,energiai-v2-seed-42-size-5000
463.240000,True,27,COMERCIO,7,INEFICIENTE,71,TIPICO,False,False,False,energiai-v2-seed-42-size-5000
413.650000,True,19,CASA,8,INEFICIENTE,75,TIPICO,False,False,False,energiai-v2-seed-42-size-5000
498.070000,True,21,COMERCIO,13,INEFICIENTE,89,TIPICO,False,False,False,energiai-v2-seed-42-size-5000
431.820000,True,20,CASA,8,INEFICIENTE,80,TIPICO,False,False,False,energiai-v2-seed-42-size-5000
341.840000,True,10,CASA,7,MODERADO,49,TIPICO,False,False,False,energiai-v2-seed-42-size-5000
441.600000,True,18,CASA,12,INEFICIENTE,92,TIPICO,False,False,False,energiai-v2-seed-42-size-5000
343.810000,False,15,CASA,8,MODERADO,50,TIPICO,False,False,False,energiai-v2-seed-42-size-5000
815.610000,True,21,INDUSTRIA,15,MODERADO,52,TIPICO,False,False,False,energiai-v2-seed-42-size-5000
306.700000,False,5,ESCRITORIO,12,EFICIENTE,27,TIPICO,False,False,False,energiai-v2-seed-42-size-5000
394.310000,False,15,CASA,12,INEFICIENTE,70,TIPICO,False,False,False,energiai-v2-seed-42-size-5000
490.850000,True,20,CASA,12,INEFICIENTE,100,TIPICO,False,False,False,energiai-v2-seed-42-size-5000
181.540000,False,8,APARTAMENTO,2,EFICIENTE,14,TIPICO,False,False,False,energiai-v2-seed-42-size-5000
442.040000,True,13,COMERCIO,13,INEFICIENTE,69,TIPICO,False,False,False,energiai-v2-seed-42-size-5000
417.530000,True,14,CASA,11,INEFICIENTE,78,TIPICO,False,False,False,energiai-v2-seed-42-size-5000
298.690000,False,10,CASA,7,MODERADO,34,TIPICO,False,False,False,energiai-v2-seed-42-size-5000
300.290000,False,10,COMERCIO,9,EFICIENTE,25,TIPICO,False,False,False,energiai-v2-seed-42-size-5000
515.370000,True,14,ESCRITORIO,14,INEFICIENTE,71,TIPICO,False,False,False,energiai-v2-seed-42-size-5000
162.040000,False,7,APARTAMENTO,1,EFICIENTE,8,TIPICO,False,False,False,energiai-v2-seed-42-size-5000
326.280000,True,11,APARTAMENTO,11,INEFICIENTE,84,TIPICO,False,False,False,energiai-v2-seed-42-size-5000
265.880000,False,16,APARTAMENTO,6,MODERADO,53,TIPICO,False,False,False,energiai-v2-seed-42-size-5000
318.190000,True,10,CASA,6,MODERADO,43,TIPICO,False,False,False,energiai-v2-seed-42-size-5000
358.040000,True,13,ESCRITORIO,6,MODERADO,34,TIPICO,False,False,False,energiai-v2-seed-42-size-5000
306.000000,False,14,COMERCIO,3,EFICIENTE,17,TIPICO,False,False,False,energiai-v2-seed-42-size-5000
221.690000,False,12,CASA,1,EFICIENTE,12,TIPICO,False,False,False,energiai-v2-seed-42-size-5000
237.480000,False,14,APARTAMENTO,4,MODERADO,38,TIPICO,False,False,False,energiai-v2-seed-42-size-5000
250.460000,False,7,CASA,4,EFICIENTE,17,TIPICO,False,False,False,energiai-v2-seed-42-size-5000
311.040000,False,11,COMERCIO,9,EFICIENTE,27,TIPICO,False,False,False,energiai-v2-seed-42-size-5000
71.330000,True,15,APARTAMENTO,1,EFICIENTE,24,RARO_EXTREMO,False,True,True,energiai-v2-seed-42-size-5000
276.750000,False,7,CASA,6,EFICIENTE,24,TIPICO,False,False,False,energiai-v2-seed-42-size-5000
242.980000,False,7,APARTAMENTO,9,MODERADO,42,TIPICO,False,False,False,energiai-v2-seed-42-size-5000
240.160000,False,16,CASA,1,EFICIENTE,19,TIPICO,False,False,False,energiai-v2-seed-42-size-5000
240.000000,False,9,COMERCIO,3,EFICIENTE,4,TIPICO,False,False,False,energiai-v2-seed-42-size-5000
268.590000,False,12,COMERCIO,1,EFICIENTE,8,RARO_EXTREMO,False,True,False,energiai-v2-seed-42-size-5000
203.100000,False,6,CASA,2,EFICIENTE,6,TIPICO,False,False,False,energiai-v2-seed-42-size-5000
411.060000,False,42,COMERCIO,11,INEFICIENTE,67,RARO_EXTREMO,False,True,True,energiai-v2-seed-42-size-5000
367.870000,False,13,CASA,9,MODERADO,54,TIPICO,False,False,False,energiai-v2-seed-42-size-5000
429.170000,True,16,COMERCIO,10,INEFICIENTE,62,TIPICO,False,False,False,energiai-v2-seed-42-size-5000
385.970000,True,8,CASA,11,INEFICIENTE,64,TIPICO,False,False,False,energiai-v2-seed-42-size-5000
280.890000,True,10,APARTAMENTO,7,MODERADO,58,TIPICO,False,False,False,energiai-v2-seed-42-size-5000
257.300000,False,28,APARTAMENTO,10,INEFICIENTE,69,RARO_EXTREMO,False,True,True,energiai-v2-seed-42-size-5000
658.030000,True,28,OUTRO,11,INEFICIENTE,85,TIPICO,False,False,False,energiai-v2-seed-42-size-5000
404.610000,False,19,CASA,10,INEFICIENTE,72,TIPICO,False,False,False,energiai-v2-seed-42-size-5000
337.410000,False,15,APARTAMENTO,11,INEFICIENTE,85,TIPICO,False,False,False,energiai-v2-seed-42-size-5000
1200.870000,True,55,INDUSTRIA,15,INEFICIENTE,89,RARO_EXTREMO,False,True,False,energiai-v2-seed-42-size-5000
298.950000,True,6,APARTAMENTO,11,INEFICIENTE,67,TIPICO,False,False,False,energiai-v2-seed-42-size-5000
269.750000,True,5,APARTAMENTO,10,MODERADO,56,TIPICO,False,False,False,energiai-v2-seed-42-size-5000
366.380000,False,14,COMERCIO,11,MODERADO,44,TIPICO,False,False,False,energiai-v2-seed-42-size-5000
299.880000,False,7,COMERCIO,9,EFICIENTE,21,TIPICO,False,False,False,energiai-v2-seed-42-size-5000
608.750000,True,30,OUTRO,10,INEFICIENTE,80,TIPICO,False,False,False,energiai-v2-seed-42-size-5000
411.550000,False,16,CASA,11,INEFICIENTE,71,TIPICO,False,False,False,energiai-v2-seed-42-size-5000
248.560000,True,8,APARTAMENTO,7,MODERADO,49,TIPICO,False,False,False,energiai-v2-seed-42-size-5000
211.450000,False,7,CASA,2,EFICIENTE,8,TIPICO,False,False,False,energiai-v2-seed-42-size-5000
259.260000,True,8,CASA,1,EFICIENTE,21,TIPICO,False,False,False,energiai-v2-seed-42-size-5000
338.080000,False,8,CASA,11,MODERADO,47,TIPICO,False,False,False,energiai-v2-seed-42-size-5000
325.150000,True,6,ESCRITORIO,9,MODERADO,32,TIPICO,False,False,False,energiai-v2-seed-42-size-5000
390.060000,True,16,CASA,8,INEFICIENTE,68,TIPICO,False,False,False,energiai-v2-seed-42-size-5000
287.110000,True,4,CASA,9,MODERADO,37,TIPICO,False,False,False,energiai-v2-seed-42-size-5000
286.140000,False,9,COMERCIO,7,EFICIENTE,18,TIPICO,False,False,False,energiai-v2-seed-42-size-5000
456.190000,True,4,OUTRO,16,MODERADO,56,TIPICO,False,False,False,energiai-v2-seed-42-size-5000
233.060000,False,8,CASA,4,EFICIENTE,16,TIPICO,False,False,False,energiai-v2-seed-42-size-5000
402.580000,True,5,ESCRITORIO,11,MODERADO,43,TIPICO,False,False,False,energiai-v2-seed-42-size-5000
512.950000,False,35,INDUSTRIA,4,EFICIENTE,19,TIPICO,False,False,False,energiai-v2-seed-42-size-5000
293.910000,False,19,CASA,2,MODERADO,31,FRONTEIRA,True,False,False,energiai-v2-seed-42-size-5000
473.220000,True,19,CASA,12,INEFICIENTE,99,TIPICO,False,False,False,energiai-v2-seed-42-size-5000
335.450000,False,8,ESCRITORIO,13,MODERADO,35,TIPICO,False,False,False,energiai-v2-seed-42-size-5000
429.790000,False,34,CASA,10,INEFICIENTE,80,RARO_EXTREMO,False,True,True,energiai-v2-seed-42-size-5000
293.670000,False,16,CASA,3,EFICIENTE,30,TIPICO,False,False,False,energiai-v2-seed-42-size-5000
325.430000,False,9,ESCRITORIO,11,EFICIENTE,30,TIPICO,False,False,False,energiai-v2-seed-42-size-5000
548.400000,True,32,ESCRITORIO,9,INEFICIENTE,75,TIPICO,False,False,False,energiai-v2-seed-42-size-5000
415.120000,False,20,ESCRITORIO,11,MODERADO,49,TIPICO,False,False,False,energiai-v2-seed-42-size-5000
571.150000,True,35,ESCRITORIO,9,INEFICIENTE,80,TIPICO,False,False,False,energiai-v2-seed-42-size-5000
355.860000,True,15,APARTAMENTO,10,INEFICIENTE,94,TIPICO,False,False,False,energiai-v2-seed-42-size-5000
212.900000,False,11,CASA,1,EFICIENTE,10,TIPICO,False,False,False,energiai-v2-seed-42-size-5000
387.540000,True,26,ESCRITORIO,4,MODERADO,40,TIPICO,False,False,False,energiai-v2-seed-42-size-5000
340.800000,True,20,CASA,3,MODERADO,50,TIPICO,False,False,False,energiai-v2-seed-42-size-5000
632.610000,False,44,INDUSTRIA,6,MODERADO,32,TIPICO,False,False,False,energiai-v2-seed-42-size-5000
404.250000,False,25,COMERCIO,8,MODERADO,54,TIPICO,False,False,False,energiai-v2-seed-42-size-5000
321.830000,False,10,ESCRITORIO,8,EFICIENTE,24,TIPICO,False,False,False,energiai-v2-seed-42-size-5000
378.510000,True,4,COMERCIO,3,EFICIENTE,26,RARO_EXTREMO,False,True,False,energiai-v2-seed-42-size-5000
177.930000,False,8,APARTAMENTO,2,EFICIENTE,14,TIPICO,False,False,False,energiai-v2-seed-42-size-5000
440.360000,True,17,CASA,12,INEFICIENTE,90,TIPICO,False,False,False,energiai-v2-seed-42-size-5000
401.990000,False,17,CASA,10,INEFICIENTE,68,TIPICO,False,False,False,energiai-v2-seed-42-size-5000
342.770000,True,16,APARTAMENTO,10,INEFICIENTE,93,TIPICO,False,False,False,energiai-v2-seed-42-size-5000
439.040000,True,16,CASA,12,INEFICIENTE,88,TIPICO,False,False,False,energiai-v2-seed-42-size-5000
497.920000,True,21,CASA,12,INEFICIENTE,100,TIPICO,False,False,False,energiai-v2-seed-42-size-5000
382.180000,True,12,COMERCIO,9,MODERADO,48,TIPICO,False,False,False,energiai-v2-seed-42-size-5000
244.070000,False,6,CASA,6,EFICIENTE,19,TIPICO,False,False,False,energiai-v2-seed-42-size-5000
469.030000,True,20,COMERCIO,12,INEFICIENTE,79,TIPICO,False,False,False,energiai-v2-seed-42-size-5000
231.250000,False,12,ESCRITORIO,4,EFICIENTE,9,TIPICO,False,False,False,energiai-v2-seed-42-size-5000
227.210000,True,10,APARTAMENTO,2,MODERADO,33,TIPICO,False,False,False,energiai-v2-seed-42-size-5000
364.000000,True,19,CASA,5,MODERADO,58,TIPICO,False,False,False,energiai-v2-seed-42-size-5000
370.430000,False,24,COMERCIO,5,MODERADO,39,TIPICO,False,False,False,energiai-v2-seed-42-size-5000
393.350000,True,13,COMERCIO,9,MODERADO,51,TIPICO,False,False,False,energiai-v2-seed-42-size-5000
207.810000,False,34,CASA,3,EFICIENTE,28,RARO_EXTREMO,False,True,True,energiai-v2-seed-42-size-5000
312.720000,False,9,CASA,10,MODERADO,42,TIPICO,False,False,False,energiai-v2-seed-42-size-5000
397.660000,True,17,CASA,7,INEFICIENTE,67,TIPICO,False,False,False,energiai-v2-seed-42-size-5000
232.610000,False,8,APARTAMENTO,9,MODERADO,42,TIPICO,False,False,False,energiai-v2-seed-42-size-5000
150.420000,False,3,APARTAMENTO,1,EFICIENTE,1,TIPICO,False,False,False,energiai-v2-seed-42-size-5000
233.100000,False,14,APARTAMENTO,5,MODERADO,40,TIPICO,False,False,False,energiai-v2-seed-42-size-5000
467.480000,True,27,COMERCIO,8,INEFICIENTE,75,TIPICO,False,False,False,energiai-v2-seed-42-size-5000
203.970000,False,11,CASA,1,EFICIENTE,9,TIPICO,False,False,False,energiai-v2-seed-42-size-5000
381.760000,True,5,COMERCIO,12,MODERADO,47,TIPICO,False,False,False,energiai-v2-seed-42-size-5000
456.430000,True,28,ESCRITORIO,6,MODERADO,53,TIPICO,False,False,False,energiai-v2-seed-42-size-5000
315.480000,True,10,CASA,6,MODERADO,43,TIPICO,False,False,False,energiai-v2-seed-42-size-5000
271.030000,True,8,APARTAMENTO,8,MODERADO,56,TIPICO,False,False,False,energiai-v2-seed-42-size-5000
398.730000,True,18,CASA,6,INEFICIENTE,65,TIPICO,False,False,False,energiai-v2-seed-42-size-5000
302.880000,False,34,ESCRITORIO,3,EFICIENTE,27,TIPICO,False,False,False,energiai-v2-seed-42-size-5000
423.080000,False,15,APARTAMENTO,3,INEFICIENTE,64,RARO_EXTREMO,False,True,True,energiai-v2-seed-42-size-5000
341.680000,False,3,OUTRO,13,MODERADO,32,TIPICO,False,False,False,energiai-v2-seed-42-size-5000
242.670000,False,10,CASA,4,EFICIENTE,19,TIPICO,False,False,False,energiai-v2-seed-42-size-5000
301.070000,False,15,APARTAMENTO,9,INEFICIENTE,69,TIPICO,False,False,False,energiai-v2-seed-42-size-5000
274.270000,True,18,APARTAMENTO,0,MODERADO,49,RARO_EXTREMO,False,True,False,energiai-v2-seed-42-size-5000
384.470000,True,13,CASA,10,INEFICIENTE,68,TIPICO,False,False,False,energiai-v2-seed-42-size-5000
262.400000,True,7,APARTAMENTO,9,MODERADO,55,TIPICO,False,False,False,energiai-v2-seed-42-size-5000
535.680000,True,26,ESCRITORIO,11,INEFICIENTE,75,TIPICO,False,False,False,energiai-v2-seed-42-size-5000
328.780000,False,17,CASA,6,MODERADO,45,TIPICO,False,False,False,energiai-v2-seed-42-size-5000
266.940000,False,14,APARTAMENTO,7,MODERADO,53,TIPICO,False,False,False,energiai-v2-seed-42-size-5000
261.380000,True,16,APARTAMENTO,2,MODERADO,47,TIPICO,False,False,False,energiai-v2-seed-42-size-5000
199.370000,False,8,APARTAMENTO,5,EFICIENTE,25,TIPICO,False,False,False,energiai-v2-seed-42-size-5000
448.170000,True,22,CASA,8,INEFICIENTE,85,TIPICO,False,False,False,energiai-v2-seed-42-size-5000
406.740000,True,15,CASA,10,INEFICIENTE,75,TIPICO,False,False,False,energiai-v2-seed-42-size-5000
348.320000,True,11,CASA,8,MODERADO,54,TIPICO,False,False,False,energiai-v2-seed-42-size-5000
191.790000,False,8,APARTAMENTO,5,EFICIENTE,24,TIPICO,False,False,False,energiai-v2-seed-42-size-5000
464.250000,True,19,COMERCIO,12,INEFICIENTE,77,TIPICO,False,False,False,energiai-v2-seed-42-size-5000
319.840000,False,27,OUTRO,1,EFICIENTE,28,TIPICO,False,False,False,energiai-v2-seed-42-size-5000
523.130000,True,22,ESCRITORIO,22,INEFICIENTE,80,RARO_EXTREMO,False,True,True,energiai-v2-seed-42-size-5000
425.170000,True,13,CASA,11,INEFICIENTE,78,TIPICO,False,False,False,energiai-v2-seed-42-size-5000
516.860000,True,16,ESCRITORIO,14,INEFICIENTE,73,TIPICO,False,False,False,energiai-v2-seed-42-size-5000
189.470000,False,14,APARTAMENTO,1,EFICIENTE,21,TIPICO,False,False,False,energiai-v2-seed-42-size-5000
227.750000,True,14,APARTAMENTO,1,MODERADO,36,TIPICO,False,False,False,energiai-v2-seed-42-size-5000
168.880000,False,7,APARTAMENTO,2,EFICIENTE,11,TIPICO,False,False,False,energiai-v2-seed-42-size-5000
376.970000,True,9,CASA,11,INEFICIENTE,64,TIPICO,False,False,False,energiai-v2-seed-42-size-5000
273.940000,True,16,APARTAMENTO,4,MODERADO,57,TIPICO,False,False,False,energiai-v2-seed-42-size-5000
299.960000,False,12,CASA,8,MODERADO,40,TIPICO,False,False,False,energiai-v2-seed-42-size-5000
293.120000,True,17,CASA,1,MODERADO,35,TIPICO,False,False,False,energiai-v2-seed-42-size-5000
476.110000,True,30,OUTRO,3,MODERADO,53,TIPICO,False,False,False,energiai-v2-seed-42-size-5000
339.440000,True,19,CASA,3,MODERADO,49,TIPICO,False,False,False,energiai-v2-seed-42-size-5000
576.130000,False,20,CASA,2,INEFICIENTE,62,RARO_EXTREMO,False,True,True,energiai-v2-seed-42-size-5000
299.230000,True,7,CASA,5,MODERADO,34,TIPICO,False,False,False,energiai-v2-seed-42-size-5000
251.020000,False,5,CASA,9,EFICIENTE,25,TIPICO,False,False,False,energiai-v2-seed-42-size-5000
1126.680000,True,42,INDUSTRIA,12,INEFICIENTE,73,TIPICO,False,False,False,energiai-v2-seed-42-size-5000
343.600000,False,18,APARTAMENTO,10,INEFICIENTE,88,TIPICO,False,False,False,energiai-v2-seed-42-size-5000
376.870000,False,18,CASA,7,MODERADO,56,TIPICO,False,False,False,energiai-v2-seed-42-size-5000
428.160000,False,18,COMERCIO,14,INEFICIENTE,66,TIPICO,False,False,False,energiai-v2-seed-42-size-5000
207.540000,False,7,CASA,5,EFICIENTE,14,TIPICO,False,False,False,energiai-v2-seed-42-size-5000
422.680000,False,23,COMERCIO,10,MODERADO,60,TIPICO,False,False,False,energiai-v2-seed-42-size-5000
330.210000,True,7,CASA,10,MODERADO,51,TIPICO,False,False,False,energiai-v2-seed-42-size-5000
423.080000,False,15,APARTAMENTO,5,INEFICIENTE,73,RARO_EXTREMO,False,True,True,energiai-v2-seed-42-size-5000
302.010000,False,12,INDUSTRIA,4,EFICIENTE,1,TIPICO,False,False,False,energiai-v2-seed-42-size-5000
180.010000,False,7,CASA,1,EFICIENTE,2,TIPICO,False,False,False,energiai-v2-seed-42-size-5000
435.980000,True,24,COMERCIO,7,INEFICIENTE,63,TIPICO,False,False,False,energiai-v2-seed-42-size-5000
227.270000,False,11,ESCRITORIO,5,EFICIENTE,11,TIPICO,False,False,False,energiai-v2-seed-42-size-5000
320.090000,True,18,APARTAMENTO,5,INEFICIENTE,72,TIPICO,False,False,False,energiai-v2-seed-42-size-5000
245.780000,False,18,APARTAMENTO,4,MODERADO,46,TIPICO,False,False,False,energiai-v2-seed-42-size-5000
444.310000,True,15,CASA,12,INEFICIENTE,88,TIPICO,False,False,False,energiai-v2-seed-42-size-5000
288.010000,True,9,CASA,4,MODERADO,33,TIPICO,False,False,False,energiai-v2-seed-42-size-5000
389.990000,True,18,APARTAMENTO,10,INEFICIENTE,100,TIPICO,False,False,False,energiai-v2-seed-42-size-5000
388.300000,True,9,CASA,12,INEFICIENTE,68,TIPICO,False,False,False,energiai-v2-seed-42-size-5000
316.150000,False,8,COMERCIO,10,EFICIENTE,27,TIPICO,False,False,False,energiai-v2-seed-42-size-5000
856.750000,True,10,OUTRO,11,INEFICIENTE,79,RARO_EXTREMO,False,True,True,energiai-v2-seed-42-size-5000
380.270000,True,17,CASA,7,INEFICIENTE,64,TIPICO,False,False,False,energiai-v2-seed-42-size-5000
439.450000,True,31,ESCRITORIO,5,MODERADO,51,TIPICO,False,False,False,energiai-v2-seed-42-size-5000
292.280000,False,21,CASA,2,MODERADO,33,TIPICO,False,False,False,energiai-v2-seed-42-size-5000
316.450000,False,14,APARTAMENTO,10,INEFICIENTE,74,TIPICO,False,False,False,energiai-v2-seed-42-size-5000
577.160000,True,19,OUTRO,12,INEFICIENTE,72,TIPICO,False,False,False,energiai-v2-seed-42-size-5000
414.200000,True,16,CASA,10,INEFICIENTE,78,TIPICO,False,False,False,energiai-v2-seed-42-size-5000
476.910000,True,18,CASA,11,INEFICIENTE,95,TIPICO,False,False,False,energiai-v2-seed-42-size-5000
231.760000,False,8,CASA,4,EFICIENTE,16,TIPICO,False,False,False,energiai-v2-seed-42-size-5000
157.560000,False,5,APARTAMENTO,2,EFICIENTE,6,TIPICO,False,False,False,energiai-v2-seed-42-size-5000
481.980000,True,31,ESCRITORIO,22,INEFICIENTE,84,RARO_EXTREMO,False,True,True,energiai-v2-seed-42-size-5000
389.970000,True,17,APARTAMENTO,11,INEFICIENTE,100,TIPICO,False,False,False,energiai-v2-seed-42-size-5000
283.960000,False,20,CASA,1,EFICIENTE,28,TIPICO,False,False,False,energiai-v2-seed-42-size-5000
305.040000,False,17,CASA,3,MODERADO,33,TIPICO,False,False,False,energiai-v2-seed-42-size-5000
292.300000,True,6,CASA,6,MODERADO,34,TIPICO,False,False,False,energiai-v2-seed-42-size-5000
275.270000,False,14,APARTAMENTO,8,MODERADO,59,TIPICO,False,False,False,energiai-v2-seed-42-size-5000
507.340000,True,22,CASA,11,INEFICIENTE,100,TIPICO,False,False,False,energiai-v2-seed-42-size-5000
218.310000,True,6,APARTAMENTO,5,MODERADO,34,TIPICO,False,False,False,energiai-v2-seed-42-size-5000
180.000000,False,3,CASA,3,EFICIENTE,3,RARO_EXTREMO,False,True,False,energiai-v2-seed-42-size-5000
343.940000,True,17,APARTAMENTO,8,INEFICIENTE,87,TIPICO,False,False,False,energiai-v2-seed-42-size-5000
198.160000,False,8,CASA,1,EFICIENTE,5,TIPICO,False,False,False,energiai-v2-seed-42-size-5000
353.310000,True,18,COMERCIO,2,MODERADO,33,TIPICO,False,False,False,energiai-v2-seed-42-size-5000
298.680000,True,18,APARTAMENTO,4,INEFICIENTE,64,TIPICO,False,False,False,energiai-v2-seed-42-size-5000
390.660000,False,17,CASA,10,INEFICIENTE,66,TIPICO,False,False,False,energiai-v2-seed-42-size-5000
454.210000,True,20,CASA,10,INEFICIENTE,90,TIPICO,False,False,False,energiai-v2-seed-42-size-5000
271.830000,False,14,APARTAMENTO,7,MODERADO,54,TIPICO,False,False,False,energiai-v2-seed-42-size-5000
334.460000,False,17,APARTAMENTO,10,INEFICIENTE,84,TIPICO,False,False,False,energiai-v2-seed-42-size-5000
335.350000,True,20,CASA,1,MODERADO,43,TIPICO,False,False,False,energiai-v2-seed-42-size-5000
193.230000,False,7,CASA,1,EFICIENTE,4,TIPICO,False,False,False,energiai-v2-seed-42-size-5000
242.860000,False,4,CASA,9,EFICIENTE,22,TIPICO,False,False,False,energiai-v2-seed-42-size-5000
280.190000,False,18,APARTAMENTO,7,INEFICIENTE,63,TIPICO,False,False,False,energiai-v2-seed-42-size-5000
515.600000,True,20,CASA,12,INEFICIENTE,100,TIPICO,False,False,False,energiai-v2-seed-42-size-5000
404.360000,True,16,CASA,9,INEFICIENTE,73,TIPICO,False,False,False,energiai-v2-seed-42-size-5000
453.630000,False,20,CASA,12,INEFICIENTE,88,TIPICO,False,False,False,energiai-v2-seed-42-size-5000
143.910000,False,5,APARTAMENTO,1,EFICIENTE,2,TIPICO,False,False,False,energiai-v2-seed-42-size-5000
370.920000,False,30,ESCRITORIO,5,MODERADO,35,TIPICO,False,False,False,energiai-v2-seed-42-size-5000
226.240000,False,7,CASA,3,EFICIENTE,12,TIPICO,False,False,False,energiai-v2-seed-42-size-5000
266.100000,True,12,APARTAMENTO,6,MODERADO,56,TIPICO,False,False,False,energiai-v2-seed-42-size-5000
448.910000,True,20,CASA,9,INEFICIENTE,86,TIPICO,False,False,False,energiai-v2-seed-42-size-5000
293.930000,False,14,COMERCIO,3,EFICIENTE,15,TIPICO,False,False,False,energiai-v2-seed-42-size-5000
326.550000,False,16,CASA,6,MODERADO,43,TIPICO,False,False,False,energiai-v2-seed-42-size-5000
423.080000,True,10,APARTAMENTO,9,INEFICIENTE,89,RARO_EXTREMO,False,True,True,energiai-v2-seed-42-size-5000
302.400000,False,15,COMERCIO,3,EFICIENTE,17,TIPICO,False,False,False,energiai-v2-seed-42-size-5000
386.740000,True,11,CASA,12,INEFICIENTE,71,TIPICO,False,False,False,energiai-v2-seed-42-size-5000
401.820000,False,16,CASA,12,INEFICIENTE,73,TIPICO,False,False,False,energiai-v2-seed-42-size-5000
436.440000,False,21,ESCRITORIO,11,MODERADO,52,TIPICO,False,False,False,energiai-v2-seed-42-size-5000
200.500000,False,5,CASA,2,EFICIENTE,4,TIPICO,False,False,False,energiai-v2-seed-42-size-5000
281.110000,False,7,COMERCIO,7,EFICIENTE,15,TIPICO,False,False,False,energiai-v2-seed-42-size-5000
295.580000,False,9,CASA,8,MODERADO,35,TIPICO,False,False,False,energiai-v2-seed-42-size-5000
338.000000,True,14,CASA,6,MODERADO,51,TIPICO,False,False,False,energiai-v2-seed-42-size-5000
228.150000,True,5,APARTAMENTO,6,MODERADO,37,TIPICO,False,False,False,energiai-v2-seed-42-size-5000
186.690000,False,13,APARTAMENTO,1,EFICIENTE,19,TIPICO,False,False,False,energiai-v2-seed-42-size-5000
390.000000,True,17,APARTAMENTO,10,INEFICIENTE,100,TIPICO,False,False,False,energiai-v2-seed-42-size-5000
272.950000,False,13,ESCRITORIO,8,EFICIENTE,22,TIPICO,False,False,False,energiai-v2-seed-42-size-5000
313.230000,False,24,COMERCIO,3,EFICIENTE,27,TIPICO,False,False,False,energiai-v2-seed-42-size-5000
424.450000,True,22,ESCRITORIO,8,MODERADO,52,TIPICO,False,False,False,energiai-v2-seed-42-size-5000
223.570000,False,14,APARTAMENTO,3,MODERADO,32,TIPICO,False,False,False,energiai-v2-seed-42-size-5000
358.050000,True,16,APARTAMENTO,10,INEFICIENTE,97,TIPICO,False,False,False,energiai-v2-seed-42-size-5000
245.970000,False,16,CASA,2,EFICIENTE,22,TIPICO,False,False,False,energiai-v2-seed-42-size-5000
393.010000,False,10,COMERCIO,14,MODERADO,50,TIPICO,False,False,False,energiai-v2-seed-42-size-5000
229.240000,True,3,APARTAMENTO,10,MODERADO,44,TIPICO,False,False,False,energiai-v2-seed-42-size-5000
684.500000,False,10,INDUSTRIA,19,MODERADO,37,TIPICO,False,False,False,energiai-v2-seed-42-size-5000
198.290000,True,6,APARTAMENTO,2,EFICIENTE,23,TIPICO,False,False,False,energiai-v2-seed-42-size-5000
502.960000,True,20,CASA,11,INEFICIENTE,100,TIPICO,False,False,False,energiai-v2-seed-42-size-5000
333.860000,True,10,COMERCIO,5,EFICIENTE,30,TIPICO,False,False,False,energiai-v2-seed-42-size-5000
412.940000,True,23,COMERCIO,6,MODERADO,56,TIPICO,False,False,False,energiai-v2-seed-42-size-5000
236.310000,True,12,APARTAMENTO,2,MODERADO,38,TIPICO,False,False,False,energiai-v2-seed-42-size-5000
341.780000,False,25,COMERCIO,4,MODERADO,34,TIPICO,False,False,False,energiai-v2-seed-42-size-5000
519.530000,True,15,ESCRITORIO,12,INEFICIENTE,66,TIPICO,False,False,False,energiai-v2-seed-42-size-5000
197.170000,True,9,APARTAMENTO,1,EFICIENTE,24,TIPICO,False,False,False,energiai-v2-seed-42-size-5000
390.680000,True,16,CASA,7,INEFICIENTE,64,TIPICO,False,False,False,energiai-v2-seed-42-size-5000
210.460000,False,9,APARTAMENTO,5,EFICIENTE,29,TIPICO,False,False,False,energiai-v2-seed-42-size-5000
381.490000,True,11,CASA,11,INEFICIENTE,68,TIPICO,False,False,False,energiai-v2-seed-42-size-5000
393.790000,True,12,CASA,11,INEFICIENTE,71,TIPICO,False,False,False,energiai-v2-seed-42-size-5000
206.080000,False,5,CASA,1,EFICIENTE,3,TIPICO,False,False,False,energiai-v2-seed-42-size-5000
467.090000,True,17,CASA,12,INEFICIENTE,95,TIPICO,False,False,False,energiai-v2-seed-42-size-5000
369.020000,True,7,CASA,11,MODERADO,59,TIPICO,False,False,False,energiai-v2-seed-42-size-5000
267.600000,False,22,CASA,1,EFICIENTE,29,TIPICO,False,False,False,energiai-v2-seed-42-size-5000
457.450000,True,12,OUTRO,9,MODERADO,50,TIPICO,False,False,False,energiai-v2-seed-42-size-5000
218.060000,False,5,OUTRO,7,EFICIENTE,16,TIPICO,False,False,False,energiai-v2-seed-42-size-5000
277.470000,True,9,ESCRITORIO,3,EFICIENTE,17,TIPICO,False,False,False,energiai-v2-seed-42-size-5000
445.210000,False,34,CASA,10,INEFICIENTE,83,RARO_EXTREMO,False,True,True,energiai-v2-seed-42-size-5000
189.960000,False,28,APARTAMENTO,3,MODERADO,33,RARO_EXTREMO,False,True,True,energiai-v2-seed-42-size-5000
639.790000,False,32,INDUSTRIA,9,MODERADO,31,FRONTEIRA,True,False,False,energiai-v2-seed-42-size-5000
909.420000,True,17,INDUSTRIA,20,INEFICIENTE,63,TIPICO,False,False,False,energiai-v2-seed-42-size-5000
204.600000,True,2,OUTRO,3,EFICIENTE,15,TIPICO,False,False,False,energiai-v2-seed-42-size-5000
348.950000,False,17,CASA,5,MODERADO,45,TIPICO,False,False,False,energiai-v2-seed-42-size-5000
407.970000,True,17,CASA,8,INEFICIENTE,72,TIPICO,False,False,False,energiai-v2-seed-42-size-5000
572.940000,True,28,ESCRITORIO,12,INEFICIENTE,84,TIPICO,False,False,False,energiai-v2-seed-42-size-5000
417.520000,True,33,ESCRITORIO,4,MODERADO,47,TIPICO,False,False,False,energiai-v2-seed-42-size-5000
166.260000,False,3,APARTAMENTO,5,EFICIENTE,11,TIPICO,False,False,False,energiai-v2-seed-42-size-5000
248.590000,True,13,APARTAMENTO,3,MODERADO,44,TIPICO,False,False,False,energiai-v2-seed-42-size-5000
244.690000,False,10,ESCRITORIO,4,EFICIENTE,9,TIPICO,False,False,False,energiai-v2-seed-42-size-5000
441.510000,True,18,CASA,9,INEFICIENTE,82,TIPICO,False,False,False,energiai-v2-seed-42-size-5000
190.910000,False,9,APARTAMENTO,3,EFICIENTE,20,TIPICO,False,False,False,energiai-v2-seed-42-size-5000
622.130000,True,33,ESCRITORIO,12,INEFICIENTE,94,TIPICO,False,False,False,energiai-v2-seed-42-size-5000
177.480000,False,2,OUTRO,6,EFICIENTE,9,TIPICO,False,False,False,energiai-v2-seed-42-size-5000
314.700000,True,10,CASA,5,MODERADO,40,TIPICO,False,False,False,energiai-v2-seed-42-size-5000
354.520000,True,15,APARTAMENTO,10,INEFICIENTE,94,TIPICO,False,False,False,energiai-v2-seed-42-size-5000
246.240000,False,15,APARTAMENTO,5,MODERADO,44,TIPICO,False,False,False,energiai-v2-seed-42-size-5000
242.350000,False,10,CASA,3,EFICIENTE,17,TIPICO,False,False,False,energiai-v2-seed-42-size-5000
352.560000,True,17,APARTAMENTO,10,INEFICIENTE,97,TIPICO,False,False,False,energiai-v2-seed-42-size-5000
342.520000,False,10,INDUSTRIA,6,EFICIENTE,4,TIPICO,False,False,False,energiai-v2-seed-42-size-5000
342.500000,True,16,APARTAMENTO,8,INEFICIENTE,85,TIPICO,False,False,False,energiai-v2-seed-42-size-5000
403.370000,False,3,COMERCIO,14,MODERADO,46,RARO_EXTREMO,False,True,False,energiai-v2-seed-42-size-5000
306.960000,False,10,COMERCIO,6,EFICIENTE,19,TIPICO,False,False,False,energiai-v2-seed-42-size-5000
219.920000,False,9,APARTAMENTO,5,EFICIENTE,30,FRONTEIRA,True,False,False,energiai-v2-seed-42-size-5000
468.790000,True,42,COMERCIO,12,INEFICIENTE,89,RARO_EXTREMO,False,True,True,energiai-v2-seed-42-size-5000
350.170000,True,2,APARTAMENTO,8,INEFICIENTE,64,RARO_EXTREMO,False,True,False,energiai-v2-seed-42-size-5000
1198.370000,True,38,INDUSTRIA,18,INEFICIENTE,88,TIPICO,False,False,False,energiai-v2-seed-42-size-5000
810.200000,True,28,INDUSTRIA,13,MODERADO,53,TIPICO,False,False,False,energiai-v2-seed-42-size-5000
368.550000,True,10,CASA,10,INEFICIENTE,61,FRONTEIRA,True,False,False,energiai-v2-seed-42-size-5000
232.460000,False,7,ESCRITORIO,4,EFICIENTE,6,TIPICO,False,False,False,energiai-v2-seed-42-size-5000
253.210000,False,7,APARTAMENTO,10,MODERADO,47,TIPICO,False,False,False,energiai-v2-seed-42-size-5000
250.470000,True,3,OUTRO,3,EFICIENTE,19,TIPICO,False,False,False,energiai-v2-seed-42-size-5000
445.080000,True,18,CASA,9,INEFICIENTE,82,TIPICO,False,False,False,energiai-v2-seed-42-size-5000
188.910000,True,7,APARTAMENTO,1,EFICIENTE,21,TIPICO,False,False,False,energiai-v2-seed-42-size-5000
242.180000,True,17,APARTAMENTO,1,MODERADO,42,TIPICO,False,False,False,energiai-v2-seed-42-size-5000
175.490000,False,3,APARTAMENTO,4,EFICIENTE,11,TIPICO,False,False,False,energiai-v2-seed-42-size-5000
557.480000,True,33,ESCRITORIO,9,INEFICIENTE,77,TIPICO,False,False,False,energiai-v2-seed-42-size-5000
252.650000,True,5,CASA,0,EFICIENTE,17,RARO_EXTREMO,False,True,False,energiai-v2-seed-42-size-5000
375.820000,False,24,OUTRO,6,MODERADO,40,TIPICO,False,False,False,energiai-v2-seed-42-size-5000
510.740000,True,28,OUTRO,5,MODERADO,59,TIPICO,False,False,False,energiai-v2-seed-42-size-5000
309.760000,True,16,APARTAMENTO,6,INEFICIENTE,71,TIPICO,False,False,False,energiai-v2-seed-42-size-5000
363.620000,False,21,CASA,6,MODERADO,55,TIPICO,False,False,False,energiai-v2-seed-42-size-5000
573.060000,True,28,ESCRITORIO,12,INEFICIENTE,84,TIPICO,False,False,False,energiai-v2-seed-42-size-5000
328.380000,False,10,CASA,10,MODERADO,46,TIPICO,False,False,False,energiai-v2-seed-42-size-5000
298.230000,False,9,COMERCIO,5,EFICIENTE,15,TIPICO,False,False,False,energiai-v2-seed-42-size-5000
336.590000,True,5,CASA,9,MODERADO,46,TIPICO,False,False,False,energiai-v2-seed-42-size-5000
217.620000,False,8,CASA,2,EFICIENTE,10,TIPICO,False,False,False,energiai-v2-seed-42-size-5000
402.290000,True,20,CASA,8,INEFICIENTE,75,TIPICO,False,False,False,energiai-v2-seed-42-size-5000
319.660000,True,13,APARTAMENTO,9,INEFICIENTE,79,TIPICO,False,False,False,energiai-v2-seed-42-size-5000
229.680000,False,15,CASA,1,EFICIENTE,17,TIPICO,False,False,False,energiai-v2-seed-42-size-5000
224.930000,False,4,CASA,4,EFICIENTE,10,TIPICO,False,False,False,energiai-v2-seed-42-size-5000
297.290000,True,8,APARTAMENTO,9,INEFICIENTE,65,TIPICO,False,False,False,energiai-v2-seed-42-size-5000
316.240000,True,6,CASA,9,MODERADO,45,TIPICO,False,False,False,energiai-v2-seed-42-size-5000
528.050000,True,28,COMERCIO,12,INEFICIENTE,99,TIPICO,False,False,False,energiai-v2-seed-42-size-5000
229.220000,False,12,APARTAMENTO,4,MODERADO,34,TIPICO,False,False,False,energiai-v2-seed-42-size-5000
460.260000,False,22,ESCRITORIO,12,MODERADO,58,TIPICO,False,False,False,energiai-v2-seed-42-size-5000
194.430000,False,7,CASA,1,EFICIENTE,4,TIPICO,False,False,False,energiai-v2-seed-42-size-5000
399.080000,False,15,ESCRITORIO,11,MODERADO,43,TIPICO,False,False,False,energiai-v2-seed-42-size-5000
397.410000,True,13,CASA,10,INEFICIENTE,70,TIPICO,False,False,False,energiai-v2-seed-42-size-5000
525.460000,False,30,ESCRITORIO,12,INEFICIENTE,72,TIPICO,False,False,False,energiai-v2-seed-42-size-5000
359.400000,False,32,ESCRITORIO,5,MODERADO,36,TIPICO,False,False,False,energiai-v2-seed-42-size-5000
656.890000,True,26,OUTRO,13,INEFICIENTE,88,TIPICO,False,False,False,energiai-v2-seed-42-size-5000
303.980000,True,15,APARTAMENTO,7,INEFICIENTE,72,TIPICO,False,False,False,energiai-v2-seed-42-size-5000
288.450000,False,16,CASA,4,MODERADO,33,TIPICO,False,False,False,energiai-v2-seed-42-size-5000
346.950000,False,11,CASA,12,MODERADO,56,TIPICO,False,False,False,energiai-v2-seed-42-size-5000
357.000000,False,12,CASA,9,MODERADO,51,TIPICO,False,False,False,energiai-v2-seed-42-size-5000
361.620000,False,22,COMERCIO,4,MODERADO,33,TIPICO,False,False,False,energiai-v2-seed-42-size-5000
252.710000,True,5,APARTAMENTO,9,MODERADO,50,TIPICO,False,False,False,energiai-v2-seed-42-size-5000
361.400000,False,5,OUTRO,16,MODERADO,40,TIPICO,False,False,False,energiai-v2-seed-42-size-5000
266.670000,False,13,CASA,4,EFICIENTE,26,TIPICO,False,False,False,energiai-v2-seed-42-size-5000
955.900000,True,14,INDUSTRIA,20,INEFICIENTE,64,TIPICO,False,False,False,energiai-v2-seed-42-size-5000
450.030000,True,27,COMERCIO,8,INEFICIENTE,72,TIPICO,False,False,False,energiai-v2-seed-42-size-5000
326.550000,False,22,COMERCIO,4,EFICIENTE,29,TIPICO,False,False,False,energiai-v2-seed-42-size-5000
256.480000,True,2,APARTAMENTO,11,MODERADO,52,RARO_EXTREMO,False,True,False,energiai-v2-seed-42-size-5000
429.450000,True,13,CASA,12,INEFICIENTE,82,TIPICO,False,False,False,energiai-v2-seed-42-size-5000
980.560000,True,50,INDUSTRIA,9,INEFICIENTE,64,TIPICO,False,False,False,energiai-v2-seed-42-size-5000
212.500000,False,13,APARTAMENTO,4,MODERADO,32,TIPICO,False,False,False,energiai-v2-seed-42-size-5000
71.330000,False,3,APARTAMENTO,3,EFICIENTE,3,RARO_EXTREMO,False,True,True,energiai-v2-seed-42-size-5000
263.010000,False,4,CASA,11,EFICIENTE,29,TIPICO,False,False,False,energiai-v2-seed-42-size-5000
303.930000,False,22,CASA,2,MODERADO,36,TIPICO,False,False,False,energiai-v2-seed-42-size-5000
293.350000,True,17,CASA,1,MODERADO,35,TIPICO,False,False,False,energiai-v2-seed-42-size-5000
300.130000,False,9,CASA,8,MODERADO,35,TIPICO,False,False,False,energiai-v2-seed-42-size-5000
291.700000,True,11,APARTAMENTO,9,INEFICIENTE,69,TIPICO,False,False,False,energiai-v2-seed-42-size-5000
342.100000,False,9,ESCRITORIO,10,EFICIENTE,30,FRONTEIRA,True,False,False,energiai-v2-seed-42-size-5000
250.820000,False,15,APARTAMENTO,5,MODERADO,45,TIPICO,False,False,False,energiai-v2-seed-42-size-5000
231.300000,True,10,APARTAMENTO,3,MODERADO,37,TIPICO,False,False,False,energiai-v2-seed-42-size-5000
497.760000,False,27,OUTRO,9,MODERADO,58,TIPICO,False,False,False,energiai-v2-seed-42-size-5000
413.180000,True,16,CASA,9,INEFICIENTE,74,TIPICO,False,False,False,energiai-v2-seed-42-size-5000
289.850000,True,10,APARTAMENTO,8,INEFICIENTE,63,TIPICO,False,False,False,energiai-v2-seed-42-size-5000
522.680000,False,23,INDUSTRIA,8,EFICIENTE,20,TIPICO,False,False,False,energiai-v2-seed-42-size-5000
287.840000,True,8,APARTAMENTO,11,INEFICIENTE,69,TIPICO,False,False,False,energiai-v2-seed-42-size-5000
157.110000,False,6,APARTAMENTO,2,EFICIENTE,8,TIPICO,False,False,False,energiai-v2-seed-42-size-5000
234.540000,False,12,APARTAMENTO,6,MODERADO,41,TIPICO,False,False,False,energiai-v2-seed-42-size-5000
357.600000,True,11,OUTRO,5,MODERADO,35,TIPICO,False,False,False,energiai-v2-seed-42-size-5000
352.630000,False,12,COMERCIO,11,MODERADO,39,TIPICO,False,False,False,energiai-v2-seed-42-size-5000
236.900000,False,9,APARTAMENTO,10,MODERADO,48,TIPICO,False,False,False,energiai-v2-seed-42-size-5000
252.200000,False,8,APARTAMENTO,10,MODERADO,49,TIPICO,False,False,False,energiai-v2-seed-42-size-5000
273.240000,True,18,APARTAMENTO,3,MODERADO,56,TIPICO,False,False,False,energiai-v2-seed-42-size-5000
168.970000,False,4,APARTAMENTO,2,EFICIENTE,7,TIPICO,False,False,False,energiai-v2-seed-42-size-5000
292.390000,False,15,APARTAMENTO,8,INEFICIENTE,64,TIPICO,False,False,False,energiai-v2-seed-42-size-5000
319.650000,False,14,COMERCIO,3,EFICIENTE,18,TIPICO,False,False,False,energiai-v2-seed-42-size-5000
342.700000,True,16,APARTAMENTO,9,INEFICIENTE,89,TIPICO,False,False,False,energiai-v2-seed-42-size-5000
365.080000,False,27,COMERCIO,5,MODERADO,42,TIPICO,False,False,False,energiai-v2-seed-42-size-5000
423.080000,False,10,APARTAMENTO,6,INEFICIENTE,69,RARO_EXTREMO,False,True,True,energiai-v2-seed-42-size-5000
170.550000,False,4,APARTAMENTO,5,EFICIENTE,14,TIPICO,False,False,False,energiai-v2-seed-42-size-5000
336.120000,False,18,ESCRITORIO,8,MODERADO,32,TIPICO,False,False,False,energiai-v2-seed-42-size-5000
196.560000,False,9,ESCRITORIO,4,EFICIENTE,5,TIPICO,False,False,False,energiai-v2-seed-42-size-5000
381.590000,True,17,APARTAMENTO,11,INEFICIENTE,100,TIPICO,False,False,False,energiai-v2-seed-42-size-5000
313.030000,True,17,APARTAMENTO,5,INEFICIENTE,69,TIPICO,False,False,False,energiai-v2-seed-42-size-5000
320.560000,False,20,OUTRO,4,EFICIENTE,29,TIPICO,False,False,False,energiai-v2-seed-42-size-5000
302.020000,True,11,CASA,3,MODERADO,34,TIPICO,False,False,False,energiai-v2-seed-42-size-5000
383.130000,True,6,COMERCIO,14,MODERADO,52,TIPICO,False,False,False,energiai-v2-seed-42-size-5000
342.780000,True,7,CASA,10,MODERADO,53,TIPICO,False,False,False,energiai-v2-seed-42-size-5000
466.240000,True,23,COMERCIO,8,INEFICIENTE,70,TIPICO,False,False,False,energiai-v2-seed-42-size-5000
244.920000,False,12,APARTAMENTO,7,MODERADO,46,TIPICO,False,False,False,energiai-v2-seed-42-size-5000
458.600000,False,27,COMERCIO,10,INEFICIENTE,71,TIPICO,False,False,False,energiai-v2-seed-42-size-5000
298.720000,False,22,CASA,2,MODERADO,35,TIPICO,False,False,False,energiai-v2-seed-42-size-5000
421.290000,False,22,ESCRITORIO,10,MODERADO,48,TIPICO,False,False,False,energiai-v2-seed-42-size-5000
1293.770000,True,38,INDUSTRIA,20,INEFICIENTE,98,TIPICO,False,False,False,energiai-v2-seed-42-size-5000
935.980000,True,49,INDUSTRIA,8,MODERADO,59,TIPICO,False,False,False,energiai-v2-seed-42-size-5000
328.310000,True,10,CASA,5,MODERADO,42,TIPICO,False,False,False,energiai-v2-seed-42-size-5000
187.350000,False,4,CASA,4,EFICIENTE,5,TIPICO,False,False,False,energiai-v2-seed-42-size-5000
315.710000,False,14,COMERCIO,5,EFICIENTE,22,TIPICO,False,False,False,energiai-v2-seed-42-size-5000
276.640000,False,26,ESCRITORIO,3,EFICIENTE,20,TIPICO,False,False,False,energiai-v2-seed-42-size-5000
302.110000,False,14,COMERCIO,6,EFICIENTE,23,TIPICO,False,False,False,energiai-v2-seed-42-size-5000
389.300000,True,17,ESCRITORIO,7,MODERADO,42,TIPICO,False,False,False,energiai-v2-seed-42-size-5000
469.350000,True,22,OUTRO,8,MODERADO,58,TIPICO,False,False,False,energiai-v2-seed-42-size-5000
264.100000,True,7,APARTAMENTO,9,MODERADO,56,TIPICO,False,False,False,energiai-v2-seed-42-size-5000
365.990000,True,18,CASA,5,MODERADO,57,TIPICO,False,False,False,energiai-v2-seed-42-size-5000
334.990000,True,11,CASA,4,MODERADO,41,TIPICO,False,False,False,energiai-v2-seed-42-size-5000
300.000000,False,9,INDUSTRIA,4,EFICIENTE,0,TIPICO,False,False,False,energiai-v2-seed-42-size-5000
227.620000,False,8,APARTAMENTO,7,MODERADO,36,TIPICO,False,False,False,energiai-v2-seed-42-size-5000
381.300000,True,15,CASA,7,INEFICIENTE,62,TIPICO,False,False,False,energiai-v2-seed-42-size-5000
520.810000,True,24,COMERCIO,14,INEFICIENTE,100,TIPICO,False,False,False,energiai-v2-seed-42-size-5000
358.510000,False,9,COMERCIO,13,MODERADO,41,TIPICO,False,False,False,energiai-v2-seed-42-size-5000
316.600000,True,14,APARTAMENTO,7,INEFICIENTE,73,TIPICO,False,False,False,energiai-v2-seed-42-size-5000
232.200000,False,11,APARTAMENTO,7,MODERADO,42,TIPICO,False,False,False,energiai-v2-seed-42-size-5000
354.750000,True,13,APARTAMENTO,11,INEFICIENTE,94,TIPICO,False,False,False,energiai-v2-seed-42-size-5000
325.380000,True,18,CASA,3,MODERADO,46,TIPICO,False,False,False,energiai-v2-seed-42-size-5000
273.110000,False,22,CASA,1,EFICIENTE,29,TIPICO,False,False,False,energiai-v2-seed-42-size-5000
376.620000,True,17,APARTAMENTO,11,INEFICIENTE,100,TIPICO,False,False,False,energiai-v2-seed-42-size-5000
301.180000,False,13,COMERCIO,3,EFICIENTE,15,TIPICO,False,False,False,energiai-v2-seed-42-size-5000
175.590000,True,3,APARTAMENTO,1,EFICIENTE,13,TIPICO,False,False,False,energiai-v2-seed-42-size-5000
451.350000,True,18,CASA,10,INEFICIENTE,87,TIPICO,False,False,False,energiai-v2-seed-42-size-5000
431.950000,True,27,COMERCIO,5,MODERADO,60,FRONTEIRA,True,False,False,energiai-v2-seed-42-size-5000
469.730000,True,20,COMERCIO,13,INEFICIENTE,82,TIPICO,False,False,False,energiai-v2-seed-42-size-5000
330.080000,False,10,CASA,11,MODERADO,49,TIPICO,False,False,False,energiai-v2-seed-42-size-5000
569.210000,False,11,INDUSTRIA,14,EFICIENTE,25,TIPICO,False,False,False,energiai-v2-seed-42-size-5000
234.790000,False,7,APARTAMENTO,7,MODERADO,35,TIPICO,False,False,False,energiai-v2-seed-42-size-5000
162.060000,False,9,APARTAMENTO,1,EFICIENTE,10,TIPICO,False,False,False,energiai-v2-seed-42-size-5000
435.040000,True,20,COMERCIO,8,INEFICIENTE,62,TIPICO,False,False,False,energiai-v2-seed-42-size-5000
426.930000,True,29,ESCRITORIO,5,MODERADO,48,TIPICO,False,False,False,energiai-v2-seed-42-size-5000
361.370000,True,15,CASA,5,MODERADO,53,TIPICO,False,False,False,energiai-v2-seed-42-size-5000
337.620000,True,17,APARTAMENTO,8,INEFICIENTE,86,TIPICO,False,False,False,energiai-v2-seed-42-size-5000
330.330000,False,7,COMERCIO,9,EFICIENTE,26,TIPICO,False,False,False,energiai-v2-seed-42-size-5000
492.020000,True,18,ESCRITORIO,13,INEFICIENTE,69,TIPICO,False,False,False,energiai-v2-seed-42-size-5000
215.460000,False,10,CASA,2,EFICIENTE,12,TIPICO,False,False,False,energiai-v2-seed-42-size-5000
242.560000,True,12,APARTAMENTO,3,MODERADO,42,TIPICO,False,False,False,energiai-v2-seed-42-size-5000
272.120000,True,15,APARTAMENTO,5,MODERADO,58,TIPICO,False,False,False,energiai-v2-seed-42-size-5000
268.330000,False,6,COMERCIO,4,EFICIENTE,7,TIPICO,False,False,False,energiai-v2-seed-42-size-5000
291.260000,False,16,APARTAMENTO,8,INEFICIENTE,65,TIPICO,False,False,False,energiai-v2-seed-42-size-5000
204.590000,False,15,APARTAMENTO,1,EFICIENTE,25,TIPICO,False,False,False,energiai-v2-seed-42-size-5000
308.350000,True,4,CASA,8,MODERADO,38,TIPICO,False,False,False,energiai-v2-seed-42-size-5000
216.630000,True,6,APARTAMENTO,5,MODERADO,34,TIPICO,False,False,False,energiai-v2-seed-42-size-5000
272.410000,True,8,APARTAMENTO,8,MODERADO,56,TIPICO,False,False,False,energiai-v2-seed-42-size-5000
413.460000,True,3,CASA,10,MODERADO,59,RARO_EXTREMO,False,True,False,energiai-v2-seed-42-size-5000
281.540000,False,9,CASA,9,MODERADO,35,TIPICO,False,False,False,energiai-v2-seed-42-size-5000
439.250000,True,20,COMERCIO,11,INEFICIENTE,71,TIPICO,False,False,False,energiai-v2-seed-42-size-5000
466.760000,True,20,CASA,11,INEFICIENTE,96,TIPICO,False,False,False,energiai-v2-seed-42-size-5000
334.820000,True,17,APARTAMENTO,8,INEFICIENTE,85,TIPICO,False,False,False,energiai-v2-seed-42-size-5000
465.540000,True,15,COMERCIO,12,INEFICIENTE,73,TIPICO,False,False,False,energiai-v2-seed-42-size-5000
204.620000,False,11,APARTAMENTO,4,EFICIENTE,28,TIPICO,False,False,False,energiai-v2-seed-42-size-5000
302.530000,True,8,APARTAMENTO,11,INEFICIENTE,72,TIPICO,False,False,False,energiai-v2-seed-42-size-5000
437.270000,True,34,ESCRITORIO,3,MODERADO,46,TIPICO,False,False,False,energiai-v2-seed-42-size-5000
189.360000,True,3,APARTAMENTO,4,EFICIENTE,22,TIPICO,False,False,False,energiai-v2-seed-42-size-5000
298.330000,True,28,APARTAMENTO,6,INEFICIENTE,72,RARO_EXTREMO,False,True,True,energiai-v2-seed-42-size-5000
193.190000,False,5,APARTAMENTO,5,EFICIENTE,19,TIPICO,False,False,False,energiai-v2-seed-42-size-5000
894.360000,False,25,INDUSTRIA,19,MODERADO,57,TIPICO,False,False,False,energiai-v2-seed-42-size-5000
807.350000,True,45,INDUSTRIA,5,MODERADO,45,TIPICO,False,False,False,energiai-v2-seed-42-size-5000
304.250000,True,14,ESCRITORIO,4,EFICIENTE,25,TIPICO,False,False,False,energiai-v2-seed-42-size-5000
401.780000,False,21,CASA,8,INEFICIENTE,67,TIPICO,False,False,False,energiai-v2-seed-42-size-5000
178.950000,False,4,APARTAMENTO,8,EFICIENTE,22,TIPICO,False,False,False,energiai-v2-seed-42-size-5000
329.310000,False,11,CASA,8,MODERADO,42,TIPICO,False,False,False,energiai-v2-seed-42-size-5000
168.560000,False,3,APARTAMENTO,4,EFICIENTE,10,TIPICO,False,False,False,energiai-v2-seed-42-size-5000
349.110000,True,16,CASA,5,MODERADO,52,TIPICO,False,False,False,energiai-v2-seed-42-size-5000
408.880000,True,11,CASA,12,INEFICIENTE,75,TIPICO,False,False,False,energiai-v2-seed-42-size-5000
322.520000,True,8,CASA,6,MODERADO,41,TIPICO,False,False,False,energiai-v2-seed-42-size-5000
177.200000,False,9,APARTAMENTO,2,EFICIENTE,15,TIPICO,False,False,False,energiai-v2-seed-42-size-5000
252.110000,True,12,APARTAMENTO,5,MODERADO,50,TIPICO,False,False,False,energiai-v2-seed-42-size-5000
349.760000,True,16,APARTAMENTO,9,INEFICIENTE,91,TIPICO,False,False,False,energiai-v2-seed-42-size-5000
316.090000,False,34,CASA,8,MODERADO,56,RARO_EXTREMO,False,True,True,energiai-v2-seed-42-size-5000
252.400000,False,7,APARTAMENTO,11,MODERADO,50,TIPICO,False,False,False,energiai-v2-seed-42-size-5000
314.410000,False,10,CASA,10,MODERADO,44,TIPICO,False,False,False,energiai-v2-seed-42-size-5000
211.130000,False,11,APARTAMENTO,3,EFICIENTE,26,TIPICO,False,False,False,energiai-v2-seed-42-size-5000
272.160000,False,6,COMERCIO,4,EFICIENTE,7,TIPICO,False,False,False,energiai-v2-seed-42-size-5000
503.350000,True,21,CASA,11,INEFICIENTE,100,TIPICO,False,False,False,energiai-v2-seed-42-size-5000
372.000000,True,7,CASA,12,INEFICIENTE,63,TIPICO,False,False,False,energiai-v2-seed-42-size-5000
275.030000,False,4,CASA,10,EFICIENTE,29,TIPICO,False,False,False,energiai-v2-seed-42-size-5000
380.240000,True,16,COMERCIO,6,MODERADO,44,TIPICO,False,False,False,energiai-v2-seed-42-size-5000
489.500000,True,18,COMERCIO,14,INEFICIENTE,86,TIPICO,False,False,False,energiai-v2-seed-42-size-5000
581.880000,True,17,ESCRITORIO,14,INEFICIENTE,81,TIPICO,False,False,False,energiai-v2-seed-42-size-5000
169.250000,False,8,APARTAMENTO,3,EFICIENTE,15,TIPICO,False,False,False,energiai-v2-seed-42-size-5000
485.460000,False,20,ESCRITORIO,14,INEFICIENTE,65,TIPICO,False,False,False,energiai-v2-seed-42-size-5000
196.610000,False,7,ESCRITORIO,4,EFICIENTE,3,TIPICO,False,False,False,energiai-v2-seed-42-size-5000
301.560000,False,9,ESCRITORIO,9,EFICIENTE,24,TIPICO,False,False,False,energiai-v2-seed-42-size-5000
349.940000,True,15,APARTAMENTO,11,INEFICIENTE,97,TIPICO,False,False,False,energiai-v2-seed-42-size-5000
239.140000,False,14,CASA,1,EFICIENTE,17,TIPICO,False,False,False,energiai-v2-seed-42-size-5000
468.150000,True,18,CASA,11,INEFICIENTE,93,TIPICO,False,False,False,energiai-v2-seed-42-size-5000
337.690000,False,17,ESCRITORIO,9,MODERADO,34,TIPICO,False,False,False,energiai-v2-seed-42-size-5000
407.950000,True,17,COMERCIO,6,MODERADO,49,TIPICO,False,False,False,energiai-v2-seed-42-size-5000
385.120000,True,16,CASA,7,INEFICIENTE,64,TIPICO,False,False,False,energiai-v2-seed-42-size-5000
316.870000,True,10,CASA,6,MODERADO,43,TIPICO,False,False,False,energiai-v2-seed-42-size-5000
316.240000,True,14,APARTAMENTO,8,INEFICIENTE,76,TIPICO,False,False,False,energiai-v2-seed-42-size-5000
352.950000,True,16,ESCRITORIO,6,MODERADO,35,TIPICO,False,False,False,energiai-v2-seed-42-size-5000
205.420000,False,3,APARTAMENTO,10,EFICIENTE,30,FRONTEIRA,True,False,False,energiai-v2-seed-42-size-5000
212.030000,False,4,APARTAMENTO,9,MODERADO,31,FRONTEIRA,True,False,False,energiai-v2-seed-42-size-5000
188.800000,False,4,APARTAMENTO,9,EFICIENTE,26,TIPICO,False,False,False,energiai-v2-seed-42-size-5000
247.610000,False,11,ESCRITORIO,6,EFICIENTE,14,TIPICO,False,False,False,energiai-v2-seed-42-size-5000
383.950000,False,15,OUTRO,12,MODERADO,45,TIPICO,False,False,False,energiai-v2-seed-42-size-5000
322.390000,False,29,ESCRITORIO,4,EFICIENTE,28,TIPICO,False,False,False,energiai-v2-seed-42-size-5000
147.900000,False,3,APARTAMENTO,1,EFICIENTE,0,TIPICO,False,False,False,energiai-v2-seed-42-size-5000
160.180000,False,4,APARTAMENTO,3,EFICIENTE,8,TIPICO,False,False,False,energiai-v2-seed-42-size-5000
272.770000,True,13,APARTAMENTO,5,MODERADO,55,TIPICO,False,False,False,energiai-v2-seed-42-size-5000
309.420000,False,14,APARTAMENTO,10,INEFICIENTE,73,TIPICO,False,False,False,energiai-v2-seed-42-size-5000
352.880000,True,17,APARTAMENTO,9,INEFICIENTE,93,TIPICO,False,False,False,energiai-v2-seed-42-size-5000
292.990000,True,5,CASA,7,MODERADO,35,TIPICO,False,False,False,energiai-v2-seed-42-size-5000
353.820000,True,16,APARTAMENTO,8,INEFICIENTE,88,TIPICO,False,False,False,energiai-v2-seed-42-size-5000
305.370000,True,5,CASA,8,MODERADO,39,TIPICO,False,False,False,energiai-v2-seed-42-size-5000
192.330000,False,14,APARTAMENTO,1,EFICIENTE,21,TIPICO,False,False,False,energiai-v2-seed-42-size-5000
299.080000,True,13,APARTAMENTO,7,INEFICIENTE,67,TIPICO,False,False,False,energiai-v2-seed-42-size-5000
484.870000,True,25,ESCRITORIO,7,MODERADO,57,TIPICO,False,False,False,energiai-v2-seed-42-size-5000
306.810000,True,12,CASA,3,MODERADO,36,TIPICO,False,False,False,energiai-v2-seed-42-size-5000
224.010000,False,5,CASA,5,EFICIENTE,13,TIPICO,False,False,False,energiai-v2-seed-42-size-5000
232.750000,False,14,CASA,1,EFICIENTE,16,TIPICO,False,False,False,energiai-v2-seed-42-size-5000
347.110000,True,9,CASA,9,MODERADO,54,TIPICO,False,False,False,energiai-v2-seed-42-size-5000
258.410000,True,9,APARTAMENTO,6,MODERADO,49,TIPICO,False,False,False,energiai-v2-seed-42-size-5000
508.120000,True,27,COMERCIO,12,INEFICIENTE,95,TIPICO,False,False,False,energiai-v2-seed-42-size-5000
319.470000,False,22,CASA,2,MODERADO,38,TIPICO,False,False,False,energiai-v2-seed-42-size-5000
159.090000,False,7,APARTAMENTO,2,EFICIENTE,10,TIPICO,False,False,False,energiai-v2-seed-42-size-5000
322.290000,True,22,CASA,1,MODERADO,44,TIPICO,False,False,False,energiai-v2-seed-42-size-5000
359.090000,False,11,COMERCIO,11,MODERADO,39,TIPICO,False,False,False,energiai-v2-seed-42-size-5000
284.120000,False,5,COMERCIO,8,EFICIENTE,15,TIPICO,False,False,False,energiai-v2-seed-42-size-5000
411.790000,False,1,OUTRO,14,MODERADO,38,RARO_EXTREMO,False,True,False,energiai-v2-seed-42-size-5000
424.330000,True,18,COMERCIO,8,MODERADO,58,TIPICO,False,False,False,energiai-v2-seed-42-size-5000
347.320000,True,12,APARTAMENTO,11,INEFICIENTE,90,TIPICO,False,False,False,energiai-v2-seed-42-size-5000
465.960000,False,27,ESCRITORIO,10,MODERADO,57,TIPICO,False,False,False,energiai-v2-seed-42-size-5000
404.290000,True,22,COMERCIO,5,MODERADO,51,TIPICO,False,False,False,energiai-v2-seed-42-size-5000
225.580000,False,8,CASA,2,EFICIENTE,10,TIPICO,False,False,False,energiai-v2-seed-42-size-5000
285.410000,True,9,APARTAMENTO,9,INEFICIENTE,64,TIPICO,False,False,False,energiai-v2-seed-42-size-5000
338.350000,False,20,CASA,4,MODERADO,44,TIPICO,False,False,False,energiai-v2-seed-42-size-5000
337.820000,True,15,APARTAMENTO,10,INEFICIENTE,90,TIPICO,False,False,False,energiai-v2-seed-42-size-5000
218.310000,False,6,APARTAMENTO,10,MODERADO,38,TIPICO,False,False,False,energiai-v2-seed-42-size-5000
280.200000,True,7,APARTAMENTO,9,MODERADO,59,TIPICO,False,False,False,energiai-v2-seed-42-size-5000
388.070000,True,22,CASA,4,INEFICIENTE,62,TIPICO,False,False,False,energiai-v2-seed-42-size-5000
420.710000,True,12,CASA,12,INEFICIENTE,79,TIPICO,False,False,False,energiai-v2-seed-42-size-5000
328.230000,True,15,APARTAMENTO,7,INEFICIENTE,77,TIPICO,False,False,False,energiai-v2-seed-42-size-5000
396.500000,True,11,CASA,11,INEFICIENTE,70,TIPICO,False,False,False,energiai-v2-seed-42-size-5000
269.230000,False,4,CASA,10,EFICIENTE,28,TIPICO,False,False,False,energiai-v2-seed-42-size-5000
579.250000,True,25,ESCRITORIO,14,INEFICIENTE,89,TIPICO,False,False,False,energiai-v2-seed-42-size-5000
378.480000,True,8,CASA,11,INEFICIENTE,62,TIPICO,False,False,False,energiai-v2-seed-42-size-5000
344.260000,False,11,COMERCIO,10,MODERADO,34,TIPICO,False,False,False,energiai-v2-seed-42-size-5000
197.710000,False,9,OUTRO,6,EFICIENTE,16,TIPICO,False,False,False,energiai-v2-seed-42-size-5000
373.810000,False,18,COMERCIO,10,MODERADO,47,TIPICO,False,False,False,energiai-v2-seed-42-size-5000
405.810000,False,32,ESCRITORIO,5,MODERADO,40,TIPICO,False,False,False,energiai-v2-seed-42-size-5000
393.530000,True,14,COMERCIO,6,MODERADO,44,TIPICO,False,False,False,energiai-v2-seed-42-size-5000
266.270000,True,8,APARTAMENTO,7,MODERADO,52,TIPICO,False,False,False,energiai-v2-seed-42-size-5000
907.540000,True,55,INDUSTRIA,14,INEFICIENTE,73,RARO_EXTREMO,False,True,False,energiai-v2-seed-42-size-5000
295.960000,False,17,CASA,5,MODERADO,38,TIPICO,False,False,False,energiai-v2-seed-42-size-5000
251.790000,False,6,CASA,6,EFICIENTE,20,TIPICO,False,False,False,energiai-v2-seed-42-size-5000
233.540000,False,12,CASA,2,EFICIENTE,16,TIPICO,False,False,False,energiai-v2-seed-42-size-5000
427.520000,True,19,CASA,9,INEFICIENTE,81,TIPICO,False,False,False,energiai-v2-seed-42-size-5000
332.900000,False,15,CASA,7,MODERADO,46,TIPICO,False,False,False,energiai-v2-seed-42-size-5000
283.010000,True,5,ESCRITORIO,4,EFICIENTE,17,TIPICO,False,False,False,energiai-v2-seed-42-size-5000
659.450000,True,31,ESCRITORIO,14,INEFICIENTE,100,TIPICO,False,False,False,energiai-v2-seed-42-size-5000
296.280000,False,10,CASA,8,MODERADO,36,TIPICO,False,False,False,energiai-v2-seed-42-size-5000
239.930000,True,10,APARTAMENTO,3,MODERADO,38,TIPICO,False,False,False,energiai-v2-seed-42-size-5000
515.060000,True,19,CASA,12,INEFICIENTE,100,TIPICO,False,False,False,energiai-v2-seed-42-size-5000
493.600000,False,25,ESCRITORIO,11,INEFICIENTE,61,TIPICO,False,False,False,energiai-v2-seed-42-size-5000
513.190000,True,18,ESCRITORIO,2,MODERADO,42,RARO_EXTREMO,False,True,False,energiai-v2-seed-42-size-5000
430.020000,True,16,COMERCIO,12,INEFICIENTE,68,TIPICO,False,False,False,energiai-v2-seed-42-size-5000
299.540000,False,10,COMERCIO,7,EFICIENTE,20,TIPICO,False,False,False,energiai-v2-seed-42-size-5000
289.170000,False,14,APARTAMENTO,9,INEFICIENTE,65,TIPICO,False,False,False,energiai-v2-seed-42-size-5000
423.200000,False,19,COMERCIO,11,MODERADO,58,TIPICO,False,False,False,energiai-v2-seed-42-size-5000
275.890000,False,10,CASA,6,EFICIENTE,28,TIPICO,False,False,False,energiai-v2-seed-42-size-5000
218.090000,False,18,APARTAMENTO,2,MODERADO,34,TIPICO,False,False,False,energiai-v2-seed-42-size-5000
420.630000,True,26,COMERCIO,5,MODERADO,57,TIPICO,False,False,False,energiai-v2-seed-42-size-5000
256.560000,False,5,CASA,8,EFICIENTE,23,TIPICO,False,False,False,energiai-v2-seed-42-size-5000
485.640000,True,25,COMERCIO,9,INEFICIENTE,79,TIPICO,False,False,False,energiai-v2-seed-42-size-5000
272.170000,True,18,APARTAMENTO,2,MODERADO,52,TIPICO,False,False,False,energiai-v2-seed-42-size-5000
425.010000,False,28,ESCRITORIO,8,MODERADO,48,TIPICO,False,False,False,energiai-v2-seed-42-size-5000
315.890000,False,15,CASA,6,MODERADO,40,TIPICO,False,False,False,energiai-v2-seed-42-size-5000
258.940000,False,9,APARTAMENTO,9,MODERADO,49,TIPICO,False,False,False,energiai-v2-seed-42-size-5000
202.270000,False,5,CASA,2,EFICIENTE,4,TIPICO,False,False,False,energiai-v2-seed-42-size-5000
273.330000,False,4,CASA,12,MODERADO,33,TIPICO,False,False,False,energiai-v2-seed-42-size-5000
280.420000,False,14,APARTAMENTO,8,MODERADO,60,TIPICO,False,False,False,energiai-v2-seed-42-size-5000
349.500000,True,7,COMERCIO,8,MODERADO,35,TIPICO,False,False,False,energiai-v2-seed-42-size-5000
438.180000,True,20,COMERCIO,8,INEFICIENTE,62,TIPICO,False,False,False,energiai-v2-seed-42-size-5000
242.130000,False,10,CASA,5,EFICIENTE,22,TIPICO,False,False,False,energiai-v2-seed-42-size-5000
297.450000,False,13,CASA,6,MODERADO,35,TIPICO,False,False,False,energiai-v2-seed-42-size-5000
306.080000,False,19,CASA,4,MODERADO,39,TIPICO,False,False,False,energiai-v2-seed-42-size-5000
310.050000,False,17,COMERCIO,3,EFICIENTE,20,TIPICO,False,False,False,energiai-v2-seed-42-size-5000
297.380000,False,19,CASA,4,MODERADO,38,TIPICO,False,False,False,energiai-v2-seed-42-size-5000
184.340000,False,9,APARTAMENTO,2,EFICIENTE,16,TIPICO,False,False,False,energiai-v2-seed-42-size-5000
219.860000,False,15,APARTAMENTO,4,MODERADO,37,TIPICO,False,False,False,energiai-v2-seed-42-size-5000
422.560000,False,17,INDUSTRIA,7,EFICIENTE,12,TIPICO,False,False,False,energiai-v2-seed-42-size-5000
401.500000,True,15,COMERCIO,10,MODERADO,57,TIPICO,False,False,False,energiai-v2-seed-42-size-5000
344.860000,True,18,APARTAMENTO,8,INEFICIENTE,89,TIPICO,False,False,False,energiai-v2-seed-42-size-5000
255.600000,True,5,APARTAMENTO,9,MODERADO,50,TIPICO,False,False,False,energiai-v2-seed-42-size-5000
516.090000,False,29,ESCRITORIO,11,INEFICIENTE,67,TIPICO,False,False,False,energiai-v2-seed-42-size-5000
346.240000,True,19,CASA,2,MODERADO,47,TIPICO,False,False,False,energiai-v2-seed-42-size-5000
290.430000,False,14,APARTAMENTO,8,INEFICIENTE,62,TIPICO,False,False,False,energiai-v2-seed-42-size-5000
267.560000,False,11,APARTAMENTO,10,MODERADO,58,TIPICO,False,False,False,energiai-v2-seed-42-size-5000
166.920000,False,6,APARTAMENTO,1,EFICIENTE,7,TIPICO,False,False,False,energiai-v2-seed-42-size-5000
180.030000,False,4,CASA,1,EFICIENTE,0,TIPICO,False,False,False,energiai-v2-seed-42-size-5000
509.350000,True,22,CASA,12,INEFICIENTE,100,TIPICO,False,False,False,energiai-v2-seed-42-size-5000
314.790000,False,14,CASA,7,MODERADO,42,TIPICO,False,False,False,energiai-v2-seed-42-size-5000
385.000000,False,26,ESCRITORIO,8,MODERADO,42,TIPICO,False,False,False,energiai-v2-seed-42-size-5000
313.370000,False,8,CASA,10,MODERADO,41,TIPICO,False,False,False,energiai-v2-seed-42-size-5000
375.500000,True,8,COMERCIO,12,MODERADO,49,TIPICO,False,False,False,energiai-v2-seed-42-size-5000
186.000000,False,4,CASA,3,EFICIENTE,3,TIPICO,False,False,False,energiai-v2-seed-42-size-5000
223.480000,False,10,APARTAMENTO,6,MODERADO,35,TIPICO,False,False,False,energiai-v2-seed-42-size-5000
493.890000,True,21,CASA,11,INEFICIENTE,100,TIPICO,False,False,False,energiai-v2-seed-42-size-5000
305.480000,True,4,CASA,7,MODERADO,35,TIPICO,False,False,False,energiai-v2-seed-42-size-5000
387.110000,False,17,CASA,7,MODERADO,56,TIPICO,False,False,False,energiai-v2-seed-42-size-5000
358.100000,False,9,COMERCIO,11,MODERADO,36,TIPICO,False,False,False,energiai-v2-seed-42-size-5000
357.340000,False,16,COMERCIO,6,MODERADO,32,TIPICO,False,False,False,energiai-v2-seed-42-size-5000
447.290000,True,15,COMERCIO,12,INEFICIENTE,70,TIPICO,False,False,False,energiai-v2-seed-42-size-5000
292.060000,True,12,APARTAMENTO,6,INEFICIENTE,61,FRONTEIRA,True,False,False,energiai-v2-seed-42-size-5000
180.000000,False,5,CASA,1,EFICIENTE,0,TIPICO,False,False,False,energiai-v2-seed-42-size-5000
243.850000,False,9,APARTAMENTO,9,MODERADO,46,TIPICO,False,False,False,energiai-v2-seed-42-size-5000
335.140000,True,13,CASA,5,MODERADO,47,TIPICO,False,False,False,energiai-v2-seed-42-size-5000
338.940000,False,20,COMERCIO,5,MODERADO,31,FRONTEIRA,True,False,False,energiai-v2-seed-42-size-5000
195.710000,False,5,APARTAMENTO,6,EFICIENTE,22,TIPICO,False,False,False,energiai-v2-seed-42-size-5000
490.460000,True,21,CASA,11,INEFICIENTE,100,TIPICO,False,False,False,energiai-v2-seed-42-size-5000
473.120000,True,22,CASA,9,INEFICIENTE,93,TIPICO,False,False,False,energiai-v2-seed-42-size-5000
210.820000,False,18,APARTAMENTO,1,EFICIENTE,30,TIPICO,False,False,False,energiai-v2-seed-42-size-5000
238.520000,False,8,APARTAMENTO,6,MODERADO,35,TIPICO,False,False,False,energiai-v2-seed-42-size-5000
221.320000,False,6,APARTAMENTO,10,MODERADO,39,TIPICO,False,False,False,energiai-v2-seed-42-size-5000
284.600000,False,13,COMERCIO,2,EFICIENTE,11,TIPICO,False,False,False,energiai-v2-seed-42-size-5000
315.290000,True,18,CASA,1,MODERADO,39,TIPICO,False,False,False,energiai-v2-seed-42-size-5000
495.910000,True,17,CASA,12,INEFICIENTE,100,TIPICO,False,False,False,energiai-v2-seed-42-size-5000
160.220000,False,7,APARTAMENTO,3,EFICIENTE,12,TIPICO,False,False,False,energiai-v2-seed-42-size-5000
277.710000,True,5,CASA,7,MODERADO,33,TIPICO,False,False,False,energiai-v2-seed-42-size-5000
350.440000,False,17,COMERCIO,7,MODERADO,35,TIPICO,False,False,False,energiai-v2-seed-42-size-5000
691.620000,True,34,INDUSTRIA,5,MODERADO,36,TIPICO,False,False,False,energiai-v2-seed-42-size-5000
71.340000,True,17,APARTAMENTO,11,MODERADO,56,RARO_EXTREMO,False,True,True,energiai-v2-seed-42-size-5000
193.480000,True,4,APARTAMENTO,2,EFICIENTE,19,TIPICO,False,False,False,energiai-v2-seed-42-size-5000
359.370000,True,11,COMERCIO,6,MODERADO,36,TIPICO,False,False,False,energiai-v2-seed-42-size-5000
356.060000,False,14,CASA,9,MODERADO,53,TIPICO,False,False,False,energiai-v2-seed-42-size-5000
207.680000,False,5,CASA,4,EFICIENTE,9,TIPICO,False,False,False,energiai-v2-seed-42-size-5000
457.750000,True,17,COMERCIO,14,INEFICIENTE,79,TIPICO,False,False,False,energiai-v2-seed-42-size-5000
363.980000,False,25,ESCRITORIO,6,MODERADO,34,TIPICO,False,False,False,energiai-v2-seed-42-size-5000
317.970000,False,19,CASA,5,MODERADO,43,TIPICO,False,False,False,energiai-v2-seed-42-size-5000
346.770000,False,8,COMERCIO,12,MODERADO,36,TIPICO,False,False,False,energiai-v2-seed-42-size-5000
168.860000,False,7,APARTAMENTO,3,EFICIENTE,13,TIPICO,False,False,False,energiai-v2-seed-42-size-5000
398.630000,True,34,CASA,8,INEFICIENTE,78,RARO_EXTREMO,False,True,True,energiai-v2-seed-42-size-5000
599.900000,False,13,INDUSTRIA,15,EFICIENTE,29,TIPICO,False,False,False,energiai-v2-seed-42-size-5000
553.550000,True,35,ESCRITORIO,9,INEFICIENTE,78,TIPICO,False,False,False,energiai-v2-seed-42-size-5000
240.190000,False,8,CASA,5,EFICIENTE,19,TIPICO,False,False,False,energiai-v2-seed-42-size-5000
212.480000,False,5,APARTAMENTO,8,EFICIENTE,30,FRONTEIRA,True,False,False,energiai-v2-seed-42-size-5000
217.260000,False,13,APARTAMENTO,3,EFICIENTE,30,FRONTEIRA,True,False,False,energiai-v2-seed-42-size-5000
258.790000,False,5,CASA,6,EFICIENTE,19,TIPICO,False,False,False,energiai-v2-seed-42-size-5000
311.770000,True,13,APARTAMENTO,8,INEFICIENTE,73,TIPICO,False,False,False,energiai-v2-seed-42-size-5000
383.240000,True,21,ESCRITORIO,6,MODERADO,42,TIPICO,False,False,False,energiai-v2-seed-42-size-5000
252.240000,False,12,OUTRO,2,EFICIENTE,15,TIPICO,False,False,False,energiai-v2-seed-42-size-5000
558.880000,True,28,COMERCIO,13,INEFICIENTE,100,TIPICO,False,False,False,energiai-v2-seed-42-size-5000
444.300000,True,12,OUTRO,11,MODERADO,53,TIPICO,False,False,False,energiai-v2-seed-42-size-5000
456.230000,True,17,CASA,10,INEFICIENTE,86,TIPICO,False,False,False,energiai-v2-seed-42-size-5000
369.610000,True,19,ESCRITORIO,6,MODERADO,39,TIPICO,False,False,False,energiai-v2-seed-42-size-5000
192.920000,False,13,APARTAMENTO,2,EFICIENTE,23,TIPICO,False,False,False,energiai-v2-seed-42-size-5000
236.870000,False,13,APARTAMENTO,5,MODERADO,40,TIPICO,False,False,False,energiai-v2-seed-42-size-5000
300.600000,False,5,ESCRITORIO,13,EFICIENTE,29,TIPICO,False,False,False,energiai-v2-seed-42-size-5000
401.000000,False,21,CASA,10,INEFICIENTE,74,TIPICO,False,False,False,energiai-v2-seed-42-size-5000
519.970000,True,22,CASA,12,INEFICIENTE,100,TIPICO,False,False,False,energiai-v2-seed-42-size-5000
272.990000,True,5,APARTAMENTO,11,MODERADO,60,FRONTEIRA,True,False,False,energiai-v2-seed-42-size-5000
467.290000,True,27,COMERCIO,8,INEFICIENTE,75,TIPICO,False,False,False,energiai-v2-seed-42-size-5000
282.960000,False,12,CASA,5,EFICIENTE,29,TIPICO,False,False,False,energiai-v2-seed-42-size-5000
429.470000,True,14,CASA,12,INEFICIENTE,84,TIPICO,False,False,False,energiai-v2-seed-42-size-5000
184.030000,False,12,APARTAMENTO,1,EFICIENTE,18,TIPICO,False,False,False,energiai-v2-seed-42-size-5000
307.110000,False,11,COMERCIO,6,EFICIENTE,20,TIPICO,False,False,False,energiai-v2-seed-42-size-5000
376.830000,True,9,CASA,10,INEFICIENTE,61,TIPICO,False,False,False,energiai-v2-seed-42-size-5000
194.880000,False,12,OUTRO,1,EFICIENTE,10,TIPICO,False,False,False,energiai-v2-seed-42-size-5000
300.190000,True,9,CASA,5,MODERADO,37,TIPICO,False,False,False,energiai-v2-seed-42-size-5000
376.480000,True,18,COMERCIO,6,MODERADO,46,TIPICO,False,False,False,energiai-v2-seed-42-size-5000
344.760000,True,10,COMERCIO,6,MODERADO,33,TIPICO,False,False,False,energiai-v2-seed-42-size-5000
237.730000,False,17,CASA,3,EFICIENTE,25,TIPICO,False,False,False,energiai-v2-seed-42-size-5000
348.350000,False,16,CASA,7,MODERADO,49,TIPICO,False,False,False,energiai-v2-seed-42-size-5000
349.790000,True,15,APARTAMENTO,11,INEFICIENTE,97,TIPICO,False,False,False,energiai-v2-seed-42-size-5000
210.630000,False,5,CASA,2,EFICIENTE,5,TIPICO,False,False,False,energiai-v2-seed-42-size-5000
284.790000,False,20,CASA,1,EFICIENTE,28,TIPICO,False,False,False,energiai-v2-seed-42-size-5000
258.970000,False,5,CASA,8,EFICIENTE,24,TIPICO,False,False,False,energiai-v2-seed-42-size-5000
255.970000,False,19,OUTRO,3,EFICIENTE,22,TIPICO,False,False,False,energiai-v2-seed-42-size-5000
273.650000,True,5,APARTAMENTO,10,MODERADO,57,TIPICO,False,False,False,energiai-v2-seed-42-size-5000
293.140000,False,20,CASA,4,MODERADO,38,TIPICO,False,False,False,energiai-v2-seed-42-size-5000
286.140000,True,10,CASA,3,MODERADO,31,FRONTEIRA,True,False,False,energiai-v2-seed-42-size-5000
428.480000,False,21,CASA,11,INEFICIENTE,82,TIPICO,False,False,False,energiai-v2-seed-42-size-5000
284.330000,True,8,APARTAMENTO,10,INEFICIENTE,65,TIPICO,False,False,False,energiai-v2-seed-42-size-5000
232.520000,False,14,APARTAMENTO,3,MODERADO,34,TIPICO,False,False,False,energiai-v2-seed-42-size-5000
412.210000,True,11,CASA,12,INEFICIENTE,76,TIPICO,False,False,False,energiai-v2-seed-42-size-5000
595.810000,False,30,INDUSTRIA,8,EFICIENTE,27,TIPICO,False,False,False,energiai-v2-seed-42-size-5000
404.100000,True,11,COMERCIO,11,MODERADO,55,TIPICO,False,False,False,energiai-v2-seed-42-size-5000
338.120000,False,30,ESCRITORIO,4,EFICIENTE,30,FRONTEIRA,True,False,False,energiai-v2-seed-42-size-5000
223.590000,False,10,APARTAMENTO,3,EFICIENTE,27,TIPICO,False,False,False,energiai-v2-seed-42-size-5000
189.780000,True,5,APARTAMENTO,3,EFICIENTE,23,TIPICO,False,False,False,energiai-v2-seed-42-size-5000
352.360000,False,13,COMERCIO,9,MODERADO,35,TIPICO,False,False,False,energiai-v2-seed-42-size-5000
228.980000,False,12,CASA,2,EFICIENTE,16,TIPICO,False,False,False,energiai-v2-seed-42-size-5000
241.640000,False,11,ESCRITORIO,6,EFICIENTE,14,TIPICO,False,False,False,energiai-v2-seed-42-size-5000
303.240000,False,21,CASA,2,MODERADO,35,TIPICO,False,False,False,energiai-v2-seed-42-size-5000
179.660000,False,8,APARTAMENTO,4,EFICIENTE,19,TIPICO,False,False,False,energiai-v2-seed-42-size-5000
175.140000,False,4,APARTAMENTO,6,EFICIENTE,17,TIPICO,False,False,False,energiai-v2-seed-42-size-5000
360.460000,False,22,CASA,6,MODERADO,56,TIPICO,False,False,False,energiai-v2-seed-42-size-5000
353.020000,False,12,COMERCIO,9,MODERADO,34,TIPICO,False,False,False,energiai-v2-seed-42-size-5000
349.300000,False,6,COMERCIO,13,MODERADO,36,TIPICO,False,False,False,energiai-v2-seed-42-size-5000
394.590000,False,17,COMERCIO,12,MODERADO,54,TIPICO,False,False,False,energiai-v2-seed-42-size-5000
287.990000,True,16,APARTAMENTO,4,MODERADO,59,TIPICO,False,False,False,energiai-v2-seed-42-size-5000
180.020000,False,4,CASA,2,EFICIENTE,1,TIPICO,False,False,False,energiai-v2-seed-42-size-5000
421.470000,True,19,COMERCIO,6,MODERADO,53,TIPICO,False,False,False,energiai-v2-seed-42-size-5000
258.140000,False,16,CASA,2,EFICIENTE,24,TIPICO,False,False,False,energiai-v2-seed-42-size-5000
374.470000,True,17,CASA,5,MODERADO,57,TIPICO,False,False,False,energiai-v2-seed-42-size-5000
799.100000,False,16,ESCRITORIO,8,INEFICIENTE,64,RARO_EXTREMO,False,True,True,energiai-v2-seed-42-size-5000
306.250000,False,16,CASA,7,MODERADO,43,TIPICO,False,False,False,energiai-v2-seed-42-size-5000
316.640000,False,14,APARTAMENTO,11,INEFICIENTE,78,TIPICO,False,False,False,energiai-v2-seed-42-size-5000
344.430000,False,13,COMERCIO,7,EFICIENTE,30,TIPICO,False,False,False,energiai-v2-seed-42-size-5000
186.750000,False,8,APARTAMENTO,4,EFICIENTE,20,TIPICO,False,False,False,energiai-v2-seed-42-size-5000
590.760000,True,26,ESCRITORIO,14,INEFICIENTE,91,TIPICO,False,False,False,energiai-v2-seed-42-size-5000
394.680000,True,19,OUTRO,2,MODERADO,37,TIPICO,False,False,False,energiai-v2-seed-42-size-5000
567.160000,True,29,ESCRITORIO,11,INEFICIENTE,81,TIPICO,False,False,False,energiai-v2-seed-42-size-5000
225.390000,False,14,APARTAMENTO,3,MODERADO,33,TIPICO,False,False,False,energiai-v2-seed-42-size-5000
287.440000,False,8,ESCRITORIO,10,EFICIENTE,24,TIPICO,False,False,False,energiai-v2-seed-42-size-5000
575.070000,True,29,ESCRITORIO,11,INEFICIENTE,82,TIPICO,False,False,False,energiai-v2-seed-42-size-5000
259.230000,False,14,APARTAMENTO,4,MODERADO,42,TIPICO,False,False,False,energiai-v2-seed-42-size-5000
350.920000,True,22,COMERCIO,2,MODERADO,36,TIPICO,False,False,False,energiai-v2-seed-42-size-5000
192.670000,False,7,APARTAMENTO,4,EFICIENTE,20,TIPICO,False,False,False,energiai-v2-seed-42-size-5000
71.330000,True,13,APARTAMENTO,11,MODERADO,48,RARO_EXTREMO,False,True,True,energiai-v2-seed-42-size-5000
228.580000,False,14,APARTAMENTO,5,MODERADO,40,TIPICO,False,False,False,energiai-v2-seed-42-size-5000
310.380000,False,16,OUTRO,7,MODERADO,31,FRONTEIRA,True,False,False,energiai-v2-seed-42-size-5000
505.050000,True,18,OUTRO,10,INEFICIENTE,61,TIPICO,False,False,False,energiai-v2-seed-42-size-5000
228.600000,False,17,APARTAMENTO,4,MODERADO,41,TIPICO,False,False,False,energiai-v2-seed-42-size-5000
217.590000,False,7,CASA,3,EFICIENTE,11,TIPICO,False,False,False,energiai-v2-seed-42-size-5000
332.350000,True,7,CASA,20,MODERADO,56,RARO_EXTREMO,False,True,True,energiai-v2-seed-42-size-5000
231.960000,False,7,APARTAMENTO,8,MODERADO,37,TIPICO,False,False,False,energiai-v2-seed-42-size-5000
292.020000,True,16,APARTAMENTO,5,INEFICIENTE,64,TIPICO,False,False,False,energiai-v2-seed-42-size-5000
460.550000,False,20,OUTRO,12,MODERADO,55,TIPICO,False,False,False,energiai-v2-seed-42-size-5000
406.130000,False,9,ESCRITORIO,14,MODERADO,45,TIPICO,False,False,False,energiai-v2-seed-42-size-5000
325.740000,True,10,APARTAMENTO,10,INEFICIENTE,78,TIPICO,False,False,False,energiai-v2-seed-42-size-5000
281.810000,True,7,APARTAMENTO,10,INEFICIENTE,63,TIPICO,False,False,False,energiai-v2-seed-42-size-5000
296.240000,True,17,CASA,2,MODERADO,38,TIPICO,False,False,False,energiai-v2-seed-42-size-5000
205.760000,False,5,CASA,4,EFICIENTE,9,TIPICO,False,False,False,energiai-v2-seed-42-size-5000
140.010000,False,4,APARTAMENTO,2,EFICIENTE,3,TIPICO,False,False,False,energiai-v2-seed-42-size-5000
228.270000,False,16,CASA,1,EFICIENTE,18,TIPICO,False,False,False,energiai-v2-seed-42-size-5000
486.860000,True,23,COMERCIO,13,INEFICIENTE,89,TIPICO,False,False,False,energiai-v2-seed-42-size-5000
196.510000,True,3,APARTAMENTO,4,EFICIENTE,23,TIPICO,False,False,False,energiai-v2-seed-42-size-5000
275.940000,True,12,APARTAMENTO,8,INEFICIENTE,64,TIPICO,False,False,False,energiai-v2-seed-42-size-5000
391.470000,True,13,CASA,11,INEFICIENTE,72,TIPICO,False,False,False,energiai-v2-seed-42-size-5000
316.600000,False,21,CASA,4,MODERADO,42,TIPICO,False,False,False,energiai-v2-seed-42-size-5000
289.920000,True,7,CASA,6,MODERADO,35,TIPICO,False,False,False,energiai-v2-seed-42-size-5000
867.910000,False,46,INDUSTRIA,9,MODERADO,48,TIPICO,False,False,False,energiai-v2-seed-42-size-5000
453.710000,True,17,CASA,12,INEFICIENTE,93,TIPICO,False,False,False,energiai-v2-seed-42-size-5000
387.260000,False,18,CASA,9,INEFICIENTE,64,TIPICO,False,False,False,energiai-v2-seed-42-size-5000
286.640000,False,17,CASA,3,MODERADO,31,FRONTEIRA,True,False,False,energiai-v2-seed-42-size-5000
510.610000,True,28,ESCRITORIO,9,INEFICIENTE,68,TIPICO,False,False,False,energiai-v2-seed-42-size-5000
198.040000,False,6,CASA,4,EFICIENTE,9,TIPICO,False,False,False,energiai-v2-seed-42-size-5000
507.270000,True,26,COMERCIO,12,INEFICIENTE,93,TIPICO,False,False,False,energiai-v2-seed-42-size-5000
206.460000,False,3,APARTAMENTO,10,EFICIENTE,30,FRONTEIRA,True,False,False,energiai-v2-seed-42-size-5000
370.860000,False,23,COMERCIO,6,MODERADO,41,TIPICO,False,False,False,energiai-v2-seed-42-size-5000
290.220000,True,7,APARTAMENTO,11,INEFICIENTE,67,TIPICO,False,False,False,energiai-v2-seed-42-size-5000
207.200000,False,11,ESCRITORIO,3,EFICIENTE,5,TIPICO,False,False,False,energiai-v2-seed-42-size-5000
377.560000,True,17,APARTAMENTO,11,INEFICIENTE,100,TIPICO,False,False,False,energiai-v2-seed-42-size-5000
399.990000,True,13,CASA,10,INEFICIENTE,71,TIPICO,False,False,False,energiai-v2-seed-42-size-5000
553.030000,True,22,OUTRO,9,INEFICIENTE,66,TIPICO,False,False,False,energiai-v2-seed-42-size-5000
289.600000,False,10,CASA,7,MODERADO,33,TIPICO,False,False,False,energiai-v2-seed-42-size-5000
307.110000,True,10,APARTAMENTO,9,INEFICIENTE,70,TIPICO,False,False,False,energiai-v2-seed-42-size-5000
452.740000,True,16,ESCRITORIO,11,MODERADO,58,TIPICO,False,False,False,energiai-v2-seed-42-size-5000
192.740000,True,6,APARTAMENTO,1,EFICIENTE,20,TIPICO,False,False,False,energiai-v2-seed-42-size-5000
247.270000,False,18,APARTAMENTO,4,MODERADO,46,TIPICO,False,False,False,energiai-v2-seed-42-size-5000
764.180000,True,31,INDUSTRIA,10,MODERADO,47,TIPICO,False,False,False,energiai-v2-seed-42-size-5000
358.850000,True,10,CASA,10,MODERADO,60,TIPICO,False,False,False,energiai-v2-seed-42-size-5000
256.510000,False,11,APARTAMENTO,7,MODERADO,46,TIPICO,False,False,False,energiai-v2-seed-42-size-5000
1048.670000,True,27,INDUSTRIA,19,INEFICIENTE,75,TIPICO,False,False,False,energiai-v2-seed-42-size-5000
546.810000,True,22,ESCRITORIO,12,INEFICIENTE,76,TIPICO,False,False,False,energiai-v2-seed-42-size-5000
176.690000,False,8,APARTAMENTO,2,EFICIENTE,14,TIPICO,False,False,False,energiai-v2-seed-42-size-5000
224.970000,False,8,CASA,5,EFICIENTE,17,TIPICO,False,False,False,energiai-v2-seed-42-size-5000
441.730000,True,14,ESCRITORIO,12,MODERADO,58,TIPICO,False,False,False,energiai-v2-seed-42-size-5000
527.690000,True,31,ESCRITORIO,9,INEFICIENTE,72,TIPICO,False,False,False,energiai-v2-seed-42-size-5000
454.780000,True,15,ESCRITORIO,12,MODERADO,60,TIPICO,False,False,False,energiai-v2-seed-42-size-5000
222.750000,True,12,APARTAMENTO,1,MODERADO,32,TIPICO,False,False,False,energiai-v2-seed-42-size-5000
779.800000,False,31,INDUSTRIA,16,MODERADO,50,TIPICO,False,False,False,energiai-v2-seed-42-size-5000
209.180000,False,28,APARTAMENTO,2,MODERADO,33,RARO_EXTREMO,False,True,True,energiai-v2-seed-42-size-5000
260.240000,True,3,APARTAMENTO,11,MODERADO,53,TIPICO,False,False,False,energiai-v2-seed-42-size-5000
255.150000,False,7,CASA,7,EFICIENTE,24,TIPICO,False,False,False,energiai-v2-seed-42-size-5000
282.080000,True,18,APARTAMENTO,3,MODERADO,58,TIPICO,False,False,False,energiai-v2-seed-42-size-5000
187.320000,False,9,APARTAMENTO,4,EFICIENTE,22,TIPICO,False,False,False,energiai-v2-seed-42-size-5000
203.490000,False,8,APARTAMENTO,4,EFICIENTE,23,TIPICO,False,False,False,energiai-v2-seed-42-size-5000
399.700000,True,17,CASA,7,INEFICIENTE,67,TIPICO,False,False,False,energiai-v2-seed-42-size-5000
178.960000,False,11,APARTAMENTO,1,EFICIENTE,15,TIPICO,False,False,False,energiai-v2-seed-42-size-5000
601.270000,True,23,ESCRITORIO,14,INEFICIENTE,89,TIPICO,False,False,False,energiai-v2-seed-42-size-5000
389.960000,True,17,APARTAMENTO,11,INEFICIENTE,100,TIPICO,False,False,False,energiai-v2-seed-42-size-5000
451.220000,True,19,COMERCIO,11,INEFICIENTE,72,TIPICO,False,False,False,energiai-v2-seed-42-size-5000
856.750000,False,27,OUTRO,12,INEFICIENTE,89,RARO_EXTREMO,False,True,True,energiai-v2-seed-42-size-5000
299.400000,True,12,CASA,3,MODERADO,35,TIPICO,False,False,False,energiai-v2-seed-42-size-5000
207.490000,False,3,APARTAMENTO,19,MODERADO,33,RARO_EXTREMO,False,True,True,energiai-v2-seed-42-size-5000
224.580000,True,11,APARTAMENTO,1,MODERADO,31,FRONTEIRA,True,False,False,energiai-v2-seed-42-size-5000
395.030000,False,14,COMERCIO,14,MODERADO,56,TIPICO,False,False,False,energiai-v2-seed-42-size-5000
292.620000,False,15,CASA,5,MODERADO,35,TIPICO,False,False,False,energiai-v2-seed-42-size-5000
256.800000,False,10,APARTAMENTO,10,MODERADO,54,TIPICO,False,False,False,energiai-v2-seed-42-size-5000
199.160000,False,7,ESCRITORIO,5,EFICIENTE,6,TIPICO,False,False,False,energiai-v2-seed-42-size-5000
650.100000,True,28,OUTRO,12,INEFICIENTE,87,TIPICO,False,False,False,energiai-v2-seed-42-size-5000
303.570000,True,13,APARTAMENTO,9,INEFICIENTE,75,TIPICO,False,False,False,energiai-v2-seed-42-size-5000
177.420000,False,8,APARTAMENTO,1,EFICIENTE,11,TIPICO,False,False,False,energiai-v2-seed-42-size-5000
353.530000,True,19,CASA,4,MODERADO,54,TIPICO,False,False,False,energiai-v2-seed-42-size-5000
239.670000,True,14,APARTAMENTO,3,MODERADO,44,TIPICO,False,False,False,energiai-v2-seed-42-size-5000
326.510000,True,18,APARTAMENTO,6,INEFICIENTE,78,TIPICO,False,False,False,energiai-v2-seed-42-size-5000
165.200000,False,4,APARTAMENTO,4,EFICIENTE,11,TIPICO,False,False,False,energiai-v2-seed-42-size-5000
197.220000,False,10,APARTAMENTO,2,EFICIENTE,20,TIPICO,False,False,False,energiai-v2-seed-42-size-5000
386.900000,True,12,CASA,10,INEFICIENTE,67,TIPICO,False,False,False,energiai-v2-seed-42-size-5000
264.640000,False,18,ESCRITORIO,3,EFICIENTE,14,TIPICO,False,False,False,energiai-v2-seed-42-size-5000
240.410000,False,15,APARTAMENTO,4,MODERADO,40,TIPICO,False,False,False,energiai-v2-seed-42-size-5000
388.950000,True,22,CASA,4,INEFICIENTE,62,TIPICO,False,False,False,energiai-v2-seed-42-size-5000
240.760000,True,7,APARTAMENTO,5,MODERADO,40,TIPICO,False,False,False,energiai-v2-seed-42-size-5000
348.160000,True,9,CASA,7,MODERADO,48,TIPICO,False,False,False,energiai-v2-seed-42-size-5000
383.500000,True,17,COMERCIO,5,MODERADO,43,TIPICO,False,False,False,energiai-v2-seed-42-size-5000
355.900000,True,13,CASA,8,MODERADO,58,TIPICO,False,False,False,energiai-v2-seed-42-size-5000
219.630000,False,9,CASA,2,EFICIENTE,11,TIPICO,False,False,False,energiai-v2-seed-42-size-5000
400.470000,True,13,CASA,12,INEFICIENTE,77,TIPICO,False,False,False,energiai-v2-seed-42-size-5000
185.290000,False,8,APARTAMENTO,2,EFICIENTE,15,TIPICO,False,False,False,energiai-v2-seed-42-size-5000
220.520000,False,5,APARTAMENTO,10,MODERADO,37,TIPICO,False,False,False,energiai-v2-seed-42-size-5000
220.230000,True,3,APARTAMENTO,6,MODERADO,32,TIPICO,False,False,False,energiai-v2-seed-42-size-5000
326.950000,True,19,CASA,3,MODERADO,47,TIPICO,False,False,False,energiai-v2-seed-42-size-5000
159.420000,False,3,APARTAMENTO,2,EFICIENTE,4,TIPICO,False,False,False,energiai-v2-seed-42-size-5000
284.390000,True,8,APARTAMENTO,11,INEFICIENTE,68,TIPICO,False,False,False,energiai-v2-seed-42-size-5000
206.800000,False,6,CASA,1,EFICIENTE,4,TIPICO,False,False,False,energiai-v2-seed-42-size-5000
443.480000,True,15,CASA,12,INEFICIENTE,88,TIPICO,False,False,False,energiai-v2-seed-42-size-5000
272.380000,False,6,CASA,8,EFICIENTE,27,TIPICO,False,False,False,energiai-v2-seed-42-size-5000
284.400000,False,16,APARTAMENTO,8,INEFICIENTE,64,TIPICO,False,False,False,energiai-v2-seed-42-size-5000
212.230000,False,9,CASA,1,EFICIENTE,8,TIPICO,False,False,False,energiai-v2-seed-42-size-5000
289.830000,False,4,OUTRO,14,MODERADO,31,FRONTEIRA,True,False,False,energiai-v2-seed-42-size-5000
338.270000,False,20,OUTRO,6,MODERADO,34,TIPICO,False,False,False,energiai-v2-seed-42-size-5000
415.210000,False,24,ESCRITORIO,8,MODERADO,43,TIPICO,False,False,False,energiai-v2-seed-42-size-5000
351.230000,False,15,CASA,10,MODERADO,57,TIPICO,False,False,False,energiai-v2-seed-42-size-5000
459.620000,True,19,ESCRITORIO,9,MODERADO,55,TIPICO,False,False,False,energiai-v2-seed-42-size-5000
71.330000,True,3,APARTAMENTO,11,EFICIENTE,29,RARO_EXTREMO,False,True,True,energiai-v2-seed-42-size-5000
397.890000,True,13,ESCRITORIO,8,MODERADO,42,TIPICO,False,False,False,energiai-v2-seed-42-size-5000
323.560000,False,11,COMERCIO,7,EFICIENTE,25,TIPICO,False,False,False,energiai-v2-seed-42-size-5000
298.500000,False,16,APARTAMENTO,7,INEFICIENTE,63,TIPICO,False,False,False,energiai-v2-seed-42-size-5000
561.570000,True,26,OUTRO,8,INEFICIENTE,68,TIPICO,False,False,False,energiai-v2-seed-42-size-5000
369.760000,True,10,CASA,9,MODERADO,59,TIPICO,False,False,False,energiai-v2-seed-42-size-5000
262.390000,True,10,APARTAMENTO,7,MODERADO,55,TIPICO,False,False,False,energiai-v2-seed-42-size-5000
315.200000,True,13,APARTAMENTO,9,INEFICIENTE,78,TIPICO,False,False,False,energiai-v2-seed-42-size-5000
217.540000,False,7,CASA,2,EFICIENTE,8,TIPICO,False,False,False,energiai-v2-seed-42-size-5000
253.550000,True,7,CASA,3,EFICIENTE,24,TIPICO,False,False,False,energiai-v2-seed-42-size-5000
264.090000,False,11,COMERCIO,3,EFICIENTE,9,TIPICO,False,False,False,energiai-v2-seed-42-size-5000
497.840000,True,21,CASA,10,INEFICIENTE,99,TIPICO,False,False,False,energiai-v2-seed-42-size-5000
304.240000,False,9,CASA,7,MODERADO,33,TIPICO,False,False,False,energiai-v2-seed-42-size-5000
383.680000,False,11,OUTRO,15,MODERADO,47,TIPICO,False,False,False,energiai-v2-seed-42-size-5000
404.300000,True,16,CASA,9,INEFICIENTE,73,TIPICO,False,False,False,energiai-v2-seed-42-size-5000
411.300000,True,6,ESCRITORIO,13,MODERADO,50,TIPICO,False,False,False,energiai-v2-seed-42-size-5000
311.030000,True,9,CASA,7,MODERADO,43,TIPICO,False,False,False,energiai-v2-seed-42-size-5000
264.680000,True,9,APARTAMENTO,8,MODERADO,57,TIPICO,False,False,False,energiai-v2-seed-42-size-5000
644.270000,True,28,ESCRITORIO,14,INEFICIENTE,99,TIPICO,False,False,False,energiai-v2-seed-42-size-5000
409.450000,True,17,CASA,9,INEFICIENTE,75,TIPICO,False,False,False,energiai-v2-seed-42-size-5000
278.340000,True,8,APARTAMENTO,11,INEFICIENTE,67,TIPICO,False,False,False,energiai-v2-seed-42-size-5000
265.070000,False,13,CASA,4,EFICIENTE,26,TIPICO,False,False,False,energiai-v2-seed-42-size-5000
334.600000,False,25,COMERCIO,4,MODERADO,33,TIPICO,False,False,False,energiai-v2-seed-42-size-5000
269.420000,True,6,CASA,4,EFICIENTE,27,TIPICO,False,False,False,energiai-v2-seed-42-size-5000
277.320000,False,19,CASA,2,EFICIENTE,29,TIPICO,False,False,False,energiai-v2-seed-42-size-5000
309.940000,True,8,CASA,7,MODERADO,42,TIPICO,False,False,False,energiai-v2-seed-42-size-5000
489.420000,True,22,CASA,9,INEFICIENTE,96,TIPICO,False,False,False,energiai-v2-seed-42-size-5000
290.880000,False,18,APARTAMENTO,7,INEFICIENTE,65,TIPICO,False,False,False,energiai-v2-seed-42-size-5000
235.570000,False,12,CASA,2,EFICIENTE,16,TIPICO,False,False,False,energiai-v2-seed-42-size-5000
414.710000,True,18,CASA,8,INEFICIENTE,74,TIPICO,False,False,False,energiai-v2-seed-42-size-5000
745.320000,False,30,INDUSTRIA,15,MODERADO,46,TIPICO,False,False,False,energiai-v2-seed-42-size-5000
256.420000,False,9,CASA,2,EFICIENTE,15,TIPICO,False,False,False,energiai-v2-seed-42-size-5000
245.970000,False,12,CASA,1,EFICIENTE,15,TIPICO,False,False,False,energiai-v2-seed-42-size-5000
346.030000,False,17,CASA,6,MODERADO,47,TIPICO,False,False,False,energiai-v2-seed-42-size-5000
261.890000,False,6,CASA,9,EFICIENTE,28,TIPICO,False,False,False,energiai-v2-seed-42-size-5000
326.300000,False,11,COMERCIO,9,EFICIENTE,29,TIPICO,False,False,False,energiai-v2-seed-42-size-5000
446.370000,False,21,COMERCIO,12,INEFICIENTE,68,TIPICO,False,False,False,energiai-v2-seed-42-size-5000
426.950000,True,15,COMERCIO,12,INEFICIENTE,66,TIPICO,False,False,False,energiai-v2-seed-42-size-5000
492.160000,True,20,COMERCIO,13,INEFICIENTE,86,TIPICO,False,False,False,energiai-v2-seed-42-size-5000
363.650000,False,12,CASA,11,MODERADO,57,TIPICO,False,False,False,energiai-v2-seed-42-size-5000
700.970000,False,23,INDUSTRIA,16,MODERADO,41,TIPICO,False,False,False,energiai-v2-seed-42-size-5000
474.230000,True,19,CASA,10,INEFICIENTE,92,TIPICO,False,False,False,energiai-v2-seed-42-size-5000
355.900000,True,9,COMERCIO,6,MODERADO,34,TIPICO,False,False,False,energiai-v2-seed-42-size-5000
271.180000,False,22,ESCRITORIO,3,EFICIENTE,17,TIPICO,False,False,False,energiai-v2-seed-42-size-5000
211.550000,False,15,APARTAMENTO,2,EFICIENTE,29,TIPICO,False,False,False,energiai-v2-seed-42-size-5000
366.180000,False,9,COMERCIO,14,MODERADO,44,TIPICO,False,False,False,energiai-v2-seed-42-size-5000
360.400000,False,19,COMERCIO,9,MODERADO,43,TIPICO,False,False,False,energiai-v2-seed-42-size-5000
261.650000,True,14,APARTAMENTO,4,MODERADO,51,TIPICO,False,False,False,energiai-v2-seed-42-size-5000
230.850000,False,16,APARTAMENTO,2,MODERADO,33,TIPICO,False,False,False,energiai-v2-seed-42-size-5000
355.120000,False,26,ESCRITORIO,4,EFICIENTE,28,TIPICO,False,False,False,energiai-v2-seed-42-size-5000
319.710000,False,12,INDUSTRIA,7,EFICIENTE,6,TIPICO,False,False,False,energiai-v2-seed-42-size-5000
482.150000,True,20,CASA,12,INEFICIENTE,100,TIPICO,False,False,False,energiai-v2-seed-42-size-5000
648.670000,False,10,INDUSTRIA,20,MODERADO,37,TIPICO,False,False,False,energiai-v2-seed-42-size-5000
256.980000,True,16,APARTAMENTO,3,MODERADO,50,TIPICO,False,False,False,energiai-v2-seed-42-size-5000
262.280000,False,4,CASA,11,EFICIENTE,29,TIPICO,False,False,False,energiai-v2-seed-42-size-5000
268.370000,False,5,CASA,12,MODERADO,34,TIPICO,False,False,False,energiai-v2-seed-42-size-5000
217.410000,False,4,CASA,7,EFICIENTE,15,TIPICO,False,False,False,energiai-v2-seed-42-size-5000
368.220000,True,12,CASA,8,MODERADO,58,TIPICO,False,False,False,energiai-v2-seed-42-size-5000
394.240000,True,17,OUTRO,5,MODERADO,42,TIPICO,False,False,False,energiai-v2-seed-42-size-5000
308.450000,True,5,COMERCIO,5,EFICIENTE,22,TIPICO,False,False,False,energiai-v2-seed-42-size-5000
345.850000,False,8,COMERCIO,13,MODERADO,38,TIPICO,False,False,False,energiai-v2-seed-42-size-5000
442.960000,True,20,COMERCIO,10,INEFICIENTE,69,TIPICO,False,False,False,energiai-v2-seed-42-size-5000
310.490000,False,7,ESCRITORIO,13,MODERADO,32,TIPICO,False,False,False,energiai-v2-seed-42-size-5000
219.750000,True,3,APARTAMENTO,6,MODERADO,32,TIPICO,False,False,False,energiai-v2-seed-42-size-5000
485.090000,True,13,OUTRO,11,MODERADO,57,TIPICO,False,False,False,energiai-v2-seed-42-size-5000
496.610000,False,19,INDUSTRIA,9,EFICIENTE,19,TIPICO,False,False,False,energiai-v2-seed-42-size-5000
347.310000,True,10,CASA,8,MODERADO,52,TIPICO,False,False,False,energiai-v2-seed-42-size-5000
387.490000,True,18,APARTAMENTO,11,INEFICIENTE,100,TIPICO,False,False,False,energiai-v2-seed-42-size-5000
427.510000,True,19,CASA,8,INEFICIENTE,78,TIPICO,False,False,False,energiai-v2-seed-42-size-5000
256.140000,False,10,COMERCIO,2,EFICIENTE,5,TIPICO,False,False,False,energiai-v2-seed-42-size-5000
334.590000,True,13,APARTAMENTO,10,INEFICIENTE,86,TIPICO,False,False,False,energiai-v2-seed-42-size-5000
403.170000,True,16,CASA,10,INEFICIENTE,76,TIPICO,False,False,False,energiai-v2-seed-42-size-5000
422.930000,True,25,COMERCIO,6,MODERADO,60,TIPICO,False,False,False,energiai-v2-seed-42-size-5000
213.470000,False,16,APARTAMENTO,1,EFICIENTE,27,TIPICO,False,False,False,energiai-v2-seed-42-size-5000
329.070000,True,13,APARTAMENTO,10,INEFICIENTE,84,TIPICO,False,False,False,energiai-v2-seed-42-size-5000
334.890000,True,6,CASA,10,MODERADO,50,TIPICO,False,False,False,energiai-v2-seed-42-size-5000
735.380000,True,26,INDUSTRIA,10,MODERADO,43,TIPICO,False,False,False,energiai-v2-seed-42-size-5000
446.760000,True,15,CASA,12,INEFICIENTE,88,TIPICO,False,False,False,energiai-v2-seed-42-size-5000
262.920000,True,8,CASA,2,EFICIENTE,24,TIPICO,False,False,False,energiai-v2-seed-42-size-5000
300.270000,True,18,APARTAMENTO,4,INEFICIENTE,65,TIPICO,False,False,False,energiai-v2-seed-42-size-5000
348.370000,True,16,APARTAMENTO,8,INEFICIENTE,87,TIPICO,False,False,False,energiai-v2-seed-42-size-5000
147.880000,False,3,APARTAMENTO,1,EFICIENTE,0,TIPICO,False,False,False,energiai-v2-seed-42-size-5000
204.260000,False,3,APARTAMENTO,10,EFICIENTE,30,FRONTEIRA,True,False,False,energiai-v2-seed-42-size-5000
266.940000,True,15,APARTAMENTO,4,MODERADO,54,TIPICO,False,False,False,energiai-v2-seed-42-size-5000
333.950000,False,5,ESCRITORIO,2,EFICIENTE,10,RARO_EXTREMO,False,True,False,energiai-v2-seed-42-size-5000
291.970000,False,15,CASA,5,MODERADO,35,TIPICO,False,False,False,energiai-v2-seed-42-size-5000
341.900000,True,16,APARTAMENTO,9,INEFICIENTE,89,TIPICO,False,False,False,energiai-v2-seed-42-size-5000
819.900000,True,27,INDUSTRIA,13,MODERADO,52,TIPICO,False,False,False,energiai-v2-seed-42-size-5000
308.370000,True,15,CASA,4,MODERADO,43,TIPICO,False,False,False,energiai-v2-seed-42-size-5000
308.760000,False,20,COMERCIO,3,EFICIENTE,22,TIPICO,False,False,False,energiai-v2-seed-42-size-5000
320.880000,False,8,CASA,12,MODERADO,47,TIPICO,False,False,False,energiai-v2-seed-42-size-5000
245.070000,False,5,CASA,4,EFICIENTE,13,TIPICO,False,False,False,energiai-v2-seed-42-size-5000
378.770000,False,10,OUTRO,13,MODERADO,41,TIPICO,False,False,False,energiai-v2-seed-42-size-5000
221.090000,False,6,APARTAMENTO,7,MODERADO,31,FRONTEIRA,True,False,False,energiai-v2-seed-42-size-5000
345.090000,True,17,CASA,3,MODERADO,47,TIPICO,False,False,False,energiai-v2-seed-42-size-5000
528.870000,True,17,OUTRO,10,INEFICIENTE,62,TIPICO,False,False,False,energiai-v2-seed-42-size-5000
292.870000,True,4,CASA,8,MODERADO,36,TIPICO,False,False,False,energiai-v2-seed-42-size-5000
650.880000,True,9,INDUSTRIA,15,MODERADO,37,TIPICO,False,False,False,energiai-v2-seed-42-size-5000
362.080000,False,21,COMERCIO,7,MODERADO,41,TIPICO,False,False,False,energiai-v2-seed-42-size-5000
191.640000,False,6,APARTAMENTO,5,EFICIENTE,20,TIPICO,False,False,False,energiai-v2-seed-42-size-5000
313.310000,True,7,CASA,0,EFICIENTE,26,RARO_EXTREMO,False,True,False,energiai-v2-seed-42-size-5000
361.480000,False,12,CASA,11,MODERADO,57,TIPICO,False,False,False,energiai-v2-seed-42-size-5000
468.920000,True,12,ESCRITORIO,13,INEFICIENTE,61,TIPICO,False,False,False,energiai-v2-seed-42-size-5000
351.620000,True,14,CASA,5,MODERADO,50,TIPICO,False,False,False,energiai-v2-seed-42-size-5000
342.250000,True,18,CASA,2,MODERADO,45,TIPICO,False,False,False,energiai-v2-seed-42-size-5000
183.390000,False,12,APARTAMENTO,1,EFICIENTE,17,TIPICO,False,False,False,energiai-v2-seed-42-size-5000
348.140000,False,20,CASA,6,MODERADO,52,TIPICO,False,False,False,energiai-v2-seed-42-size-5000
209.950000,False,12,APARTAMENTO,3,EFICIENTE,27,TIPICO,False,False,False,energiai-v2-seed-42-size-5000
298.770000,False,30,ESCRITORIO,3,EFICIENTE,24,TIPICO,False,False,False,energiai-v2-seed-42-size-5000
525.780000,True,22,COMERCIO,13,INEFICIENTE,95,TIPICO,False,False,False,energiai-v2-seed-42-size-5000
190.240000,False,12,APARTAMENTO,0,EFICIENTE,18,RARO_EXTREMO,False,True,False,energiai-v2-seed-42-size-5000
261.460000,False,12,APARTAMENTO,9,MODERADO,55,TIPICO,False,False,False,energiai-v2-seed-42-size-5000
334.280000,False,10,CASA,12,MODERADO,52,TIPICO,False,False,False,energiai-v2-seed-42-size-5000
576.130000,False,9,CASA,5,MODERADO,59,RARO_EXTREMO,False,True,True,energiai-v2-seed-42-size-5000
369.380000,True,20,CASA,2,MODERADO,51,TIPICO,False,False,False,energiai-v2-seed-42-size-5000
247.410000,False,11,CASA,2,EFICIENTE,16,TIPICO,False,False,False,energiai-v2-seed-42-size-5000
304.060000,False,7,CASA,12,MODERADO,43,TIPICO,False,False,False,energiai-v2-seed-42-size-5000
248.230000,False,17,APARTAMENTO,3,MODERADO,41,TIPICO,False,False,False,energiai-v2-seed-42-size-5000
335.070000,False,12,COMERCIO,9,MODERADO,32,TIPICO,False,False,False,energiai-v2-seed-42-size-5000
232.890000,False,16,APARTAMENTO,2,MODERADO,34,TIPICO,False,False,False,energiai-v2-seed-42-size-5000
295.480000,True,8,APARTAMENTO,11,INEFICIENTE,71,TIPICO,False,False,False,energiai-v2-seed-42-size-5000
338.110000,True,11,CASA,9,MODERADO,55,TIPICO,False,False,False,energiai-v2-seed-42-size-5000
362.290000,False,25,ESCRITORIO,5,MODERADO,31,TIPICO,False,False,False,energiai-v2-seed-42-size-5000
275.340000,True,7,APARTAMENTO,10,INEFICIENTE,61,FRONTEIRA,True,False,False,energiai-v2-seed-42-size-5000
253.570000,False,13,CASA,2,EFICIENTE,19,TIPICO,False,False,False,energiai-v2-seed-42-size-5000
468.470000,True,20,CASA,9,INEFICIENTE,89,TIPICO,False,False,False,energiai-v2-seed-42-size-5000
197.570000,False,11,APARTAMENTO,2,EFICIENTE,21,TIPICO,False,False,False,energiai-v2-seed-42-size-5000
271.380000,True,10,APARTAMENTO,7,MODERADO,56,TIPICO,False,False,False,energiai-v2-seed-42-size-5000
277.220000,False,14,COMERCIO,2,EFICIENTE,11,TIPICO,False,False,False,energiai-v2-seed-42-size-5000
666.380000,True,34,ESCRITORIO,14,INEFICIENTE,100,TIPICO,False,False,False,energiai-v2-seed-42-size-5000
1256.300000,True,44,INDUSTRIA,18,INEFICIENTE,95,TIPICO,False,False,False,energiai-v2-seed-42-size-5000
251.940000,True,14,APARTAMENTO,2,MODERADO,43,TIPICO,False,False,False,energiai-v2-seed-42-size-5000
671.480000,False,28,OUTRO,14,INEFICIENTE,85,TIPICO,False,False,False,energiai-v2-seed-42-size-5000
258.400000,True,8,APARTAMENTO,6,MODERADO,48,TIPICO,False,False,False,energiai-v2-seed-42-size-5000
344.540000,True,13,APARTAMENTO,11,INEFICIENTE,92,TIPICO,False,False,False,energiai-v2-seed-42-size-5000
218.770000,True,4,APARTAMENTO,5,MODERADO,31,TIPICO,False,False,False,energiai-v2-seed-42-size-5000
410.350000,False,14,COMERCIO,14,MODERADO,58,TIPICO,False,False,False,energiai-v2-seed-42-size-5000
304.480000,True,8,APARTAMENTO,10,INEFICIENTE,69,TIPICO,False,False,False,energiai-v2-seed-42-size-5000
253.150000,False,12,CASA,4,EFICIENTE,23,TIPICO,False,False,False,energiai-v2-seed-42-size-5000
361.650000,True,12,COMERCIO,8,MODERADO,42,TIPICO,False,False,False,energiai-v2-seed-42-size-5000
562.800000,True,28,OUTRO,6,INEFICIENTE,65,TIPICO,False,False,False,energiai-v2-seed-42-size-5000
369.890000,True,18,APARTAMENTO,8,INEFICIENTE,95,TIPICO,False,False,False,energiai-v2-seed-42-size-5000
481.530000,False,27,ESCRITORIO,12,INEFICIENTE,65,TIPICO,False,False,False,energiai-v2-seed-42-size-5000
199.320000,False,6,CASA,2,EFICIENTE,5,TIPICO,False,False,False,energiai-v2-seed-42-size-5000
311.980000,False,10,COMERCIO,5,EFICIENTE,18,TIPICO,False,False,False,energiai-v2-seed-42-size-5000
297.840000,False,11,COMERCIO,6,EFICIENTE,19,TIPICO,False,False,False,energiai-v2-seed-42-size-5000
379.240000,True,22,CASA,4,INEFICIENTE,61,FRONTEIRA,True,False,False,energiai-v2-seed-42-size-5000
329.340000,False,13,ESCRITORIO,10,MODERADO,32,TIPICO,False,False,False,energiai-v2-seed-42-size-5000
225.760000,False,6,CASA,5,EFICIENTE,14,TIPICO,False,False,False,energiai-v2-seed-42-size-5000
376.390000,False,22,CASA,7,INEFICIENTE,62,TIPICO,False,False,False,energiai-v2-seed-42-size-5000
259.420000,True,8,APARTAMENTO,6,MODERADO,48,TIPICO,False,False,False,energiai-v2-seed-42-size-5000
262.650000,False,5,COMERCIO,4,EFICIENTE,5,TIPICO,False,False,False,energiai-v2-seed-42-size-5000
159.280000,False,8,APARTAMENTO,3,EFICIENTE,13,TIPICO,False,False,False,energiai-v2-seed-42-size-5000
487.310000,True,30,ESCRITORIO,8,INEFICIENTE,64,TIPICO,False,False,False,energiai-v2-seed-42-size-5000
212.390000,False,10,APARTAMENTO,4,EFICIENTE,28,TIPICO,False,False,False,energiai-v2-seed-42-size-5000
606.620000,False,41,INDUSTRIA,5,EFICIENTE,27,TIPICO,False,False,False,energiai-v2-seed-42-size-5000
417.030000,True,10,CASA,12,INEFICIENTE,75,TIPICO,False,False,False,energiai-v2-seed-42-size-5000
360.340000,True,13,CASA,6,MODERADO,53,TIPICO,False,False,False,energiai-v2-seed-42-size-5000
489.360000,True,21,COMERCIO,11,INEFICIENTE,81,TIPICO,False,False,False,energiai-v2-seed-42-size-5000
457.170000,True,16,CASA,12,INEFICIENTE,92,TIPICO,False,False,False,energiai-v2-seed-42-size-5000
507.730000,True,20,CASA,12,INEFICIENTE,100,TIPICO,False,False,False,energiai-v2-seed-42-size-5000
321.260000,True,15,APARTAMENTO,9,INEFICIENTE,83,TIPICO,False,False,False,energiai-v2-seed-42-size-5000
273.620000,True,12,APARTAMENTO,5,MODERADO,54,TIPICO,False,False,False,energiai-v2-seed-42-size-5000
473.080000,True,23,COMERCIO,11,INEFICIENTE,81,TIPICO,False,False,False,energiai-v2-seed-42-size-5000
365.090000,True,17,APARTAMENTO,9,INEFICIENTE,96,TIPICO,False,False,False,energiai-v2-seed-42-size-5000
320.580000,False,29,ESCRITORIO,3,EFICIENTE,25,TIPICO,False,False,False,energiai-v2-seed-42-size-5000
513.100000,True,21,CASA,12,INEFICIENTE,100,TIPICO,False,False,False,energiai-v2-seed-42-size-5000
232.190000,False,17,ESCRITORIO,3,EFICIENTE,11,TIPICO,False,False,False,energiai-v2-seed-42-size-5000
178.440000,False,7,APARTAMENTO,1,EFICIENTE,10,TIPICO,False,False,False,energiai-v2-seed-42-size-5000
246.600000,True,4,APARTAMENTO,8,MODERADO,44,TIPICO,False,False,False,energiai-v2-seed-42-size-5000
240.010000,False,6,COMERCIO,2,EFICIENTE,0,TIPICO,False,False,False,energiai-v2-seed-42-size-5000
248.290000,False,16,ESCRITORIO,3,EFICIENTE,11,TIPICO,False,False,False,energiai-v2-seed-42-size-5000
439.550000,True,7,OUTRO,14,MODERADO,54,TIPICO,False,False,False,energiai-v2-seed-42-size-5000
240.470000,True,9,APARTAMENTO,5,MODERADO,43,TIPICO,False,False,False,energiai-v2-seed-42-size-5000
384.970000,False,15,OUTRO,10,MODERADO,41,TIPICO,False,False,False,energiai-v2-seed-42-size-5000
362.920000,True,10,COMERCIO,7,MODERADO,38,TIPICO,False,False,False,energiai-v2-seed-42-size-5000
715.070000,True,11,INDUSTRIA,13,MODERADO,38,TIPICO,False,False,False,energiai-v2-seed-42-size-5000
204.480000,False,5,APARTAMENTO,7,EFICIENTE,26,TIPICO,False,False,False,energiai-v2-seed-42-size-5000
340.460000,False,20,CASA,6,MODERADO,51,TIPICO,False,False,False,energiai-v2-seed-42-size-5000
184.510000,False,9,APARTAMENTO,3,EFICIENTE,19,TIPICO,False,False,False,energiai-v2-seed-42-size-5000
144.690000,False,6,APARTAMENTO,1,EFICIENTE,4,TIPICO,False,False,False,energiai-v2-seed-42-size-5000
450.140000,False,26,COMERCIO,11,INEFICIENTE,71,TIPICO,False,False,False,energiai-v2-seed-42-size-5000
156.320000,False,8,APARTAMENTO,1,EFICIENTE,8,TIPICO,False,False,False,energiai-v2-seed-42-size-5000
308.370000,True,11,APARTAMENTO,10,INEFICIENTE,76,TIPICO,False,False,False,energiai-v2-seed-42-size-5000
176.920000,False,7,APARTAMENTO,2,EFICIENTE,12,TIPICO,False,False,False,energiai-v2-seed-42-size-5000
243.150000,True,12,APARTAMENTO,3,MODERADO,42,TIPICO,False,False,False,energiai-v2-seed-42-size-5000
352.090000,True,10,CASA,7,MODERADO,50,TIPICO,False,False,False,energiai-v2-seed-42-size-5000
320.570000,False,11,CASA,11,MODERADO,49,TIPICO,False,False,False,energiai-v2-seed-42-size-5000
511.490000,True,22,COMERCIO,12,INEFICIENTE,89,TIPICO,False,False,False,energiai-v2-seed-42-size-5000
298.900000,False,13,CASA,6,MODERADO,35,TIPICO,False,False,False,energiai-v2-seed-42-size-5000
943.400000,True,25,INDUSTRIA,17,INEFICIENTE,65,TIPICO,False,False,False,energiai-v2-seed-42-size-5000
370.600000,False,15,COMERCIO,8,MODERADO,38,TIPICO,False,False,False,energiai-v2-seed-42-size-5000
313.860000,False,20,CASA,2,MODERADO,35,TIPICO,False,False,False,energiai-v2-seed-42-size-5000
544.230000,True,24,COMERCIO,13,INEFICIENTE,100,TIPICO,False,False,False,energiai-v2-seed-42-size-5000
408.780000,True,12,CASA,11,INEFICIENTE,74,TIPICO,False,False,False,energiai-v2-seed-42-size-5000
338.190000,True,16,APARTAMENTO,9,INEFICIENTE,88,TIPICO,False,False,False,energiai-v2-seed-42-size-5000
352.860000,True,17,APARTAMENTO,9,INEFICIENTE,93,TIPICO,False,False,False,energiai-v2-seed-42-size-5000
234.610000,False,15,CASA,2,EFICIENTE,20,TIPICO,False,False,False,energiai-v2-seed-42-size-5000
606.740000,True,26,ESCRITORIO,13,INEFICIENTE,89,TIPICO,False,False,False,energiai-v2-seed-42-size-5000
421.900000,True,26,OUTRO,1,MODERADO,42,TIPICO,False,False,False,energiai-v2-seed-42-size-5000
302.460000,True,9,APARTAMENTO,10,INEFICIENTE,71,TIPICO,False,False,False,energiai-v2-seed-42-size-5000
265.970000,True,12,APARTAMENTO,6,MODERADO,56,TIPICO,False,False,False,energiai-v2-seed-42-size-5000
196.830000,False,9,APARTAMENTO,5,EFICIENTE,26,TIPICO,False,False,False,energiai-v2-seed-42-size-5000
344.930000,True,15,APARTAMENTO,11,INEFICIENTE,96,TIPICO,False,False,False,energiai-v2-seed-42-size-5000
71.330000,True,7,APARTAMENTO,9,MODERADO,32,RARO_EXTREMO,False,True,True,energiai-v2-seed-42-size-5000
693.730000,True,31,ESCRITORIO,14,INEFICIENTE,100,TIPICO,False,False,False,energiai-v2-seed-42-size-5000
266.950000,False,8,COMERCIO,2,EFICIENTE,5,TIPICO,False,False,False,energiai-v2-seed-42-size-5000
386.810000,False,28,ESCRITORIO,7,MODERADO,41,TIPICO,False,False,False,energiai-v2-seed-42-size-5000
365.610000,True,13,CASA,9,INEFICIENTE,62,TIPICO,False,False,False,energiai-v2-seed-42-size-5000
206.040000,False,17,APARTAMENTO,1,EFICIENTE,28,TIPICO,False,False,False,energiai-v2-seed-42-size-5000
253.360000,False,5,COMERCIO,2,EFICIENTE,1,TIPICO,False,False,False,energiai-v2-seed-42-size-5000
325.620000,True,5,COMERCIO,7,EFICIENTE,28,TIPICO,False,False,False,energiai-v2-seed-42-size-5000
371.420000,True,18,APARTAMENTO,10,INEFICIENTE,100,TIPICO,False,False,False,energiai-v2-seed-42-size-5000
261.020000,False,9,CASA,4,EFICIENTE,20,TIPICO,False,False,False,energiai-v2-seed-42-size-5000
403.810000,True,14,COMERCIO,9,MODERADO,53,TIPICO,False,False,False,energiai-v2-seed-42-size-5000
200.910000,False,11,APARTAMENTO,2,EFICIENTE,22,TIPICO,False,False,False,energiai-v2-seed-42-size-5000
199.700000,False,5,OUTRO,7,EFICIENTE,15,TIPICO,False,False,False,energiai-v2-seed-42-size-5000
320.400000,False,23,COMERCIO,2,EFICIENTE,24,TIPICO,False,False,False,energiai-v2-seed-42-size-5000
340.340000,True,16,APARTAMENTO,10,INEFICIENTE,93,TIPICO,False,False,False,energiai-v2-seed-42-size-5000
555.870000,True,26,COMERCIO,14,INEFICIENTE,100,TIPICO,False,False,False,energiai-v2-seed-42-size-5000
205.440000,True,8,APARTAMENTO,3,EFICIENTE,30,FRONTEIRA,True,False,False,energiai-v2-seed-42-size-5000
166.510000,False,5,APARTAMENTO,19,EFICIENTE,29,RARO_EXTREMO,False,True,True,energiai-v2-seed-42-size-5000
814.030000,False,16,INDUSTRIA,20,MODERADO,49,TIPICO,False,False,False,energiai-v2-seed-42-size-5000
347.580000,True,16,APARTAMENTO,9,INEFICIENTE,90,TIPICO,False,False,False,energiai-v2-seed-42-size-5000
241.690000,False,16,APARTAMENTO,4,MODERADO,42,TIPICO,False,False,False,energiai-v2-seed-42-size-5000
247.020000,False,8,CASA,6,EFICIENTE,22,TIPICO,False,False,False,energiai-v2-seed-42-size-5000
313.450000,True,12,APARTAMENTO,8,INEFICIENTE,72,TIPICO,False,False,False,energiai-v2-seed-42-size-5000
268.390000,False,5,CASA,9,EFICIENTE,27,TIPICO,False,False,False,energiai-v2-seed-42-size-5000
274.070000,True,6,CASA,5,EFICIENTE,29,TIPICO,False,False,False,energiai-v2-seed-42-size-5000
210.330000,False,7,CASA,3,EFICIENTE,10,TIPICO,False,False,False,energiai-v2-seed-42-size-5000
274.000000,True,10,APARTAMENTO,8,MODERADO,60,FRONTEIRA,True,False,False,energiai-v2-seed-42-size-5000
213.080000,True,9,APARTAMENTO,2,EFICIENTE,30,FRONTEIRA,True,False,False,energiai-v2-seed-42-size-5000
388.230000,True,10,CASA,11,INEFICIENTE,67,TIPICO,False,False,False,energiai-v2-seed-42-size-5000
518.990000,True,29,OUTRO,4,MODERADO,58,TIPICO,False,False,False,energiai-v2-seed-42-size-5000
175.260000,False,5,APARTAMENTO,4,EFICIENTE,14,TIPICO,False,False,False,energiai-v2-seed-42-size-5000
312.390000,False,13,APARTAMENTO,10,INEFICIENTE,72,TIPICO,False,False,False,energiai-v2-seed-42-size-5000
316.370000,True,17,APARTAMENTO,7,INEFICIENTE,78,TIPICO,False,False,False,energiai-v2-seed-42-size-5000
308.010000,False,16,ESCRITORIO,5,EFICIENTE,20,TIPICO,False,False,False,energiai-v2-seed-42-size-5000
335.780000,True,12,CASA,5,MODERADO,45,TIPICO,False,False,False,energiai-v2-seed-42-size-5000
472.900000,True,15,COMERCIO,14,INEFICIENTE,80,TIPICO,False,False,False,energiai-v2-seed-42-size-5000
299.670000,False,15,COMERCIO,3,EFICIENTE,17,TIPICO,False,False,False,energiai-v2-seed-42-size-5000
186.920000,False,8,APARTAMENTO,2,EFICIENTE,15,TIPICO,False,False,False,energiai-v2-seed-42-size-5000
417.550000,True,13,ESCRITORIO,11,MODERADO,52,TIPICO,False,False,False,energiai-v2-seed-42-size-5000
329.780000,False,16,OUTRO,5,EFICIENTE,28,TIPICO,False,False,False,energiai-v2-seed-42-size-5000
337.960000,True,15,APARTAMENTO,10,INEFICIENTE,90,TIPICO,False,False,False,energiai-v2-seed-42-size-5000
430.720000,True,16,COMERCIO,9,MODERADO,60,TIPICO,False,False,False,energiai-v2-seed-42-size-5000
232.180000,False,5,APARTAMENTO,10,MODERADO,39,TIPICO,False,False,False,energiai-v2-seed-42-size-5000
198.260000,False,11,APARTAMENTO,1,EFICIENTE,18,TIPICO,False,False,False,energiai-v2-seed-42-size-5000
251.160000,False,9,APARTAMENTO,9,MODERADO,48,TIPICO,False,False,False,energiai-v2-seed-42-size-5000
221.950000,False,6,CASA,4,EFICIENTE,12,TIPICO,False,False,False,energiai-v2-seed-42-size-5000
302.090000,False,10,COMERCIO,5,EFICIENTE,17,TIPICO,False,False,False,energiai-v2-seed-42-size-5000
231.260000,False,5,OUTRO,6,EFICIENTE,15,TIPICO,False,False,False,energiai-v2-seed-42-size-5000
319.940000,True,11,APARTAMENTO,11,INEFICIENTE,82,TIPICO,False,False,False,energiai-v2-seed-42-size-5000
378.250000,False,15,COMERCIO,11,MODERADO,47,TIPICO,False,False,False,energiai-v2-seed-42-size-5000
293.950000,True,13,APARTAMENTO,6,INEFICIENTE,63,TIPICO,False,False,False,energiai-v2-seed-42-size-5000
230.610000,True,4,APARTAMENTO,6,MODERADO,36,TIPICO,False,False,False,energiai-v2-seed-42-size-5000
257.420000,True,5,APARTAMENTO,9,MODERADO,51,TIPICO,False,False,False,energiai-v2-seed-42-size-5000
271.800000,True,5,APARTAMENTO,11,MODERADO,59,TIPICO,False,False,False,energiai-v2-seed-42-size-5000
868.270000,True,30,INDUSTRIA,10,MODERADO,50,TIPICO,False,False,False,energiai-v2-seed-42-size-5000
424.330000,True,18,CASA,9,INEFICIENTE,79,TIPICO,False,False,False,energiai-v2-seed-42-size-5000
385.270000,True,10,CASA,11,INEFICIENTE,67,TIPICO,False,False,False,energiai-v2-seed-42-size-5000
284.100000,False,6,CASA,10,MODERADO,33,TIPICO,False,False,False,energiai-v2-seed-42-size-5000
326.540000,True,7,COMERCIO,7,EFICIENTE,30,TIPICO,False,False,False,energiai-v2-seed-42-size-5000
382.040000,False,12,CASA,12,INEFICIENTE,63,TIPICO,False,False,False,energiai-v2-seed-42-size-5000
340.480000,False,23,COMERCIO,4,MODERADO,32,TIPICO,False,False,False,energiai-v2-seed-42-size-5000
423.080000,True,18,APARTAMENTO,2,INEFICIENTE,74,RARO_EXTREMO,False,True,True,energiai-v2-seed-42-size-5000
231.510000,False,8,APARTAMENTO,7,MODERADO,36,TIPICO,False,False,False,energiai-v2-seed-42-size-5000
253.390000,True,6,APARTAMENTO,7,MODERADO,46,TIPICO,False,False,False,energiai-v2-seed-42-size-5000
499.430000,True,20,CASA,12,INEFICIENTE,100,TIPICO,False,False,False,energiai-v2-seed-42-size-5000
445.270000,True,28,COMERCIO,5,INEFICIENTE,63,TIPICO,False,False,False,energiai-v2-seed-42-size-5000
430.980000,True,24,ESCRITORIO,5,MODERADO,45,TIPICO,False,False,False,energiai-v2-seed-42-size-5000
274.790000,False,14,APARTAMENTO,7,MODERADO,55,TIPICO,False,False,False,energiai-v2-seed-42-size-5000
186.420000,False,9,CASA,1,EFICIENTE,5,TIPICO,False,False,False,energiai-v2-seed-42-size-5000
278.680000,False,5,COMERCIO,6,EFICIENTE,11,TIPICO,False,False,False,energiai-v2-seed-42-size-5000
578.090000,False,34,ESCRITORIO,12,INEFICIENTE,81,TIPICO,False,False,False,energiai-v2-seed-42-size-5000
468.100000,True,19,CASA,11,INEFICIENTE,95,TIPICO,False,False,False,energiai-v2-seed-42-size-5000
485.640000,True,20,COMERCIO,14,INEFICIENTE,88,TIPICO,False,False,False,energiai-v2-seed-42-size-5000
293.580000,True,7,APARTAMENTO,10,INEFICIENTE,65,TIPICO,False,False,False,energiai-v2-seed-42-size-5000
241.450000,True,4,CASA,5,EFICIENTE,23,TIPICO,False,False,False,energiai-v2-seed-42-size-5000
349.620000,True,15,APARTAMENTO,9,INEFICIENTE,89,TIPICO,False,False,False,energiai-v2-seed-42-size-5000
270.920000,True,7,APARTAMENTO,9,MODERADO,57,TIPICO,False,False,False,energiai-v2-seed-42-size-5000
284.020000,True,10,APARTAMENTO,8,INEFICIENTE,62,TIPICO,False,False,False,energiai-v2-seed-42-size-5000
1272.510000,True,49,INDUSTRIA,17,INEFICIENTE,97,TIPICO,False,False,False,energiai-v2-seed-42-size-5000
332.880000,True,14,APARTAMENTO,9,INEFICIENTE,83,TIPICO,False,False,False,energiai-v2-seed-42-size-5000
265.850000,True,14,APARTAMENTO,3,MODERADO,49,TIPICO,False,False,False,energiai-v2-seed-42-size-5000
382.370000,True,11,ESCRITORIO,8,MODERADO,39,TIPICO,False,False,False,energiai-v2-seed-42-size-5000
212.400000,True,3,APARTAMENTO,6,MODERADO,31,FRONTEIRA,True,False,False,energiai-v2-seed-42-size-5000
389.950000,False,13,COMERCIO,12,MODERADO,49,TIPICO,False,False,False,energiai-v2-seed-42-size-5000
411.840000,True,24,ESCRITORIO,6,MODERADO,46,TIPICO,False,False,False,energiai-v2-seed-42-size-5000
318.900000,True,12,APARTAMENTO,9,INEFICIENTE,77,TIPICO,False,False,False,energiai-v2-seed-42-size-5000
315.170000,True,6,CASA,9,MODERADO,45,TIPICO,False,False,False,energiai-v2-seed-42-size-5000
300.210000,False,7,CASA,12,MODERADO,42,TIPICO,False,False,False,energiai-v2-seed-42-size-5000
208.400000,False,4,APARTAMENTO,10,MODERADO,33,TIPICO,False,False,False,energiai-v2-seed-42-size-5000
211.130000,True,3,APARTAMENTO,4,EFICIENTE,26,TIPICO,False,False,False,energiai-v2-seed-42-size-5000
266.670000,True,8,APARTAMENTO,8,MODERADO,55,TIPICO,False,False,False,energiai-v2-seed-42-size-5000
358.100000,False,15,CASA,11,INEFICIENTE,61,TIPICO,False,False,False,energiai-v2-seed-42-size-5000
327.160000,True,15,APARTAMENTO,9,INEFICIENTE,84,TIPICO,False,False,False,energiai-v2-seed-42-size-5000
399.560000,True,11,CASA,11,INEFICIENTE,71,TIPICO,False,False,False,energiai-v2-seed-42-size-5000
192.040000,False,14,APARTAMENTO,1,EFICIENTE,21,TIPICO,False,False,False,energiai-v2-seed-42-size-5000
336.000000,True,18,CASA,3,MODERADO,47,TIPICO,False,False,False,energiai-v2-seed-42-size-5000
299.340000,False,7,CASA,11,MODERADO,40,TIPICO,False,False,False,energiai-v2-seed-42-size-5000
232.670000,False,14,APARTAMENTO,3,MODERADO,34,TIPICO,False,False,False,energiai-v2-seed-42-size-5000
253.320000,False,10,CASA,5,EFICIENTE,23,TIPICO,False,False,False,energiai-v2-seed-42-size-5000
536.860000,True,28,COMERCIO,11,INEFICIENTE,98,TIPICO,False,False,False,energiai-v2-seed-42-size-5000
265.350000,True,10,APARTAMENTO,7,MODERADO,55,TIPICO,False,False,False,energiai-v2-seed-42-size-5000
344.280000,False,10,CASA,11,MODERADO,51,TIPICO,False,False,False,energiai-v2-seed-42-size-5000
467.970000,True,18,COMERCIO,14,INEFICIENTE,83,TIPICO,False,False,False,energiai-v2-seed-42-size-5000
214.360000,False,9,CASA,2,EFICIENTE,10,TIPICO,False,False,False,energiai-v2-seed-42-size-5000
222.880000,False,8,APARTAMENTO,8,MODERADO,37,TIPICO,False,False,False,energiai-v2-seed-42-size-5000
233.920000,False,16,APARTAMENTO,3,MODERADO,37,TIPICO,False,False,False,energiai-v2-seed-42-size-5000
235.900000,True,6,APARTAMENTO,6,MODERADO,40,TIPICO,False,False,False,energiai-v2-seed-42-size-5000
353.860000,False,24,COMERCIO,5,MODERADO,37,TIPICO,False,False,False,energiai-v2-seed-42-size-5000
381.670000,True,10,ESCRITORIO,9,MODERADO,41,TIPICO,False,False,False,energiai-v2-seed-42-size-5000
199.530000,True,8,APARTAMENTO,2,EFICIENTE,26,TIPICO,False,False,False,energiai-v2-seed-42-size-5000
268.780000,True,6,CASA,3,EFICIENTE,24,TIPICO,False,False,False,energiai-v2-seed-42-size-5000
242.070000,False,18,APARTAMENTO,3,MODERADO,41,TIPICO,False,False,False,energiai-v2-seed-42-size-5000
270.220000,False,10,APARTAMENTO,10,MODERADO,57,TIPICO,False,False,False,energiai-v2-seed-42-size-5000
377.440000,True,3,COMERCIO,9,MODERADO,39,RARO_EXTREMO,False,True,False,energiai-v2-seed-42-size-5000
300.820000,False,9,CASA,7,MODERADO,33,TIPICO,False,False,False,energiai-v2-seed-42-size-5000
326.490000,True,15,CASA,2,MODERADO,39,TIPICO,False,False,False,energiai-v2-seed-42-size-5000
212.360000,False,2,APARTAMENTO,7,EFICIENTE,24,RARO_EXTREMO,False,True,False,energiai-v2-seed-42-size-5000
790.100000,False,39,INDUSTRIA,11,MODERADO,45,TIPICO,False,False,False,energiai-v2-seed-42-size-5000
532.280000,True,23,ESCRITORIO,11,INEFICIENTE,72,TIPICO,False,False,False,energiai-v2-seed-42-size-5000
377.470000,True,20,ESCRITORIO,5,MODERADO,38,TIPICO,False,False,False,energiai-v2-seed-42-size-5000
267.360000,False,17,APARTAMENTO,5,MODERADO,52,TIPICO,False,False,False,energiai-v2-seed-42-size-5000
277.010000,True,6,CASA,4,EFICIENTE,28,TIPICO,False,False,False,energiai-v2-seed-42-size-5000
327.320000,False,15,COMERCIO,7,EFICIENTE,29,TIPICO,False,False,False,energiai-v2-seed-42-size-5000
376.410000,False,16,CASA,9,MODERADO,60,FRONTEIRA,True,False,False,energiai-v2-seed-42-size-5000
462.910000,True,4,OUTRO,15,MODERADO,55,TIPICO,False,False,False,energiai-v2-seed-42-size-5000
264.440000,True,13,APARTAMENTO,2,MODERADO,44,TIPICO,False,False,False,energiai-v2-seed-42-size-5000
234.770000,False,12,CASA,2,EFICIENTE,16,TIPICO,False,False,False,energiai-v2-seed-42-size-5000
188.450000,False,6,APARTAMENTO,2,EFICIENTE,12,TIPICO,False,False,False,energiai-v2-seed-42-size-5000
783.710000,True,48,INDUSTRIA,5,MODERADO,46,TIPICO,False,False,False,energiai-v2-seed-42-size-5000
519.960000,True,22,CASA,12,INEFICIENTE,100,TIPICO,False,False,False,energiai-v2-seed-42-size-5000
369.340000,True,9,CASA,11,INEFICIENTE,63,TIPICO,False,False,False,energiai-v2-seed-42-size-5000
319.090000,True,11,CASA,4,MODERADO,39,TIPICO,False,False,False,energiai-v2-seed-42-size-5000
362.330000,False,13,CASA,11,MODERADO,59,TIPICO,False,False,False,energiai-v2-seed-42-size-5000
605.570000,False,23,INDUSTRIA,10,EFICIENTE,27,TIPICO,False,False,False,energiai-v2-seed-42-size-5000
324.670000,False,12,ESCRITORIO,8,EFICIENTE,26,TIPICO,False,False,False,energiai-v2-seed-42-size-5000
185.570000,False,7,APARTAMENTO,5,EFICIENTE,21,TIPICO,False,False,False,energiai-v2-seed-42-size-5000
426.620000,True,19,COMERCIO,9,INEFICIENTE,62,TIPICO,False,False,False,energiai-v2-seed-42-size-5000
513.290000,False,31,ESCRITORIO,11,INEFICIENTE,68,TIPICO,False,False,False,energiai-v2-seed-42-size-5000
320.480000,True,17,CASA,2,MODERADO,41,TIPICO,False,False,False,energiai-v2-seed-42-size-5000
1358.360000,True,45,INDUSTRIA,20,INEFICIENTE,100,TIPICO,False,False,False,energiai-v2-seed-42-size-5000
389.800000,False,24,COMERCIO,7,MODERADO,48,TIPICO,False,False,False,energiai-v2-seed-42-size-5000
343.990000,True,12,CASA,8,MODERADO,55,TIPICO,False,False,False,energiai-v2-seed-42-size-5000
576.130000,False,4,CASA,5,MODERADO,52,RARO_EXTREMO,False,True,True,energiai-v2-seed-42-size-5000
215.520000,False,8,APARTAMENTO,6,MODERADO,31,FRONTEIRA,True,False,False,energiai-v2-seed-42-size-5000
253.490000,False,13,APARTAMENTO,8,MODERADO,52,TIPICO,False,False,False,energiai-v2-seed-42-size-5000
263.440000,True,8,CASA,2,EFICIENTE,24,TIPICO,False,False,False,energiai-v2-seed-42-size-5000
377.220000,True,18,CASA,5,MODERADO,59,TIPICO,False,False,False,energiai-v2-seed-42-size-5000
333.750000,True,22,CASA,0,MODERADO,45,RARO_EXTREMO,False,True,False,energiai-v2-seed-42-size-5000
285.460000,True,15,APARTAMENTO,6,INEFICIENTE,64,TIPICO,False,False,False,energiai-v2-seed-42-size-5000
390.530000,True,9,CASA,12,INEFICIENTE,69,TIPICO,False,False,False,energiai-v2-seed-42-size-5000
155.300000,False,3,APARTAMENTO,3,EFICIENTE,5,TIPICO,False,False,False,energiai-v2-seed-42-size-5000
361.980000,True,20,COMERCIO,4,MODERADO,41,TIPICO,False,False,False,energiai-v2-seed-42-size-5000
239.410000,True,4,CASA,1,EFICIENTE,14,TIPICO,False,False,False,energiai-v2-seed-42-size-5000
303.200000,False,21,COMERCIO,4,EFICIENTE,25,TIPICO,False,False,False,energiai-v2-seed-42-size-5000
317.570000,False,20,CASA,4,MODERADO,41,TIPICO,False,False,False,energiai-v2-seed-42-size-5000
279.890000,False,14,CASA,2,EFICIENTE,24,TIPICO,False,False,False,energiai-v2-seed-42-size-5000
226.200000,False,4,CASA,4,EFICIENTE,10,TIPICO,False,False,False,energiai-v2-seed-42-size-5000
443.650000,False,22,INDUSTRIA,6,EFICIENTE,14,TIPICO,False,False,False,energiai-v2-seed-42-size-5000
335.640000,True,15,APARTAMENTO,9,INEFICIENTE,86,TIPICO,False,False,False,energiai-v2-seed-42-size-5000
249.080000,False,14,CASA,3,EFICIENTE,23,TIPICO,False,False,False,energiai-v2-seed-42-size-5000
264.530000,True,4,APARTAMENTO,10,MODERADO,53,TIPICO,False,False,False,energiai-v2-seed-42-size-5000
1019.270000,True,29,INDUSTRIA,18,INEFICIENTE,73,TIPICO,False,False,False,energiai-v2-seed-42-size-5000
180.570000,False,4,CASA,2,EFICIENTE,1,TIPICO,False,False,False,energiai-v2-seed-42-size-5000
364.770000,True,24,ESCRITORIO,3,MODERADO,34,TIPICO,False,False,False,energiai-v2-seed-42-size-5000
308.700000,False,22,COMERCIO,3,EFICIENTE,24,TIPICO,False,False,False,energiai-v2-seed-42-size-5000
726.540000,True,23,INDUSTRIA,9,MODERADO,39,TIPICO,False,False,False,energiai-v2-seed-42-size-5000
305.360000,False,15,APARTAMENTO,8,INEFICIENTE,67,TIPICO,False,False,False,energiai-v2-seed-42-size-5000
413.020000,True,22,COMERCIO,5,MODERADO,52,TIPICO,False,False,False,energiai-v2-seed-42-size-5000
411.020000,True,21,CASA,7,INEFICIENTE,74,TIPICO,False,False,False,energiai-v2-seed-42-size-5000
311.460000,True,13,CASA,2,MODERADO,35,TIPICO,False,False,False,energiai-v2-seed-42-size-5000
361.800000,True,16,APARTAMENTO,9,INEFICIENTE,94,TIPICO,False,False,False,energiai-v2-seed-42-size-5000
315.180000,False,18,COMERCIO,3,EFICIENTE,21,TIPICO,False,False,False,energiai-v2-seed-42-size-5000
465.070000,True,17,CASA,12,INEFICIENTE,95,TIPICO,False,False,False,energiai-v2-seed-42-size-5000
247.860000,False,5,CASA,10,EFICIENTE,27,TIPICO,False,False,False,energiai-v2-seed-42-size-5000
261.140000,True,10,CASA,1,EFICIENTE,23,TIPICO,False,False,False,energiai-v2-seed-42-size-5000
519.590000,True,26,COMERCIO,13,INEFICIENTE,99,TIPICO,False,False,False,energiai-v2-seed-42-size-5000
268.370000,False,16,APARTAMENTO,6,MODERADO,54,TIPICO,False,False,False,energiai-v2-seed-42-size-5000
356.360000,True,21,CASA,3,MODERADO,53,TIPICO,False,False,False,energiai-v2-seed-42-size-5000
458.420000,True,22,CASA,8,INEFICIENTE,87,TIPICO,False,False,False,energiai-v2-seed-42-size-5000
454.850000,True,25,COMERCIO,9,INEFICIENTE,74,TIPICO,False,False,False,energiai-v2-seed-42-size-5000
218.190000,False,18,APARTAMENTO,1,MODERADO,31,TIPICO,False,False,False,energiai-v2-seed-42-size-5000
368.940000,True,18,APARTAMENTO,9,INEFICIENTE,99,TIPICO,False,False,False,energiai-v2-seed-42-size-5000
242.640000,False,11,APARTAMENTO,6,MODERADO,40,TIPICO,False,False,False,energiai-v2-seed-42-size-5000
393.940000,True,16,ESCRITORIO,7,MODERADO,41,TIPICO,False,False,False,energiai-v2-seed-42-size-5000
290.700000,False,18,CASA,4,MODERADO,35,TIPICO,False,False,False,energiai-v2-seed-42-size-5000
404.960000,False,18,CASA,9,INEFICIENTE,67,TIPICO,False,False,False,energiai-v2-seed-42-size-5000
280.580000,True,11,APARTAMENTO,7,MODERADO,60,FRONTEIRA,True,False,False,energiai-v2-seed-42-size-5000
187.980000,False,5,CASA,1,EFICIENTE,1,TIPICO,False,False,False,energiai-v2-seed-42-size-5000
402.550000,True,14,CASA,10,INEFICIENTE,73,TIPICO,False,False,False,energiai-v2-seed-42-size-5000
372.070000,False,15,CASA,9,MODERADO,57,TIPICO,False,False,False,energiai-v2-seed-42-size-5000
228.930000,False,6,APARTAMENTO,9,MODERADO,38,TIPICO,False,False,False,energiai-v2-seed-42-size-5000
336.520000,False,8,CASA,12,MODERADO,49,TIPICO,False,False,False,energiai-v2-seed-42-size-5000
324.550000,True,21,CASA,1,MODERADO,43,TIPICO,False,False,False,energiai-v2-seed-42-size-5000
415.140000,False,20,ESCRITORIO,11,MODERADO,49,TIPICO,False,False,False,energiai-v2-seed-42-size-5000
444.150000,True,19,OUTRO,7,MODERADO,51,TIPICO,False,False,False,energiai-v2-seed-42-size-5000
504.580000,True,19,CASA,12,INEFICIENTE,100,TIPICO,False,False,False,energiai-v2-seed-42-size-5000
351.700000,False,22,CASA,6,MODERADO,55,TIPICO,False,False,False,energiai-v2-seed-42-size-5000
482.380000,True,26,COMERCIO,8,INEFICIENTE,76,TIPICO,False,False,False,energiai-v2-seed-42-size-5000
699.100000,True,27,INDUSTRIA,8,MODERADO,38,TIPICO,False,False,False,energiai-v2-seed-42-size-5000
740.750000,True,24,OUTRO,16,INEFICIENTE,100,TIPICO,False,False,False,energiai-v2-seed-42-size-5000
340.330000,True,17,APARTAMENTO,7,INEFICIENTE,83,TIPICO,False,False,False,energiai-v2-seed-42-size-5000
237.360000,True,10,APARTAMENTO,2,MODERADO,35,TIPICO,False,False,False,energiai-v2-seed-42-size-5000
982.090000,True,50,INDUSTRIA,9,INEFICIENTE,64,TIPICO,False,False,False,energiai-v2-seed-42-size-5000
277.970000,True,10,APARTAMENTO,9,INEFICIENTE,64,TIPICO,False,False,False,energiai-v2-seed-42-size-5000
141.280000,False,4,APARTAMENTO,3,EFICIENTE,5,TIPICO,False,False,False,energiai-v2-seed-42-size-5000
166.940000,False,8,APARTAMENTO,1,EFICIENTE,10,TIPICO,False,False,False,energiai-v2-seed-42-size-5000
337.490000,True,17,CASA,3,MODERADO,46,TIPICO,False,False,False,energiai-v2-seed-42-size-5000
582.860000,True,17,OUTRO,12,INEFICIENTE,71,TIPICO,False,False,False,energiai-v2-seed-42-size-5000
451.550000,True,22,CASA,8,INEFICIENTE,86,TIPICO,False,False,False,energiai-v2-seed-42-size-5000
628.300000,False,35,ESCRITORIO,14,INEFICIENTE,95,TIPICO,False,False,False,energiai-v2-seed-42-size-5000
154.470000,False,3,APARTAMENTO,4,EFICIENTE,7,TIPICO,False,False,False,energiai-v2-seed-42-size-5000
402.120000,False,19,COMERCIO,10,MODERADO,52,TIPICO,False,False,False,energiai-v2-seed-42-size-5000
799.100000,False,27,ESCRITORIO,8,INEFICIENTE,73,RARO_EXTREMO,False,True,True,energiai-v2-seed-42-size-5000
220.860000,True,5,APARTAMENTO,19,MODERADO,49,RARO_EXTREMO,False,True,True,energiai-v2-seed-42-size-5000
280.010000,True,17,APARTAMENTO,4,MODERADO,59,TIPICO,False,False,False,energiai-v2-seed-42-size-5000
214.440000,False,14,APARTAMENTO,3,MODERADO,31,FRONTEIRA,True,False,False,energiai-v2-seed-42-size-5000
413.700000,True,13,CASA,11,INEFICIENTE,76,TIPICO,False,False,False,energiai-v2-seed-42-size-5000
417.420000,False,17,INDUSTRIA,5,EFICIENTE,9,TIPICO,False,False,False,energiai-v2-seed-42-size-5000
329.010000,True,10,COMERCIO,4,EFICIENTE,27,TIPICO,False,False,False,energiai-v2-seed-42-size-5000
279.710000,False,6,COMERCIO,5,EFICIENTE,10,TIPICO,False,False,False,energiai-v2-seed-42-size-5000
500.210000,False,5,INDUSTRIA,11,EFICIENTE,16,RARO_EXTREMO,False,True,False,energiai-v2-seed-42-size-5000
220.290000,False,9,ESCRITORIO,5,EFICIENTE,9,TIPICO,False,False,False,energiai-v2-seed-42-size-5000
144.910000,False,7,APARTAMENTO,19,EFICIENTE,28,RARO_EXTREMO,False,True,True,energiai-v2-seed-42-size-5000
282.900000,True,14,APARTAMENTO,4,MODERADO,55,TIPICO,False,False,False,energiai-v2-seed-42-size-5000
249.660000,False,13,APARTAMENTO,5,MODERADO,42,TIPICO,False,False,False,energiai-v2-seed-42-size-5000
179.460000,False,10,APARTAMENTO,1,EFICIENTE,14,TIPICO,False,False,False,energiai-v2-seed-42-size-5000
274.740000,False,14,CASA,5,MODERADO,31,TIPICO,False,False,False,energiai-v2-seed-42-size-5000
271.350000,False,11,CASA,6,EFICIENTE,29,TIPICO,False,False,False,energiai-v2-seed-42-size-5000
243.090000,False,34,CASA,6,MODERADO,41,RARO_EXTREMO,False,True,True,energiai-v2-seed-42-size-5000
301.800000,True,15,APARTAMENTO,6,INEFICIENTE,68,TIPICO,False,False,False,energiai-v2-seed-42-size-5000
1095.060000,True,44,INDUSTRIA,13,INEFICIENTE,75,TIPICO,False,False,False,energiai-v2-seed-42-size-5000
219.780000,False,4,CASA,7,EFICIENTE,15,TIPICO,False,False,False,energiai-v2-seed-42-size-5000
285.270000,False,11,CASA,5,EFICIENTE,28,TIPICO,False,False,False,energiai-v2-seed-42-size-5000
856.750000,True,4,OUTRO,11,INEFICIENTE,74,RARO_EXTREMO,False,True,True,energiai-v2-seed-42-size-5000
251.700000,True,5,APARTAMENTO,10,MODERADO,52,TIPICO,False,False,False,energiai-v2-seed-42-size-5000
71.330000,False,13,APARTAMENTO,4,EFICIENTE,21,RARO_EXTREMO,False,True,True,energiai-v2-seed-42-size-5000
417.710000,True,18,CASA,7,INEFICIENTE,71,TIPICO,False,False,False,energiai-v2-seed-42-size-5000
287.710000,False,4,CASA,12,MODERADO,35,TIPICO,False,False,False,energiai-v2-seed-42-size-5000
413.740000,True,15,CASA,10,INEFICIENTE,76,TIPICO,False,False,False,energiai-v2-seed-42-size-5000
647.920000,True,33,ESCRITORIO,13,INEFICIENTE,100,TIPICO,False,False,False,energiai-v2-seed-42-size-5000
403.850000,False,31,ESCRITORIO,7,MODERADO,45,TIPICO,False,False,False,energiai-v2-seed-42-size-5000
391.310000,True,12,CASA,9,INEFICIENTE,65,TIPICO,False,False,False,energiai-v2-seed-42-size-5000
454.230000,True,15,CASA,12,INEFICIENTE,89,TIPICO,False,False,False,energiai-v2-seed-42-size-5000
334.190000,True,12,COMERCIO,6,MODERADO,34,TIPICO,False,False,False,energiai-v2-seed-42-size-5000
284.320000,False,19,OUTRO,1,EFICIENTE,20,TIPICO,False,False,False,energiai-v2-seed-42-size-5000
355.420000,False,22,ESCRITORIO,6,MODERADO,31,TIPICO,False,False,False,energiai-v2-seed-42-size-5000
280.760000,False,7,COMERCIO,6,EFICIENTE,13,TIPICO,False,False,False,energiai-v2-seed-42-size-5000
180.000000,False,6,ESCRITORIO,4,EFICIENTE,2,TIPICO,False,False,False,energiai-v2-seed-42-size-5000
359.210000,False,19,CASA,7,MODERADO,55,TIPICO,False,False,False,energiai-v2-seed-42-size-5000
274.370000,False,8,COMERCIO,6,EFICIENTE,13,TIPICO,False,False,False,energiai-v2-seed-42-size-5000
418.570000,True,20,CASA,5,INEFICIENTE,67,TIPICO,False,False,False,energiai-v2-seed-42-size-5000
458.320000,True,19,CASA,10,INEFICIENTE,90,TIPICO,False,False,False,energiai-v2-seed-42-size-5000
326.260000,True,17,CASA,3,MODERADO,45,TIPICO,False,False,False,energiai-v2-seed-42-size-5000
279.340000,True,4,CASA,5,EFICIENTE,28,TIPICO,False,False,False,energiai-v2-seed-42-size-5000
346.050000,True,15,APARTAMENTO,10,INEFICIENTE,92,TIPICO,False,False,False,energiai-v2-seed-42-size-5000
307.320000,False,22,OUTRO,1,EFICIENTE,24,TIPICO,False,False,False,energiai-v2-seed-42-size-5000
181.650000,False,8,APARTAMENTO,3,EFICIENTE,17,TIPICO,False,False,False,energiai-v2-seed-42-size-5000
